row_id,normal_mild,moderate,severe
44036939_left_neural_foraminal_narrowing_l1_l2,0.17982503508556474,0.0900230389589141,0.7301519267980978
44036939_left_neural_foraminal_narrowing_l2_l3,0.7301519267980978,0.17982503508556474,0.0900230389589141
44036939_left_neural_foraminal_narrowing_l3_l4,0.7301519267980978,0.17982503508556474,0.0900230389589141
44036939_left_neural_foraminal_narrowing_l4_l5,0.7301519267980978,0.17982503508556474,0.0900230389589141
44036939_left_neural_foraminal_narrowing_l5_s1,0.7301519267980978,0.17982503508556474,0.0900230389589141
44036939_left_subarticular_stenosis_l1_l2,0.7301519267980978,0.17982503508556474,0.0900230389589141
44036939_left_subarticular_stenosis_l2_l3,0.7301519267980978,0.17982503508556474,0.0900230389589141
44036939_left_subarticular_stenosis_l3_l4,0.7301519267980978,0.17982503508556474,0.0900230389589141
44036939_left_subarticular_stenosis_l4_l5,0.7301519267980978,0.17982503508556474,0.0900230389589141
44036939_left_subarticular_stenosis_l5_s1,0.7301519267980978,0.17982503508556474,0.0900230389589141
44036939_right_neural_foraminal_narrowing_l1_l2,0.7301519267980978,0.17982503508556474,0.0900230389589141
44036939_right_neural_foraminal_narrowing_l2_l3,0.7301519267980978,0.17982503508556474,0.0900230389589141
44036939_right_neural_foraminal_narrowing_l3_l4,0.7301519267980978,0.17982503508556474,0.0900230389589141
44036939_right_neural_foraminal_narrowing_l4_l5,0.7301519267980978,0.17982503508556474,0.0900230389589141
44036939_right_neural_foraminal_narrowing_l5_s1,0.7301519267980978,0.17982503508556474,0.0900230389589141
44036939_right_subarticular_stenosis_l1_l2,0.7301519267980978,0.17982503508556474,0.0900230389589141
44036939_right_subarticular_stenosis_l2_l3,0.7301519267980978,0.17982503508556474,0.0900230389589141
44036939_right_subarticular_stenosis_l3_l4,0.7301519267980978,0.17982503508556474,0.0900230389589141
44036939_right_subarticular_stenosis_l4_l5,0.7301519267980978,0.17982503508556474,0.0900230389589141
44036939_right_subarticular_stenosis_l5_s1,0.7301519267980978,0.17982503508556474,0.0900230389589141
44036939_spinal_canal_stenosis_l1_l2,0.9061324596405029,0.09127970784902573,0.002587773371487856
44036939_spinal_canal_stenosis_l2_l3,0.7301519267980978,0.17982503508556474,0.0900230389589141
44036939_spinal_canal_stenosis_l3_l4,0.7301519267980978,0.17982503508556474,0.0900230389589141
44036939_spinal_canal_stenosis_l4_l5,0.7301519267980978,0.17982503508556474,0.0900230389589141
44036939_spinal_canal_stenosis_l5_s1,0.7301519267980978,0.17982503508556474,0.0900230389589141
100206310_left_neural_foraminal_narrowing_l1_l2,0.9790119528770447,0.020810944959521294,0.00017710863903630525
100206310_left_neural_foraminal_narrowing_l2_l3,0.43944674730300903,0.5560500025749207,0.004503251519054174
100206310_left_neural_foraminal_narrowing_l3_l4,0.12508441507816315,0.8394879102706909,0.035427652299404144
100206310_left_neural_foraminal_narrowing_l4_l5,0.01871616020798683,0.39908739924430847,0.5821964144706726
100206310_left_neural_foraminal_narrowing_l5_s1,0.2302662581205368,0.6030347943305969,0.16669899225234985
100206310_left_subarticular_stenosis_l1_l2,0.9061324596405029,0.09127970784902573,0.002587773371487856
100206310_left_subarticular_stenosis_l2_l3,0.23878343403339386,0.6847199201583862,0.0764966681599617
100206310_left_subarticular_stenosis_l3_l4,0.004559545777738094,0.33097806572914124,0.6644623875617981
100206310_left_subarticular_stenosis_l4_l5,3.554767317837104e-05,0.0023500986862927675,0.9976143836975098
100206310_left_subarticular_stenosis_l5_s1,0.003963208757340908,0.2531540095806122,0.7428827881813049
100206310_right_neural_foraminal_narrowing_l1_l2,0.8294882774353027,0.16920822858810425,0.0013034713920205832
100206310_right_neural_foraminal_narrowing_l2_l3,0.717310726642608,0.27312973141670227,0.009559555910527706
100206310_right_neural_foraminal_narrowing_l3_l4,0.19573605060577393,0.7845782041549683,0.019685713574290276
100206310_right_neural_foraminal_narrowing_l4_l5,0.031473491340875626,0.5775707960128784,0.39095574617385864
100206310_right_neural_foraminal_narrowing_l5_s1,0.4001786410808563,0.5188577175140381,0.08096366375684738
100206310_right_subarticular_stenosis_l1_l2,0.8248625993728638,0.170872300863266,0.004265118855983019
100206310_right_subarticular_stenosis_l2_l3,0.22200286388397217,0.6909716129302979,0.08702553063631058
100206310_right_subarticular_stenosis_l3_l4,0.0002053357457043603,0.07328597456216812,0.9265087246894836
100206310_right_subarticular_stenosis_l4_l5,2.8560803912114352e-05,0.002123513724654913,0.9978479146957397
100206310_right_subarticular_stenosis_l5_s1,0.059307072311639786,0.5500279664993286,0.3906649649143219
100206310_spinal_canal_stenosis_l1_l2,0.9969511032104492,0.0028674867935478687,0.00018134262063540518
100206310_spinal_canal_stenosis_l2_l3,0.9033763408660889,0.09329310059547424,0.0033305929973721504
100206310_spinal_canal_stenosis_l3_l4,0.9061324596405029,0.09127970784902573,0.002587773371487856
100206310_spinal_canal_stenosis_l4_l5,0.9061324596405029,0.09127970784902573,0.002587773371487856
100206310_spinal_canal_stenosis_l5_s1,0.9934529662132263,0.005680654663592577,0.0008662829059176147
105895264_left_neural_foraminal_narrowing_l1_l2,0.7983797788619995,0.19900953769683838,0.002610745606943965
105895264_left_neural_foraminal_narrowing_l2_l3,0.08910633623600006,0.8422998785972595,0.06859380751848221
105895264_left_neural_foraminal_narrowing_l3_l4,0.0008414436015300453,0.25013723969459534,0.7490213513374329
105895264_left_neural_foraminal_narrowing_l4_l5,0.48404842615127563,0.5011571049690247,0.014794430695474148
105895264_left_neural_foraminal_narrowing_l5_s1,0.04506062716245651,0.7780402898788452,0.17689916491508484
105895264_left_subarticular_stenosis_l1_l2,0.027276528999209404,0.45913422107696533,0.5135892033576965
105895264_left_subarticular_stenosis_l2_l3,0.0012995073338970542,0.21757520735263824,0.7811253070831299
105895264_left_subarticular_stenosis_l3_l4,0.00030848864116705954,0.07193980365991592,0.9277517795562744
105895264_left_subarticular_stenosis_l4_l5,0.1551002711057663,0.6953074932098389,0.14959222078323364
105895264_left_subarticular_stenosis_l5_s1,0.3612232804298401,0.516437292098999,0.1223394051194191
105895264_right_neural_foraminal_narrowing_l1_l2,0.4731476306915283,0.519202709197998,0.007649681530892849
105895264_right_neural_foraminal_narrowing_l2_l3,0.4437536895275116,0.5477251410484314,0.00852114986628294
105895264_right_neural_foraminal_narrowing_l3_l4,0.2629997730255127,0.7253382802009583,0.011661948636174202
105895264_right_neural_foraminal_narrowing_l4_l5,0.0009385422454215586,0.2563602328300476,0.7427012324333191
105895264_right_neural_foraminal_narrowing_l5_s1,0.00028053735150024295,0.0529027059674263,0.9468167424201965
105895264_right_subarticular_stenosis_l1_l2,0.1294213831424713,0.6395437121391296,0.23103486001491547
105895264_right_subarticular_stenosis_l2_l3,0.03122776374220848,0.5879672169685364,0.38080504536628723
105895264_right_subarticular_stenosis_l3_l4,0.007459880784153938,0.42781442403793335,0.5647256970405579
105895264_right_subarticular_stenosis_l4_l5,0.0076168435625731945,0.2871415913105011,0.7052416205406189
105895264_right_subarticular_stenosis_l5_s1,0.14870217442512512,0.3416178822517395,0.5096799731254578
105895264_spinal_canal_stenosis_l1_l2,0.005677587818354368,0.2686727046966553,0.7256497144699097
105895264_spinal_canal_stenosis_l2_l3,0.0015468422789126635,0.13206470012664795,0.8663884401321411
105895264_spinal_canal_stenosis_l3_l4,0.0012475046096369624,0.06343686580657959,0.9353156089782715
105895264_spinal_canal_stenosis_l4_l5,0.5079641342163086,0.46790412068367004,0.0241317730396986
105895264_spinal_canal_stenosis_l5_s1,0.9998712539672852,6.794150976929814e-05,6.076885256334208e-05
106310815_left_neural_foraminal_narrowing_l1_l2,0.9997827410697937,0.0002086147724185139,8.624409929325338e-06
106310815_left_neural_foraminal_narrowing_l2_l3,0.9936113953590393,0.006338406354188919,5.01611502841115e-05
106310815_left_neural_foraminal_narrowing_l3_l4,0.9982829093933105,0.0016831165412440896,3.3975862606894225e-05
106310815_left_neural_foraminal_narrowing_l4_l5,0.9780357480049133,0.021723756566643715,0.00024050440697465092
106310815_left_neural_foraminal_narrowing_l5_s1,0.9625999927520752,0.03609409183263779,0.001305926707573235
106310815_left_subarticular_stenosis_l1_l2,0.9996206164360046,0.0003183470107614994,6.105453940108418e-05
106310815_left_subarticular_stenosis_l2_l3,0.9981181025505066,0.0017353080911561847,0.00014664739137515426
106310815_left_subarticular_stenosis_l3_l4,0.9972690343856812,0.0025790140498429537,0.0001519000215921551
106310815_left_subarticular_stenosis_l4_l5,0.81267249584198,0.18244904279708862,0.004878454841673374
106310815_left_subarticular_stenosis_l5_s1,0.8519742488861084,0.1394735425710678,0.008552283979952335
106310815_right_neural_foraminal_narrowing_l1_l2,0.9995968341827393,0.0003917217836715281,1.1391908628866076e-05
106310815_right_neural_foraminal_narrowing_l2_l3,0.9990776181221008,0.0009051854722201824,1.7199885405716486e-05
106310815_right_neural_foraminal_narrowing_l3_l4,0.9970005750656128,0.0029597689863294363,3.965959695051424e-05
106310815_right_neural_foraminal_narrowing_l4_l5,0.9879448413848877,0.011926653794944286,0.00012850711937062442
106310815_right_neural_foraminal_narrowing_l5_s1,0.9116382002830505,0.08743876963853836,0.0009230551077052951
106310815_right_subarticular_stenosis_l1_l2,0.9996534585952759,0.000294299068627879,5.226827852311544e-05
106310815_right_subarticular_stenosis_l2_l3,0.9989185929298401,0.0009532348485663533,0.00012815746595151722
106310815_right_subarticular_stenosis_l3_l4,0.9954634308815002,0.004286592360585928,0.00024990728707052767
106310815_right_subarticular_stenosis_l4_l5,0.5880109071731567,0.39784687757492065,0.01414224412292242
106310815_right_subarticular_stenosis_l5_s1,0.9612439274787903,0.037179622799158096,0.0015765109565109015
106310815_spinal_canal_stenosis_l1_l2,0.9999861717224121,8.372846423299052e-06,5.452871391753433e-06
106310815_spinal_canal_stenosis_l2_l3,0.9999674558639526,2.5603267204132862e-05,6.96076813255786e-06
106310815_spinal_canal_stenosis_l3_l4,0.9999582171440125,2.9694148906855844e-05,1.2048422831867356e-05
106310815_spinal_canal_stenosis_l4_l5,0.9999271035194397,5.634794069919735e-05,1.6543057427043095e-05
106310815_spinal_canal_stenosis_l5_s1,0.9991561770439148,0.0005895649082958698,0.000254307669820264
10728036_left_neural_foraminal_narrowing_l1_l2,0.9994396567344666,0.0005354339373297989,2.4957475034170784e-05
10728036_left_neural_foraminal_narrowing_l2_l3,0.990062415599823,0.009808611124753952,0.0001289431529585272
10728036_left_neural_foraminal_narrowing_l3_l4,0.8437398672103882,0.15546157956123352,0.0007985464762896299
10728036_left_neural_foraminal_narrowing_l4_l5,0.4990192949771881,0.49569812417030334,0.005282610654830933
10728036_left_neural_foraminal_narrowing_l5_s1,0.662065863609314,0.3280140459537506,0.009920046664774418
10728036_left_subarticular_stenosis_l1_l2,0.99889075756073,0.0009739079978317022,0.00013534976460505277
10728036_left_subarticular_stenosis_l2_l3,0.7876580953598022,0.20799526572227478,0.004346716217696667
10728036_left_subarticular_stenosis_l3_l4,0.49056747555732727,0.4914649724960327,0.017967471852898598
10728036_left_subarticular_stenosis_l4_l5,0.3883282542228699,0.5712892413139343,0.04038245975971222
10728036_left_subarticular_stenosis_l5_s1,0.4550516605377197,0.5065097808837891,0.0384385772049427
10728036_right_neural_foraminal_narrowing_l1_l2,0.9995909333229065,0.00038685312028974295,2.2169524527271278e-05
10728036_right_neural_foraminal_narrowing_l2_l3,0.9976409673690796,0.0023230118677020073,3.5956440115114674e-05
10728036_right_neural_foraminal_narrowing_l3_l4,0.8707817196846008,0.12869001924991608,0.0005283253267407417
10728036_right_neural_foraminal_narrowing_l4_l5,0.5002427697181702,0.4942972660064697,0.005459940060973167
10728036_right_neural_foraminal_narrowing_l5_s1,0.5617995858192444,0.3908153474330902,0.0473850816488266
10728036_right_subarticular_stenosis_l1_l2,0.9997164011001587,0.00021318848303053528,7.038217154331505e-05
10728036_right_subarticular_stenosis_l2_l3,0.9612933397293091,0.037788283079862595,0.0009183610673062503
10728036_right_subarticular_stenosis_l3_l4,0.5484557151794434,0.43888890743255615,0.012655328027904034
10728036_right_subarticular_stenosis_l4_l5,0.1029096469283104,0.6667042970657349,0.23038604855537415
10728036_right_subarticular_stenosis_l5_s1,0.9527944922447205,0.04385765641927719,0.0033477838151156902
10728036_spinal_canal_stenosis_l1_l2,0.9998747110366821,9.334697824670002e-05,3.2004216336645186e-05
10728036_spinal_canal_stenosis_l2_l3,0.99640291929245,0.003302348544821143,0.0002947066386695951
10728036_spinal_canal_stenosis_l3_l4,0.999483048915863,0.0004444991936907172,7.242975698318332e-05
10728036_spinal_canal_stenosis_l4_l5,0.9981439113616943,0.0016013667918741703,0.0002546118921600282
10728036_spinal_canal_stenosis_l5_s1,0.9998098015785217,0.00013912766007706523,5.104976662551053e-05
107698245_left_neural_foraminal_narrowing_l1_l2,0.9999234676361084,6.636924081249163e-05,1.0170589121116791e-05
107698245_left_neural_foraminal_narrowing_l2_l3,0.9998834133148193,0.00010635697253746912,1.026317295327317e-05
107698245_left_neural_foraminal_narrowing_l3_l4,0.9997531771659851,0.0002354270254727453,1.1449321391410194e-05
107698245_left_neural_foraminal_narrowing_l4_l5,0.9899395704269409,0.009914375841617584,0.0001460643543396145
107698245_left_neural_foraminal_narrowing_l5_s1,0.9746374487876892,0.024747615680098534,0.0006148493266664445
107698245_left_subarticular_stenosis_l1_l2,0.999891996383667,4.273377999197692e-05,6.529028905788437e-05
107698245_left_subarticular_stenosis_l2_l3,0.9998759031295776,6.479099101852626e-05,5.928410610067658e-05
107698245_left_subarticular_stenosis_l3_l4,0.9997298717498779,0.00019975889881607145,7.040023047011346e-05
107698245_left_subarticular_stenosis_l4_l5,0.9485124945640564,0.05017314478754997,0.0013144073309376836
107698245_left_subarticular_stenosis_l5_s1,0.9836276769638062,0.01581437513232231,0.0005580387078225613
107698245_right_neural_foraminal_narrowing_l1_l2,0.9999467730522156,4.634102151612751e-05,6.903918347234139e-06
107698245_right_neural_foraminal_narrowing_l2_l3,0.9999315142631531,6.21513681835495e-05,6.299881079030456e-06
107698245_right_neural_foraminal_narrowing_l3_l4,0.9998500943183899,0.0001427241222700104,7.176268354669446e-06
107698245_right_neural_foraminal_narrowing_l4_l5,0.9969368577003479,0.003009785432368517,5.330611747922376e-05
107698245_right_neural_foraminal_narrowing_l5_s1,0.9951604008674622,0.004692928399890661,0.00014672188262920827
107698245_right_subarticular_stenosis_l1_l2,0.9998921155929565,3.9195496356114745e-05,6.868590571684763e-05
107698245_right_subarticular_stenosis_l2_l3,0.999907910823822,4.899513442069292e-05,4.310586882638745e-05
107698245_right_subarticular_stenosis_l3_l4,0.9998269081115723,0.00012991159746889025,4.313751560403034e-05
107698245_right_subarticular_stenosis_l4_l5,0.9879894852638245,0.011663168668746948,0.0003473156248219311
107698245_right_subarticular_stenosis_l5_s1,0.9944234490394592,0.0052478420548141,0.0003287744184490293
107698245_spinal_canal_stenosis_l1_l2,0.9999852180480957,6.964934982534032e-06,7.823347914381884e-06
107698245_spinal_canal_stenosis_l2_l3,0.9999815821647644,1.1977444955846295e-05,6.419322289730189e-06
107698245_spinal_canal_stenosis_l3_l4,0.999980092048645,1.2963877452421002e-05,6.967614353925455e-06
107698245_spinal_canal_stenosis_l4_l5,0.9999434947967529,4.0167833503801376e-05,1.6379599401261657e-05
107698245_spinal_canal_stenosis_l5_s1,0.9999706149101257,1.6690361007931642e-05,1.2743474144372158e-05
107935613_left_neural_foraminal_narrowing_l1_l2,0.9998925924301147,9.835754462983459e-05,9.088129445444793e-06
107935613_left_neural_foraminal_narrowing_l2_l3,0.9995322823524475,0.00045723910443484783,1.0445596672070678e-05
107935613_left_neural_foraminal_narrowing_l3_l4,0.8862901329994202,0.11328203231096268,0.0004277635889593512
107935613_left_neural_foraminal_narrowing_l4_l5,0.7258957624435425,0.2728589177131653,0.0012454255484044552
107935613_left_neural_foraminal_narrowing_l5_s1,0.9392163753509521,0.0596877783536911,0.0010957862250506878
107935613_left_subarticular_stenosis_l1_l2,0.9998785257339478,5.918283568462357e-05,6.229804421309382e-05
107935613_left_subarticular_stenosis_l2_l3,0.9989820718765259,0.000867912545800209,0.000150004678289406
107935613_left_subarticular_stenosis_l3_l4,0.2328227162361145,0.7107382416725159,0.05643906444311142
107935613_left_subarticular_stenosis_l4_l5,0.652610182762146,0.3363540470600128,0.011035788804292679
107935613_left_subarticular_stenosis_l5_s1,0.9777715802192688,0.021286744624376297,0.0009416621178388596
107935613_right_neural_foraminal_narrowing_l1_l2,0.9999181628227234,7.594235648866743e-05,5.912645974603947e-06
107935613_right_neural_foraminal_narrowing_l2_l3,0.9994688630104065,0.0005226008361205459,8.585010618844535e-06
107935613_right_neural_foraminal_narrowing_l3_l4,0.8756217360496521,0.12393126636743546,0.00044705430627800524
107935613_right_neural_foraminal_narrowing_l4_l5,0.7113051414489746,0.28728586435317993,0.0014089667238295078
107935613_right_neural_foraminal_narrowing_l5_s1,0.9894896745681763,0.010244633071124554,0.00026567172608338296
107935613_right_subarticular_stenosis_l1_l2,0.9999101758003235,4.2459647374926135e-05,4.738535062642768e-05
107935613_right_subarticular_stenosis_l2_l3,0.9985560178756714,0.0013073915615677834,0.00013663090066984296
107935613_right_subarticular_stenosis_l3_l4,0.6642328500747681,0.3288903832435608,0.006876684725284576
107935613_right_subarticular_stenosis_l4_l5,0.9985560178756714,0.0013073915615677834,0.00013663090066984296
107935613_right_subarticular_stenosis_l5_s1,0.9977096915245056,0.0020538903772830963,0.00023645861074328423
107935613_spinal_canal_stenosis_l1_l2,0.9999861121177673,7.232835287140915e-06,6.724236300215125e-06
107935613_spinal_canal_stenosis_l2_l3,0.9999765157699585,1.657579923630692e-05,6.895513706695056e-06
107935613_spinal_canal_stenosis_l3_l4,0.9996963143348694,0.0002686975058168173,3.4879951272159815e-05
107935613_spinal_canal_stenosis_l4_l5,0.9999589323997498,2.7634310754365288e-05,1.3364181540964637e-05
107935613_spinal_canal_stenosis_l5_s1,0.999921441078186,5.2368883189046755e-05,2.622860120027326e-05
108348787_left_neural_foraminal_narrowing_l1_l2,0.9999272227287292,6.569831020897254e-05,7.093489784892881e-06
108348787_left_neural_foraminal_narrowing_l2_l3,0.9999095797538757,8.538082329323515e-05,5.0771914175129496e-06
108348787_left_neural_foraminal_narrowing_l3_l4,0.9990060329437256,0.0009791095508262515,1.4718455531692598e-05
108348787_left_neural_foraminal_narrowing_l4_l5,0.7402055859565735,0.2581367790699005,0.001657655113376677
108348787_left_neural_foraminal_narrowing_l5_s1,0.4650847017765045,0.5126829743385315,0.02223232202231884
108348787_left_subarticular_stenosis_l1_l2,0.9999240040779114,3.589278276194818e-05,4.00863318645861e-05
108348787_left_subarticular_stenosis_l2_l3,0.9998658895492554,8.917049126466736e-05,4.4926873670192435e-05
108348787_left_subarticular_stenosis_l3_l4,0.9987248778343201,0.0011572623625397682,0.0001179042155854404
108348787_left_subarticular_stenosis_l4_l5,0.9999272227287292,6.569831020897254e-05,7.093489784892881e-06
108348787_left_subarticular_stenosis_l5_s1,0.04188999533653259,0.4850957989692688,0.47301429510116577
108348787_right_neural_foraminal_narrowing_l1_l2,0.9998957514762878,9.402907016919926e-05,1.0232972272206098e-05
108348787_right_neural_foraminal_narrowing_l2_l3,0.9998056888580322,0.00018263129459228367,1.1649469342955854e-05
108348787_right_neural_foraminal_narrowing_l3_l4,0.9976842999458313,0.0022743542212992907,4.137934956816025e-05
108348787_right_neural_foraminal_narrowing_l4_l5,0.9985560178756714,0.0013073915615677834,0.00013663090066984296
108348787_right_neural_foraminal_narrowing_l5_s1,0.9771081805229187,0.02242172509431839,0.00047007828834466636
108348787_right_subarticular_stenosis_l1_l2,0.9998869299888611,6.431094516301528e-05,4.877475294051692e-05
108348787_right_subarticular_stenosis_l2_l3,0.999809980392456,0.00013713850057683885,5.289838736644015e-05
108348787_right_subarticular_stenosis_l3_l4,0.99759840965271,0.002231765538454056,0.00016988599963951856
108348787_right_subarticular_stenosis_l4_l5,0.9985560178756714,0.0013073915615677834,0.00013663090066984296
108348787_right_subarticular_stenosis_l5_s1,0.971402645111084,0.027465159073472023,0.0011321413330733776
108348787_spinal_canal_stenosis_l1_l2,0.9999892115592957,6.364087312249467e-06,4.446578714123461e-06
108348787_spinal_canal_stenosis_l2_l3,0.9999891519546509,7.017687494226266e-06,3.780622819249402e-06
108348787_spinal_canal_stenosis_l3_l4,0.9999853372573853,9.696192137198523e-06,4.994689334125724e-06
108348787_spinal_canal_stenosis_l4_l5,0.9998996257781982,8.132697257678956e-05,1.9073375369771384e-05
108348787_spinal_canal_stenosis_l5_s1,0.04188999533653259,0.4850957989692688,0.47301429510116577
109454808_left_neural_foraminal_narrowing_l1_l2,0.9998253583908081,0.00015866335888858885,1.6001453332137316e-05
109454808_left_neural_foraminal_narrowing_l2_l3,0.999571681022644,0.00041532618342898786,1.300057556363754e-05
109454808_left_neural_foraminal_narrowing_l3_l4,0.9912521839141846,0.008674162440001965,7.364385965047404e-05
109454808_left_neural_foraminal_narrowing_l4_l5,0.9985560178756714,0.0013073915615677834,0.00013663090066984296
109454808_left_neural_foraminal_narrowing_l5_s1,0.3497946560382843,0.6348001956939697,0.015405170619487762
109454808_left_subarticular_stenosis_l1_l2,0.9998587369918823,7.874946459196508e-05,6.251299782888964e-05
109454808_left_subarticular_stenosis_l2_l3,0.9997431635856628,0.00021708021813537925,3.969680255977437e-05
109454808_left_subarticular_stenosis_l3_l4,0.9937412738800049,0.005969118792563677,0.00028958337497897446
109454808_left_subarticular_stenosis_l4_l5,0.7999184727668762,0.1942232996225357,0.005858207121491432
109454808_left_subarticular_stenosis_l5_s1,0.875626266002655,0.11956071108579636,0.004813001025468111
109454808_right_neural_foraminal_narrowing_l1_l2,0.9998224377632141,0.0001649502373766154,1.2618148502951954e-05
109454808_right_neural_foraminal_narrowing_l2_l3,0.9996538758277893,0.00033582051401026547,1.0387741895101499e-05
109454808_right_neural_foraminal_narrowing_l3_l4,0.9940313696861267,0.005918528418987989,5.00873829878401e-05
109454808_right_neural_foraminal_narrowing_l4_l5,0.303322970867157,0.6906052231788635,0.006071784999221563
109454808_right_neural_foraminal_narrowing_l5_s1,0.5369147658348083,0.45547258853912354,0.007612716872245073
109454808_right_subarticular_stenosis_l1_l2,0.9998752474784851,7.83417490310967e-05,4.644265936804004e-05
109454808_right_subarticular_stenosis_l2_l3,0.9997197389602661,0.00024011783534660935,4.007489769719541e-05
109454808_right_subarticular_stenosis_l3_l4,0.9952967166900635,0.004474416375160217,0.00022886547958478332
109454808_right_subarticular_stenosis_l4_l5,0.6403765678405762,0.34594202041625977,0.01368140708655119
109454808_right_subarticular_stenosis_l5_s1,0.9134985208511353,0.08221137523651123,0.004290066659450531
109454808_spinal_canal_stenosis_l1_l2,0.9999913573265076,3.8593789213337e-06,4.730867203761591e-06
109454808_spinal_canal_stenosis_l2_l3,0.99998939037323,6.641338131885277e-06,3.989625838585198e-06
109454808_spinal_canal_stenosis_l3_l4,0.03900987282395363,0.8495734333992004,0.11141664534807205
109454808_spinal_canal_stenosis_l4_l5,0.9999646544456482,2.239806781290099e-05,1.2954163139511365e-05
109454808_spinal_canal_stenosis_l5_s1,0.9999885559082031,6.060391115170205e-06,5.375096861826023e-06
109677683_left_neural_foraminal_narrowing_l1_l2,0.9997013807296753,0.00028567432309500873,1.2934234291606117e-05
109677683_left_neural_foraminal_narrowing_l2_l3,0.9370582103729248,0.06256391108036041,0.00037790765054523945
109677683_left_neural_foraminal_narrowing_l3_l4,0.2706930637359619,0.7227094769477844,0.006597497500479221
109677683_left_neural_foraminal_narrowing_l4_l5,0.03900987282395363,0.8495734333992004,0.11141664534807205
109677683_left_neural_foraminal_narrowing_l5_s1,0.0015964116901159286,0.24426017701625824,0.7541433572769165
109677683_left_subarticular_stenosis_l1_l2,0.9999068975448608,5.3135197958908975e-05,3.998522515757941e-05
109677683_left_subarticular_stenosis_l2_l3,0.9760468006134033,0.02345890924334526,0.0004943667445331812
109677683_left_subarticular_stenosis_l3_l4,0.7628964185714722,0.2311600297689438,0.005943564232438803
109677683_left_subarticular_stenosis_l4_l5,0.0319678895175457,0.525730550289154,0.44230157136917114
109677683_left_subarticular_stenosis_l5_s1,0.5778042674064636,0.35958588123321533,0.06260989606380463
109677683_right_neural_foraminal_narrowing_l1_l2,0.9998664259910583,0.00012453316594474018,9.031903573486488e-06
109677683_right_neural_foraminal_narrowing_l2_l3,0.9793919920921326,0.02048316039144993,0.00012487691128626466
109677683_right_neural_foraminal_narrowing_l3_l4,0.48589664697647095,0.5124831795692444,0.0016202389961108565
109677683_right_neural_foraminal_narrowing_l4_l5,0.012763714417815208,0.8067072033882141,0.18052905797958374
109677683_right_neural_foraminal_narrowing_l5_s1,0.002939648926258087,0.39919790625572205,0.5978624820709229
109677683_right_subarticular_stenosis_l1_l2,0.9998934864997864,5.87037684454117e-05,4.782972246175632e-05
109677683_right_subarticular_stenosis_l2_l3,0.9638672471046448,0.0354122593998909,0.0007205757428891957
109677683_right_subarticular_stenosis_l3_l4,0.6948361992835999,0.2983646094799042,0.0067992559634149075
109677683_right_subarticular_stenosis_l4_l5,0.03695119544863701,0.5403610467910767,0.4226877689361572
109677683_right_subarticular_stenosis_l5_s1,0.6000388264656067,0.3521392345428467,0.04782193526625633
109677683_spinal_canal_stenosis_l1_l2,0.03900987282395363,0.8495734333992004,0.11141664534807205
109677683_spinal_canal_stenosis_l2_l3,0.9999738931655884,2.089724330289755e-05,5.244526164460694e-06
109677683_spinal_canal_stenosis_l3_l4,0.9999234676361084,6.68197390041314e-05,9.596991731086746e-06
109677683_spinal_canal_stenosis_l4_l5,0.9067262411117554,0.08786343038082123,0.005410332232713699
109677683_spinal_canal_stenosis_l5_s1,0.9999441504478455,3.6728280974784866e-05,1.9090788555331528e-05
110271740_left_neural_foraminal_narrowing_l1_l2,0.9999018907546997,9.138664609054103e-05,6.7324613155506086e-06
110271740_left_neural_foraminal_narrowing_l2_l3,0.9998035430908203,0.00018929994257632643,7.152219950512517e-06
110271740_left_neural_foraminal_narrowing_l3_l4,0.9907883405685425,0.009130331687629223,8.124464511638507e-05
110271740_left_neural_foraminal_narrowing_l4_l5,0.805045485496521,0.19289153814315796,0.0020630396902561188
110271740_left_neural_foraminal_narrowing_l5_s1,0.7321516275405884,0.2627140283584595,0.005134452600032091
110271740_left_subarticular_stenosis_l1_l2,0.9998172521591187,9.58561067818664e-05,8.69131981744431e-05
110271740_left_subarticular_stenosis_l2_l3,0.9995481967926025,0.00036804741830565035,8.37153711472638e-05
110271740_left_subarticular_stenosis_l3_l4,0.9851256608963013,0.014418719336390495,0.00045562992454506457
110271740_left_subarticular_stenosis_l4_l5,0.22438010573387146,0.6781670451164246,0.09745283424854279
110271740_left_subarticular_stenosis_l5_s1,0.9585369229316711,0.039348747581243515,0.002114291535690427
110271740_right_neural_foraminal_narrowing_l1_l2,0.9998947381973267,9.819598199101165e-05,7.069150797178736e-06
110271740_right_neural_foraminal_narrowing_l2_l3,0.9997923970222473,0.00019963567319791764,8.023524060263298e-06
110271740_right_neural_foraminal_narrowing_l3_l4,0.9983254671096802,0.001644293894059956,3.022653254447505e-05
110271740_right_neural_foraminal_narrowing_l4_l5,0.9774138927459717,0.022215068340301514,0.0003709393204189837
110271740_right_neural_foraminal_narrowing_l5_s1,0.5425496697425842,0.44442299008369446,0.01302740816026926
110271740_right_subarticular_stenosis_l1_l2,0.999782383441925,0.0001297501876251772,8.78351493156515e-05
110271740_right_subarticular_stenosis_l2_l3,0.9997071623802185,0.0002337932091904804,5.912622873438522e-05
110271740_right_subarticular_stenosis_l3_l4,0.9981607794761658,0.001729687675833702,0.00010951774311251938
110271740_right_subarticular_stenosis_l4_l5,0.539475679397583,0.43676456809043884,0.023759810253977776
110271740_right_subarticular_stenosis_l5_s1,0.7913307547569275,0.1972028762102127,0.011466359719634056
110271740_spinal_canal_stenosis_l1_l2,0.04188999533653259,0.4850957989692688,0.47301429510116577
110271740_spinal_canal_stenosis_l2_l3,0.9997785687446594,0.00018589226237963885,3.550811015884392e-05
110271740_spinal_canal_stenosis_l3_l4,0.9998517036437988,0.00012579445319715887,2.247420525236521e-05
110271740_spinal_canal_stenosis_l4_l5,0.9817272424697876,0.016446536406874657,0.0018262715311720967
110271740_spinal_canal_stenosis_l5_s1,0.9672938585281372,0.027834223583340645,0.004871842917054892
111701877_left_neural_foraminal_narrowing_l1_l2,0.9995140433311462,0.00046609039418399334,1.9758776033995673e-05
111701877_left_neural_foraminal_narrowing_l2_l3,0.9967768788337708,0.003172020660713315,5.1045870350208133e-05
111701877_left_neural_foraminal_narrowing_l3_l4,0.9334744811058044,0.06630907952785492,0.00021643855143338442
111701877_left_neural_foraminal_narrowing_l4_l5,0.6034709215164185,0.39309877157211304,0.003430283395573497
111701877_left_neural_foraminal_narrowing_l5_s1,0.9125412106513977,0.08547066897153854,0.001988191856071353
111701877_left_subarticular_stenosis_l1_l2,0.9991971254348755,0.0007219865801744163,8.083335706032813e-05
111701877_left_subarticular_stenosis_l2_l3,0.9855114221572876,0.014135794714093208,0.00035274584661237895
111701877_left_subarticular_stenosis_l3_l4,0.8949266076087952,0.10344424098730087,0.0016291507054120302
111701877_left_subarticular_stenosis_l4_l5,0.003608394181355834,0.32656192779541016,0.6698296666145325
111701877_left_subarticular_stenosis_l5_s1,0.2979063391685486,0.5661919116973877,0.13590176403522491
111701877_right_neural_foraminal_narrowing_l1_l2,0.9998075366020203,0.00018154917052015662,1.102494843507884e-05
111701877_right_neural_foraminal_narrowing_l2_l3,0.9982923865318298,0.0016820513410493731,2.555130049586296e-05
111701877_right_neural_foraminal_narrowing_l3_l4,0.8134092092514038,0.18584303557872772,0.000747754005715251
111701877_right_neural_foraminal_narrowing_l4_l5,0.7900357246398926,0.2080429196357727,0.001921433606185019
111701877_right_neural_foraminal_narrowing_l5_s1,0.9896489977836609,0.010065668262541294,0.00028538561309687793
111701877_right_subarticular_stenosis_l1_l2,0.9998353719711304,0.0001210915797855705,4.349203300080262e-05
111701877_right_subarticular_stenosis_l2_l3,0.9972192049026489,0.002687100088223815,9.37226286623627e-05
111701877_right_subarticular_stenosis_l3_l4,0.5762863159179688,0.4120666980743408,0.011647017672657967
111701877_right_subarticular_stenosis_l4_l5,0.006470754276961088,0.4108946919441223,0.5826345682144165
111701877_right_subarticular_stenosis_l5_s1,0.49909457564353943,0.4603644609451294,0.04054095223546028
111701877_spinal_canal_stenosis_l1_l2,0.04188999533653259,0.4850957989692688,0.47301429510116577
111701877_spinal_canal_stenosis_l2_l3,0.999967098236084,2.15774944081204e-05,1.1362004443071783e-05
111701877_spinal_canal_stenosis_l3_l4,0.999956488609314,3.1916879379423335e-05,1.1573475603654515e-05
111701877_spinal_canal_stenosis_l4_l5,0.9991896748542786,0.0006645129760727286,0.00014586318866349757
111701877_spinal_canal_stenosis_l5_s1,0.9996246695518494,0.0002831762540154159,9.20798338484019e-05
112166434_left_neural_foraminal_narrowing_l1_l2,0.9988357424736023,0.0011411503655835986,2.3148311811382882e-05
112166434_left_neural_foraminal_narrowing_l2_l3,0.9995993971824646,0.00038770821993239224,1.2823485121771228e-05
112166434_left_neural_foraminal_narrowing_l3_l4,0.9623529314994812,0.03738964721560478,0.0002574865357019007
112166434_left_neural_foraminal_narrowing_l4_l5,0.6766878962516785,0.3211982548236847,0.0021138694137334824
112166434_left_neural_foraminal_narrowing_l5_s1,0.7130911946296692,0.282082200050354,0.004826633259654045
112166434_left_subarticular_stenosis_l1_l2,0.998293936252594,0.0015589467948302627,0.0001470881688874215
112166434_left_subarticular_stenosis_l2_l3,0.9996650815010071,0.0002629512164276093,7.197039667516947e-05
112166434_left_subarticular_stenosis_l3_l4,0.7865390181541443,0.20894533395767212,0.004515566397458315
112166434_left_subarticular_stenosis_l4_l5,0.029640192165970802,0.6034393906593323,0.36692047119140625
112166434_left_subarticular_stenosis_l5_s1,0.29153016209602356,0.6334517002105713,0.07501806318759918
112166434_right_neural_foraminal_narrowing_l1_l2,0.9971960186958313,0.00274255801923573,6.143740756670013e-05
112166434_right_neural_foraminal_narrowing_l2_l3,0.9995241165161133,0.0004587576841004193,1.7040112652466632e-05
112166434_right_neural_foraminal_narrowing_l3_l4,0.9344708323478699,0.06519516557455063,0.00033403668203391135
112166434_right_neural_foraminal_narrowing_l4_l5,0.394823282957077,0.597172737121582,0.00800407025963068
112166434_right_neural_foraminal_narrowing_l5_s1,0.779877245426178,0.2169005572795868,0.0032221919391304255
112166434_right_subarticular_stenosis_l1_l2,0.9481447339057922,0.05038341507315636,0.001471786410547793
112166434_right_subarticular_stenosis_l2_l3,0.9995304942131042,0.0003722833935171366,9.723532275529578e-05
112166434_right_subarticular_stenosis_l3_l4,0.8083512187004089,0.1885894387960434,0.003059414913877845
112166434_right_subarticular_stenosis_l4_l5,0.08590836077928543,0.6968678832054138,0.21722368896007538
112166434_right_subarticular_stenosis_l5_s1,0.22054646909236908,0.6470797061920166,0.13237378001213074
112166434_spinal_canal_stenosis_l1_l2,0.9999815225601196,1.2718109246634413e-05,5.7650609051052015e-06
112166434_spinal_canal_stenosis_l2_l3,0.9999881982803345,7.487332823075121e-06,4.253783572494285e-06
112166434_spinal_canal_stenosis_l3_l4,0.999951958656311,3.481523162918165e-05,1.3251175914774649e-05
112166434_spinal_canal_stenosis_l4_l5,0.04188999533653259,0.4850957989692688,0.47301429510116577
112166434_spinal_canal_stenosis_l5_s1,0.9995070099830627,0.0003842059231828898,0.0001087217460735701
113121178_left_neural_foraminal_narrowing_l1_l2,0.9997434020042419,0.00024578103329986334,1.0826829566212837e-05
113121178_left_neural_foraminal_narrowing_l2_l3,0.958932638168335,0.040600020438432693,0.00046732896589674056
113121178_left_neural_foraminal_narrowing_l3_l4,0.9720518589019775,0.027725204825401306,0.00022289311164058745
113121178_left_neural_foraminal_narrowing_l4_l5,0.48179352283477783,0.5068214535713196,0.011385021731257439
113121178_left_neural_foraminal_narrowing_l5_s1,0.8452227711677551,0.15026073157787323,0.004516554065048695
113121178_left_subarticular_stenosis_l1_l2,0.03900987282395363,0.8495734333992004,0.11141664534807205
113121178_left_subarticular_stenosis_l2_l3,0.5423669219017029,0.43585988879203796,0.02177322655916214
113121178_left_subarticular_stenosis_l3_l4,0.7218414545059204,0.27113237977027893,0.007026084698736668
113121178_left_subarticular_stenosis_l4_l5,0.00014159591228235513,0.0386020764708519,0.9612563848495483
113121178_left_subarticular_stenosis_l5_s1,0.8657413721084595,0.12804840505123138,0.006210277322679758
113121178_right_neural_foraminal_narrowing_l1_l2,0.9992300868034363,0.0007512816227972507,1.8624801668920554e-05
113121178_right_neural_foraminal_narrowing_l2_l3,0.9698187112808228,0.029887504875659943,0.00029372755670920014
113121178_right_neural_foraminal_narrowing_l3_l4,0.8791548609733582,0.1198304072022438,0.0010147091234102845
113121178_right_neural_foraminal_narrowing_l4_l5,0.0838073268532753,0.7582794427871704,0.1579132378101349
113121178_right_neural_foraminal_narrowing_l5_s1,0.801555335521698,0.18773232400417328,0.01071225292980671
113121178_right_subarticular_stenosis_l1_l2,0.9940328598022461,0.005687203723937273,0.00027996202697977424
113121178_right_subarticular_stenosis_l2_l3,0.8034228682518005,0.1915668398141861,0.0050103128887712955
113121178_right_subarticular_stenosis_l3_l4,0.7003243565559387,0.29118144512176514,0.008494284003973007
113121178_right_subarticular_stenosis_l4_l5,0.00020683019829448313,0.045434825122356415,0.9543583393096924
113121178_right_subarticular_stenosis_l5_s1,0.8712650537490845,0.12102749198675156,0.007707486394792795
113121178_spinal_canal_stenosis_l1_l2,0.9998998641967773,8.677964797243476e-05,1.3370804481382947e-05
113121178_spinal_canal_stenosis_l2_l3,0.6247568726539612,0.36906880140304565,0.0061743371188640594
113121178_spinal_canal_stenosis_l3_l4,0.8968073725700378,0.0995137020945549,0.0036790098529309034
113121178_spinal_canal_stenosis_l4_l5,0.9998998641967773,8.677964797243476e-05,1.3370804481382947e-05
113121178_spinal_canal_stenosis_l5_s1,0.9998902082443237,7.664928125450388e-05,3.308113809907809e-05
11340341_left_neural_foraminal_narrowing_l1_l2,0.9998924136161804,9.815694647841156e-05,9.435148967895657e-06
11340341_left_neural_foraminal_narrowing_l2_l3,0.9985942840576172,0.0013888658722862601,1.687900657998398e-05
11340341_left_neural_foraminal_narrowing_l3_l4,0.6957330107688904,0.3018626570701599,0.0024042834993451834
11340341_left_neural_foraminal_narrowing_l4_l5,0.5078386664390564,0.48257941007614136,0.00958193652331829
11340341_left_neural_foraminal_narrowing_l5_s1,0.9080550074577332,0.08923572301864624,0.00270927045494318
11340341_left_subarticular_stenosis_l1_l2,0.9999139904975891,4.228227408020757e-05,4.3743260903283954e-05
11340341_left_subarticular_stenosis_l2_l3,0.9994209408760071,0.0005204862682148814,5.855983545188792e-05
11340341_left_subarticular_stenosis_l3_l4,0.6022286415100098,0.38838520646095276,0.009386126883327961
11340341_left_subarticular_stenosis_l4_l5,0.12319032847881317,0.6514292359352112,0.22538040578365326
11340341_left_subarticular_stenosis_l5_s1,0.9886544942855835,0.010808441787958145,0.0005370949511416256
11340341_right_neural_foraminal_narrowing_l1_l2,0.9998311996459961,0.0001561713288538158,1.2658891137107275e-05
11340341_right_neural_foraminal_narrowing_l2_l3,0.9987857341766357,0.0011910756584256887,2.3278324079001322e-05
11340341_right_neural_foraminal_narrowing_l3_l4,0.5611511468887329,0.4351728558540344,0.003676071297377348
11340341_right_neural_foraminal_narrowing_l4_l5,0.44811198115348816,0.5387207269668579,0.01316735241562128
11340341_right_neural_foraminal_narrowing_l5_s1,0.969800591468811,0.02926897071301937,0.000930552720092237
11340341_right_subarticular_stenosis_l1_l2,0.9998733401298523,7.736120460322127e-05,4.929790520691313e-05
11340341_right_subarticular_stenosis_l2_l3,0.9995353817939758,0.00040583391091786325,5.879685340914875e-05
11340341_right_subarticular_stenosis_l3_l4,0.26560354232788086,0.6830689907073975,0.05132744833827019
11340341_right_subarticular_stenosis_l4_l5,0.24439279735088348,0.6513440608978271,0.10426317155361176
11340341_right_subarticular_stenosis_l5_s1,0.9978158473968506,0.0020008774008601904,0.00018331462342757732
11340341_spinal_canal_stenosis_l1_l2,0.9998998641967773,8.677964797243476e-05,1.3370804481382947e-05
11340341_spinal_canal_stenosis_l2_l3,0.9999893307685852,7.1385325099981856e-06,3.4774911910062656e-06
11340341_spinal_canal_stenosis_l3_l4,0.9998974204063416,8.374645403819159e-05,1.887785219878424e-05
11340341_spinal_canal_stenosis_l4_l5,0.9998683333396912,0.00011070996697526425,2.1038262275396846e-05
11340341_spinal_canal_stenosis_l5_s1,0.999984622001648,5.531167062144959e-06,9.857877557806205e-06
113758629_left_neural_foraminal_narrowing_l1_l2,0.9998629689216614,0.00012876624532509595,8.25361621537013e-06
113758629_left_neural_foraminal_narrowing_l2_l3,0.9992119073867798,0.0007652792846783996,2.2926675228518434e-05
113758629_left_neural_foraminal_narrowing_l3_l4,0.9192487597465515,0.08013010025024414,0.0006211093859747052
113758629_left_neural_foraminal_narrowing_l4_l5,0.5519322156906128,0.43053627014160156,0.017531491816043854
113758629_left_neural_foraminal_narrowing_l5_s1,0.6146596074104309,0.3347640931606293,0.050576239824295044
113758629_left_subarticular_stenosis_l1_l2,0.9997509121894836,0.00018980627646669745,5.931959822191857e-05
113758629_left_subarticular_stenosis_l2_l3,0.9998292326927185,0.00013406656216830015,3.6704263038700446e-05
113758629_left_subarticular_stenosis_l3_l4,0.9961661696434021,0.0036606008652597666,0.00017325310909654945
113758629_left_subarticular_stenosis_l4_l5,0.8292143940925598,0.15985526144504547,0.010930373333394527
113758629_left_subarticular_stenosis_l5_s1,0.9310922026634216,0.06182348355650902,0.007084254641085863
113758629_right_neural_foraminal_narrowing_l1_l2,0.9998495578765869,0.00013481537462212145,1.5618406905559823e-05
113758629_right_neural_foraminal_narrowing_l2_l3,0.9997346997261047,0.0002519448462408036,1.3392290384217631e-05
113758629_right_neural_foraminal_narrowing_l3_l4,0.9754406809806824,0.024341875687241554,0.00021745910635218024
113758629_right_neural_foraminal_narrowing_l4_l5,0.33080536127090454,0.6540876030921936,0.015107076615095139
113758629_right_neural_foraminal_narrowing_l5_s1,0.825982928276062,0.1689334660768509,0.005083681084215641
113758629_right_subarticular_stenosis_l1_l2,0.999830424785614,0.00010762664896901697,6.191056309035048e-05
113758629_right_subarticular_stenosis_l2_l3,0.9998549222946167,0.00011070811888203025,3.438174462644383e-05
113758629_right_subarticular_stenosis_l3_l4,0.9962522387504578,0.003548208624124527,0.00019952836737502366
113758629_right_subarticular_stenosis_l4_l5,0.9146503210067749,0.07945504039525986,0.0058947051875293255
113758629_right_subarticular_stenosis_l5_s1,0.8180959820747375,0.1707410216331482,0.011162918992340565
113758629_spinal_canal_stenosis_l1_l2,0.031234215945005417,0.430774986743927,0.5379908084869385
113758629_spinal_canal_stenosis_l2_l3,0.9999907612800598,4.8227739171124995e-06,4.354444627097109e-06
113758629_spinal_canal_stenosis_l3_l4,0.9999938011169434,2.6661637093639e-06,3.544357696227962e-06
113758629_spinal_canal_stenosis_l4_l5,0.9999902248382568,4.655546945286915e-06,5.07605773236719e-06
113758629_spinal_canal_stenosis_l5_s1,0.9999825358390808,1.0799983101605903e-05,6.6791385506803636e-06
114899184_left_neural_foraminal_narrowing_l1_l2,0.9998905658721924,0.00010207577724941075,7.406633358186809e-06
114899184_left_neural_foraminal_narrowing_l2_l3,0.9936643838882446,0.006287218537181616,4.840410110773519e-05
114899184_left_neural_foraminal_narrowing_l3_l4,0.8900584578514099,0.10937914252281189,0.0005623670876957476
114899184_left_neural_foraminal_narrowing_l4_l5,0.9756051301956177,0.0239742249250412,0.0004207259917166084
114899184_left_neural_foraminal_narrowing_l5_s1,0.031234215945005417,0.430774986743927,0.5379908084869385
114899184_left_subarticular_stenosis_l1_l2,0.9999140501022339,5.507596142706461e-05,3.0884264560882e-05
114899184_left_subarticular_stenosis_l2_l3,0.997637152671814,0.002261447487398982,0.00010133733303518966
114899184_left_subarticular_stenosis_l3_l4,0.9564139246940613,0.04189182445406914,0.0016943129012361169
114899184_left_subarticular_stenosis_l4_l5,0.9920306205749512,0.007638668641448021,0.0003307212609797716
114899184_left_subarticular_stenosis_l5_s1,0.8632217049598694,0.1235899105668068,0.013188413344323635
114899184_right_neural_foraminal_narrowing_l1_l2,0.9998781681060791,0.00010889977420447394,1.292512479267316e-05
114899184_right_neural_foraminal_narrowing_l2_l3,0.9992052912712097,0.000772277417127043,2.242794471385423e-05
114899184_right_neural_foraminal_narrowing_l3_l4,0.912399172782898,0.08692461997270584,0.0006761637050658464
114899184_right_neural_foraminal_narrowing_l4_l5,0.9851906895637512,0.014446471817791462,0.0003627328551374376
114899184_right_neural_foraminal_narrowing_l5_s1,0.020823992788791656,0.38731294870376587,0.5918629765510559
114899184_right_subarticular_stenosis_l1_l2,0.9999330639839172,3.627682599471882e-05,3.060864764847793e-05
114899184_right_subarticular_stenosis_l2_l3,0.999603807926178,0.0003490926173981279,4.705641549662687e-05
114899184_right_subarticular_stenosis_l3_l4,0.916651725769043,0.08018982410430908,0.003158377716317773
114899184_right_subarticular_stenosis_l4_l5,0.9946075081825256,0.00516206631436944,0.00023044059344101697
114899184_right_subarticular_stenosis_l5_s1,0.7905572056770325,0.18266251683235168,0.026780182495713234
114899184_spinal_canal_stenosis_l1_l2,0.9999939799308777,2.54667293120292e-06,3.454215402598493e-06
114899184_spinal_canal_stenosis_l2_l3,0.9999935030937195,3.4243289519508835e-06,3.087032609982998e-06
114899184_spinal_canal_stenosis_l3_l4,0.9999768137931824,1.4976658349041827e-05,8.259373316832352e-06
114899184_spinal_canal_stenosis_l4_l5,0.9999918341636658,3.88058060707408e-06,4.2735046008601785e-06
114899184_spinal_canal_stenosis_l5_s1,0.9999852776527405,7.011773504927987e-06,7.68684458307689e-06
115990621_left_neural_foraminal_narrowing_l1_l2,0.9992074966430664,0.0007755157421343029,1.7094265785999596e-05
115990621_left_neural_foraminal_narrowing_l2_l3,0.9248179793357849,0.07482254505157471,0.0003595305315684527
115990621_left_neural_foraminal_narrowing_l3_l4,0.9250313639640808,0.07464759051799774,0.00032105992431752384
115990621_left_neural_foraminal_narrowing_l4_l5,0.31490030884742737,0.6782980561256409,0.006801650393754244
115990621_left_neural_foraminal_narrowing_l5_s1,0.5581395030021667,0.4310061037540436,0.010854382999241352
115990621_left_subarticular_stenosis_l1_l2,0.9986928701400757,0.0011788532137870789,0.00012822955613955855
115990621_left_subarticular_stenosis_l2_l3,0.5618577003479004,0.4260488450527191,0.01209344994276762
115990621_left_subarticular_stenosis_l3_l4,0.5483119487762451,0.440623015165329,0.011064993217587471
115990621_left_subarticular_stenosis_l4_l5,0.029285168275237083,0.6110907196998596,0.3596240282058716
115990621_left_subarticular_stenosis_l5_s1,0.8935510516166687,0.1015351265668869,0.004913820885121822
115990621_right_neural_foraminal_narrowing_l1_l2,0.999342679977417,0.0006403555162250996,1.7029387890943326e-05
115990621_right_neural_foraminal_narrowing_l2_l3,0.9268635511398315,0.07286056131124496,0.00027584820054471493
115990621_right_neural_foraminal_narrowing_l3_l4,0.7124472260475159,0.2864951193332672,0.001057663350366056
115990621_right_neural_foraminal_narrowing_l4_l5,0.2791599929332733,0.7146388292312622,0.006201162934303284
115990621_right_neural_foraminal_narrowing_l5_s1,0.06670381128787994,0.8451316356658936,0.08816453069448471
115990621_right_subarticular_stenosis_l1_l2,0.999076783657074,0.000806884840130806,0.00011636041745077819
115990621_right_subarticular_stenosis_l2_l3,0.6990777850151062,0.2937737703323364,0.007148460019379854
115990621_right_subarticular_stenosis_l3_l4,0.4562351405620575,0.5252471566200256,0.01851770281791687
115990621_right_subarticular_stenosis_l4_l5,0.0445922315120697,0.6634433269500732,0.29196447134017944
115990621_right_subarticular_stenosis_l5_s1,0.30735185742378235,0.5961705446243286,0.09647762775421143
115990621_spinal_canal_stenosis_l1_l2,0.9993142485618591,0.0005981899448670447,8.763663208810613e-05
115990621_spinal_canal_stenosis_l2_l3,0.9848423004150391,0.014612773433327675,0.0005448217852972448
115990621_spinal_canal_stenosis_l3_l4,0.9974140524864197,0.002402770798653364,0.00018311005260329694
115990621_spinal_canal_stenosis_l4_l5,0.9930176138877869,0.006541918031871319,0.00044042887748219073
115990621_spinal_canal_stenosis_l5_s1,0.9999015927314758,6.830072379671037e-05,3.0147781217237934e-05
117720278_left_neural_foraminal_narrowing_l1_l2,0.9994614124298096,0.0005170421209186316,2.1495150576811284e-05
117720278_left_neural_foraminal_narrowing_l2_l3,0.8719304203987122,0.12721268832683563,0.0008568036719225347
117720278_left_neural_foraminal_narrowing_l3_l4,0.34458643198013306,0.6473144292831421,0.008099119178950787
117720278_left_neural_foraminal_narrowing_l4_l5,0.12441328167915344,0.7327207922935486,0.14286592602729797
117720278_left_neural_foraminal_narrowing_l5_s1,0.1161797046661377,0.4599999785423279,0.42382028698921204
117720278_left_subarticular_stenosis_l1_l2,0.9998505711555481,0.00010724370076786727,4.2207699152641e-05
117720278_left_subarticular_stenosis_l2_l3,0.6370406150817871,0.3551095128059387,0.007849826477468014
117720278_left_subarticular_stenosis_l3_l4,0.5580903887748718,0.4238167703151703,0.018092777580022812
117720278_left_subarticular_stenosis_l4_l5,0.20358780026435852,0.6418628096580505,0.15454939007759094
117720278_left_subarticular_stenosis_l5_s1,0.631919801235199,0.31419357657432556,0.053886618465185165
117720278_right_neural_foraminal_narrowing_l1_l2,0.999369204044342,0.0006040048319846392,2.679586577869486e-05
117720278_right_neural_foraminal_narrowing_l2_l3,0.9269639849662781,0.07236776500940323,0.0006682301172986627
117720278_right_neural_foraminal_narrowing_l3_l4,0.5338283777236938,0.46028608083724976,0.005885499995201826
117720278_right_neural_foraminal_narrowing_l4_l5,0.11074258387088776,0.6837881803512573,0.2054692804813385
117720278_right_neural_foraminal_narrowing_l5_s1,0.07040046155452728,0.39042267203330994,0.539176881313324
117720278_right_subarticular_stenosis_l1_l2,0.999878466129303,9.201195643981919e-05,2.9500830351025797e-05
117720278_right_subarticular_stenosis_l2_l3,0.8825916647911072,0.11602695286273956,0.0013814116828143597
117720278_right_subarticular_stenosis_l3_l4,0.5214081406593323,0.45409393310546875,0.02449798583984375
117720278_right_subarticular_stenosis_l4_l5,0.28179025650024414,0.6173752546310425,0.10083454102277756
117720278_right_subarticular_stenosis_l5_s1,0.7113052010536194,0.2509330213069916,0.037761785089969635
117720278_spinal_canal_stenosis_l1_l2,0.9999818801879883,1.0138508514501154e-05,7.944945537019521e-06
117720278_spinal_canal_stenosis_l2_l3,0.99996018409729,3.195182216586545e-05,7.91403181210626e-06
117720278_spinal_canal_stenosis_l3_l4,0.999957263469696,3.0908817279851064e-05,1.180064555228455e-05
117720278_spinal_canal_stenosis_l4_l5,0.9999039769172668,7.639385876245797e-05,1.9631144823506474e-05
117720278_spinal_canal_stenosis_l5_s1,0.9998559355735779,0.00010260975250275806,4.1516530473018065e-05
11943292_left_neural_foraminal_narrowing_l1_l2,0.9999143481254578,7.897977775428444e-05,6.6540096668177284e-06
11943292_left_neural_foraminal_narrowing_l2_l3,0.9979473352432251,0.0020263479091227055,2.6323654310544953e-05
11943292_left_neural_foraminal_narrowing_l3_l4,0.995776891708374,0.004168953746557236,5.4133393859956414e-05
11943292_left_neural_foraminal_narrowing_l4_l5,0.8650999069213867,0.13404501974582672,0.000855113728903234
11943292_left_neural_foraminal_narrowing_l5_s1,0.2991579473018646,0.6753376722335815,0.02550439164042473
11943292_left_subarticular_stenosis_l1_l2,0.9998863935470581,6.341544940369204e-05,5.018031515646726e-05
11943292_left_subarticular_stenosis_l2_l3,0.9964439272880554,0.0034553767181932926,0.00010071852011606097
11943292_left_subarticular_stenosis_l3_l4,0.9954559803009033,0.004376340191811323,0.00016772170783951879
11943292_left_subarticular_stenosis_l4_l5,0.9816192388534546,0.01791926473379135,0.0004615019424818456
11943292_left_subarticular_stenosis_l5_s1,0.5846389532089233,0.3813305199146271,0.0340304858982563
11943292_right_neural_foraminal_narrowing_l1_l2,0.9999232888221741,6.970136746531352e-05,7.0171954575926065e-06
11943292_right_neural_foraminal_narrowing_l2_l3,0.9992867112159729,0.0006970703834667802,1.6185709682758898e-05
11943292_right_neural_foraminal_narrowing_l3_l4,0.9959853887557983,0.003962467424571514,5.20540852448903e-05
11943292_right_neural_foraminal_narrowing_l4_l5,0.9858549237251282,0.014001755975186825,0.0001433920842828229
11943292_right_neural_foraminal_narrowing_l5_s1,0.6756448745727539,0.3209041655063629,0.003450987860560417
11943292_right_subarticular_stenosis_l1_l2,0.9998763203620911,6.353427306748927e-05,6.013394158799201e-05
11943292_right_subarticular_stenosis_l2_l3,0.9971550703048706,0.0027305029798299074,0.00011442330287536606
11943292_right_subarticular_stenosis_l3_l4,0.9975963234901428,0.0022982668597251177,0.00010539885988691822
11943292_right_subarticular_stenosis_l4_l5,0.9965279698371887,0.0033225088845938444,0.00014945412112865597
11943292_right_subarticular_stenosis_l5_s1,0.7929694056510925,0.1977710872888565,0.00925951637327671
11943292_spinal_canal_stenosis_l1_l2,0.9999809861183167,9.57398151513189e-06,9.46475029195426e-06
11943292_spinal_canal_stenosis_l2_l3,0.999973714351654,1.592555236129556e-05,1.0315330655430444e-05
11943292_spinal_canal_stenosis_l3_l4,0.9999709725379944,1.9127261111862026e-05,9.904689250106458e-06
11943292_spinal_canal_stenosis_l4_l5,0.9999815821647644,9.840560778684448e-06,8.592776794102974e-06
11943292_spinal_canal_stenosis_l5_s1,0.9999697208404541,1.4186662156134844e-05,1.604534736543428e-05
123154253_left_neural_foraminal_narrowing_l1_l2,0.9998452067375183,0.00014689177623949945,7.917652510514017e-06
123154253_left_neural_foraminal_narrowing_l2_l3,0.9233505129814148,0.07630135864019394,0.00034811743535101414
123154253_left_neural_foraminal_narrowing_l3_l4,0.5328026413917542,0.4633547067642212,0.0038427121471613646
123154253_left_neural_foraminal_narrowing_l4_l5,0.08289504051208496,0.702349066734314,0.2147558629512787
123154253_left_neural_foraminal_narrowing_l5_s1,0.8492180705070496,0.14643394947052002,0.004348027985543013
123154253_left_subarticular_stenosis_l1_l2,0.9998694658279419,7.672584615647793e-05,5.384581891121343e-05
123154253_left_subarticular_stenosis_l2_l3,0.7104328274726868,0.2846280634403229,0.004939171485602856
123154253_left_subarticular_stenosis_l3_l4,0.5054618120193481,0.48088106513023376,0.013657115399837494
123154253_left_subarticular_stenosis_l4_l5,6.721954559907317e-05,0.022367781028151512,0.9775649905204773
123154253_left_subarticular_stenosis_l5_s1,0.9258119463920593,0.0707918256521225,0.0033962412271648645
123154253_right_neural_foraminal_narrowing_l1_l2,0.9998435974121094,0.00014565423771273345,1.075692125596106e-05
123154253_right_neural_foraminal_narrowing_l2_l3,0.9616739749908447,0.038133468478918076,0.00019258682732470334
123154253_right_neural_foraminal_narrowing_l3_l4,0.3329276740550995,0.6494706273078918,0.01760173588991165
123154253_right_neural_foraminal_narrowing_l4_l5,0.09342202544212341,0.7214159965515137,0.18516196310520172
123154253_right_neural_foraminal_narrowing_l5_s1,0.7399131655693054,0.2481764853000641,0.01191038265824318
123154253_right_subarticular_stenosis_l1_l2,0.9998950958251953,6.25064640189521e-05,4.239151530782692e-05
123154253_right_subarticular_stenosis_l2_l3,0.9133284687995911,0.08524134755134583,0.0014302401104941964
123154253_right_subarticular_stenosis_l3_l4,0.5806951522827148,0.399596631526947,0.019708257168531418
123154253_right_subarticular_stenosis_l4_l5,0.00015968448133207858,0.044739872217178345,0.9551004767417908
123154253_right_subarticular_stenosis_l5_s1,0.8184677958488464,0.17375925183296204,0.007772841025143862
123154253_spinal_canal_stenosis_l1_l2,0.9999819397926331,9.027122359839268e-06,9.02083411347121e-06
123154253_spinal_canal_stenosis_l2_l3,0.9997546672821045,0.0002212945109931752,2.404129372735042e-05
123154253_spinal_canal_stenosis_l3_l4,0.9977458715438843,0.0021370218601077795,0.00011708446254488081
123154253_spinal_canal_stenosis_l4_l5,0.0011741648195311427,0.2092524617910385,0.7895734310150146
123154253_spinal_canal_stenosis_l5_s1,0.9997450709342957,0.00019607310241553932,5.888043233426288e-05
128125626_left_neural_foraminal_narrowing_l1_l2,0.9829974174499512,0.016908615827560425,9.401576244272292e-05
128125626_left_neural_foraminal_narrowing_l2_l3,0.2053404599428177,0.7859951853752136,0.008664369583129883
128125626_left_neural_foraminal_narrowing_l3_l4,0.03420945256948471,0.8766676783561707,0.08912284672260284
128125626_left_neural_foraminal_narrowing_l4_l5,0.06683041155338287,0.8672178387641907,0.06595179438591003
128125626_left_neural_foraminal_narrowing_l5_s1,0.9828740358352661,0.01669352874159813,0.0004324372566770762
128125626_left_subarticular_stenosis_l1_l2,0.9908339977264404,0.008842628449201584,0.0003234357573091984
128125626_left_subarticular_stenosis_l2_l3,0.18854689598083496,0.7206393480300903,0.09081379324197769
128125626_left_subarticular_stenosis_l3_l4,0.2443835437297821,0.6787163615226746,0.07690010219812393
128125626_left_subarticular_stenosis_l4_l5,0.080001600086689,0.6536068320274353,0.2663915753364563
128125626_left_subarticular_stenosis_l5_s1,0.9870178699493408,0.012213925831019878,0.0007681926945224404
128125626_right_neural_foraminal_narrowing_l1_l2,0.9996930956840515,0.0002982731384690851,8.627646820968948e-06
128125626_right_neural_foraminal_narrowing_l2_l3,0.9286519289016724,0.07112341374158859,0.00022468580573331565
128125626_right_neural_foraminal_narrowing_l3_l4,0.09070976823568344,0.891238808631897,0.018051404505968094
128125626_right_neural_foraminal_narrowing_l4_l5,0.09756853431463242,0.8652077317237854,0.037223730236291885
128125626_right_neural_foraminal_narrowing_l5_s1,0.9896767735481262,0.010035869665443897,0.00028729179757647216
128125626_right_subarticular_stenosis_l1_l2,0.9997532367706299,0.00018730353622231632,5.95070596318692e-05
128125626_right_subarticular_stenosis_l2_l3,0.8970489501953125,0.10103259235620499,0.0019185086712241173
128125626_right_subarticular_stenosis_l3_l4,0.21935512125492096,0.6912064552307129,0.08943840116262436
128125626_right_subarticular_stenosis_l4_l5,0.07596107572317123,0.6631708741188049,0.26086804270744324
128125626_right_subarticular_stenosis_l5_s1,0.9695721864700317,0.028887489810585976,0.0015402460703626275
128125626_spinal_canal_stenosis_l1_l2,0.9999729990959167,1.7366965039400384e-05,9.677052730694413e-06
128125626_spinal_canal_stenosis_l2_l3,0.9998541474342346,0.00011937115050386637,2.641880746523384e-05
128125626_spinal_canal_stenosis_l3_l4,0.9989586472511292,0.0009580864571034908,8.32395744509995e-05
128125626_spinal_canal_stenosis_l4_l5,0.9991558790206909,0.000735926500055939,0.00010815736459335312
128125626_spinal_canal_stenosis_l5_s1,0.9999667406082153,2.071070957754273e-05,1.259023974853335e-05
13317052_left_neural_foraminal_narrowing_l1_l2,0.9999415874481201,5.158514977665618e-05,6.8264421315689106e-06
13317052_left_neural_foraminal_narrowing_l2_l3,0.9998370409011841,0.0001562442339491099,6.632311851717532e-06
13317052_left_neural_foraminal_narrowing_l3_l4,0.9944023489952087,0.005533333867788315,6.432554073398933e-05
13317052_left_neural_foraminal_narrowing_l4_l5,0.6413795948028564,0.3569100797176361,0.0017103197751566768
13317052_left_neural_foraminal_narrowing_l5_s1,0.02951086312532425,0.6513183116912842,0.31917086243629456
13317052_left_subarticular_stenosis_l1_l2,0.9999099969863892,4.431366687640548e-05,4.5690459955949336e-05
13317052_left_subarticular_stenosis_l2_l3,0.9997252821922302,0.00022563038510270417,4.910881762043573e-05
13317052_left_subarticular_stenosis_l3_l4,0.8170871734619141,0.17943169176578522,0.003481099149212241
13317052_left_subarticular_stenosis_l4_l5,0.6498207449913025,0.341648131608963,0.008531114086508751
13317052_left_subarticular_stenosis_l5_s1,0.4471641480922699,0.4828520715236664,0.06998376548290253
13317052_right_neural_foraminal_narrowing_l1_l2,0.9999213814735413,7.223175634862855e-05,6.39207246422302e-06
13317052_right_neural_foraminal_narrowing_l2_l3,0.9998480677604675,0.00014572570216841996,6.18848207523115e-06
13317052_right_neural_foraminal_narrowing_l3_l4,0.917511522769928,0.08211708813905716,0.0003713546902872622
13317052_right_neural_foraminal_narrowing_l4_l5,0.3777247965335846,0.6154664158821106,0.006808755919337273
13317052_right_neural_foraminal_narrowing_l5_s1,0.3731224536895752,0.6013674139976501,0.025510141626000404
13317052_right_subarticular_stenosis_l1_l2,0.9999383091926575,3.135090082651004e-05,3.036934504052624e-05
13317052_right_subarticular_stenosis_l2_l3,0.9998467564582825,0.00011658900621114299,3.6649424146162346e-05
13317052_right_subarticular_stenosis_l3_l4,0.530987024307251,0.45757317543029785,0.011439861729741096
13317052_right_subarticular_stenosis_l4_l5,0.670539379119873,0.31895527243614197,0.01050537545233965
13317052_right_subarticular_stenosis_l5_s1,0.4105968773365021,0.5081747770309448,0.08122830837965012
13317052_spinal_canal_stenosis_l1_l2,0.9999854564666748,8.073313438217156e-06,6.533638043038081e-06
13317052_spinal_canal_stenosis_l2_l3,0.999975323677063,1.696922663541045e-05,7.679573172936216e-06
13317052_spinal_canal_stenosis_l3_l4,0.9995905160903931,0.00036839517997577786,4.110970257897861e-05
13317052_spinal_canal_stenosis_l4_l5,0.9999610781669617,2.777711779344827e-05,1.1130002349091228e-05
13317052_spinal_canal_stenosis_l5_s1,0.9999534487724304,2.630104972922709e-05,2.021844920818694e-05
135073898_left_neural_foraminal_narrowing_l1_l2,0.994972288608551,0.00497753219678998,5.0181944970972836e-05
135073898_left_neural_foraminal_narrowing_l2_l3,0.7164603471755981,0.2825779914855957,0.0009616996394470334
135073898_left_neural_foraminal_narrowing_l3_l4,0.14181722700595856,0.8395147323608398,0.018668057397007942
135073898_left_neural_foraminal_narrowing_l4_l5,0.0020418879576027393,0.42801231145858765,0.5699458122253418
135073898_left_neural_foraminal_narrowing_l5_s1,0.2636381983757019,0.5431597828865051,0.19320198893547058
135073898_left_subarticular_stenosis_l1_l2,0.9987744092941284,0.0011584189487621188,6.721460522385314e-05
135073898_left_subarticular_stenosis_l2_l3,0.9542905688285828,0.04456286132335663,0.0011465598363429308
135073898_left_subarticular_stenosis_l3_l4,0.5732195973396301,0.4049309492111206,0.021849501878023148
135073898_left_subarticular_stenosis_l4_l5,0.06562939286231995,0.5555245876312256,0.3788459300994873
135073898_left_subarticular_stenosis_l5_s1,0.9200565218925476,0.0717313215136528,0.008212197571992874
135073898_right_neural_foraminal_narrowing_l1_l2,0.9959384202957153,0.003990840632468462,7.068298873491585e-05
135073898_right_neural_foraminal_narrowing_l2_l3,0.9748633503913879,0.024809254333376884,0.0003274177433922887
135073898_right_neural_foraminal_narrowing_l3_l4,0.25844815373420715,0.7289652824401855,0.012586568482220173
135073898_right_neural_foraminal_narrowing_l4_l5,0.10872640460729599,0.8038516044616699,0.08742201328277588
135073898_right_neural_foraminal_narrowing_l5_s1,0.23773187398910522,0.6340463757514954,0.1282217800617218
135073898_right_subarticular_stenosis_l1_l2,0.9774227738380432,0.02189611829817295,0.0006810572813265026
135073898_right_subarticular_stenosis_l2_l3,0.9689408540725708,0.030417993664741516,0.0006411935319192708
135073898_right_subarticular_stenosis_l3_l4,0.8148647546768188,0.17751845717430115,0.007616787683218718
135073898_right_subarticular_stenosis_l4_l5,0.3137717843055725,0.5851045846939087,0.10112364590167999
135073898_right_subarticular_stenosis_l5_s1,0.8985229730606079,0.08394434303045273,0.017532724887132645
135073898_spinal_canal_stenosis_l1_l2,0.9998663067817688,0.0001129271840909496,2.0760980987688527e-05
135073898_spinal_canal_stenosis_l2_l3,0.9996591806411743,0.00030674124718643725,3.40508995577693e-05
135073898_spinal_canal_stenosis_l3_l4,0.9998677968978882,0.000110984496132005,2.117107214871794e-05
135073898_spinal_canal_stenosis_l4_l5,0.9998824596405029,9.273798787035048e-05,2.4806784495012835e-05
135073898_spinal_canal_stenosis_l5_s1,0.999967098236084,1.8485741748008877e-05,1.4449808077188209e-05
140799588_left_neural_foraminal_narrowing_l1_l2,0.9998899102210999,0.0001018783004838042,8.245739991252776e-06
140799588_left_neural_foraminal_narrowing_l2_l3,0.9994831681251526,0.0005021257093176246,1.470184633944882e-05
140799588_left_neural_foraminal_narrowing_l3_l4,0.9965505003929138,0.003400324610993266,4.9171245336765423e-05
140799588_left_neural_foraminal_narrowing_l4_l5,0.9732940793037415,0.026443596929311752,0.000262332905549556
140799588_left_neural_foraminal_narrowing_l5_s1,0.9905912280082703,0.009075700305402279,0.00033317264751531184
140799588_left_subarticular_stenosis_l1_l2,0.9998560547828674,7.074957102304325e-05,7.321763405343518e-05
140799588_left_subarticular_stenosis_l2_l3,0.9992315769195557,0.0006494640838354826,0.00011900321260327473
140799588_left_subarticular_stenosis_l3_l4,0.9990096688270569,0.0008661990868858993,0.0001242452854057774
140799588_left_subarticular_stenosis_l4_l5,0.9758139848709106,0.023364398628473282,0.0008216583519242704
140799588_left_subarticular_stenosis_l5_s1,0.9966060519218445,0.003156103426590562,0.00023780077754054219
140799588_right_neural_foraminal_narrowing_l1_l2,0.999912679195404,7.745430048089474e-05,9.904390935844276e-06
140799588_right_neural_foraminal_narrowing_l2_l3,0.9995318651199341,0.0004506089899223298,1.756993333401624e-05
140799588_right_neural_foraminal_narrowing_l3_l4,0.9969844818115234,0.0029643226880580187,5.116526153869927e-05
140799588_right_neural_foraminal_narrowing_l4_l5,0.8484815955162048,0.1504994034767151,0.0010189919266849756
140799588_right_neural_foraminal_narrowing_l5_s1,0.9763308763504028,0.022946510463953018,0.0007225380977615714
140799588_right_subarticular_stenosis_l1_l2,0.9999048709869385,3.8525264244526625e-05,5.6606335419928655e-05
140799588_right_subarticular_stenosis_l2_l3,0.9997203350067139,0.00022234994685277343,5.736053208238445e-05
140799588_right_subarticular_stenosis_l3_l4,0.9995173215866089,0.0004160574753768742,6.66267515043728e-05
140799588_right_subarticular_stenosis_l4_l5,0.8987789154052734,0.09884465485811234,0.0023763750214129686
140799588_right_subarticular_stenosis_l5_s1,0.9910361170768738,0.008512127213180065,0.000451784348115325
140799588_spinal_canal_stenosis_l1_l2,0.9999792575836182,1.0550936167419422e-05,1.0209829270024784e-05
140799588_spinal_canal_stenosis_l2_l3,0.9999708533287048,1.880841409729328e-05,1.0368325092713349e-05
140799588_spinal_canal_stenosis_l3_l4,0.9999784231185913,1.3209618373366538e-05,8.323005204147194e-06
140799588_spinal_canal_stenosis_l4_l5,0.9999665021896362,2.3214941393234767e-05,1.0308195669495035e-05
140799588_spinal_canal_stenosis_l5_s1,0.9999858140945435,5.938315553066786e-06,8.178195457730908e-06
142991438_left_neural_foraminal_narrowing_l1_l2,0.9998742341995239,0.00011293656280031428,1.283948677155422e-05
142991438_left_neural_foraminal_narrowing_l2_l3,0.9996010065078735,0.0003854388778563589,1.3624498024000786e-05
142991438_left_neural_foraminal_narrowing_l3_l4,0.9818959832191467,0.017986619845032692,0.00011733776773326099
142991438_left_neural_foraminal_narrowing_l4_l5,0.018626807257533073,0.7829533815383911,0.19841982424259186
142991438_left_neural_foraminal_narrowing_l5_s1,0.3259131610393524,0.6297690272331238,0.04431787505745888
142991438_left_subarticular_stenosis_l1_l2,0.9998467564582825,7.744572940282524e-05,7.58263558964245e-05
142991438_left_subarticular_stenosis_l2_l3,0.99810391664505,0.0016127999406307936,0.00028327523614279926
142991438_left_subarticular_stenosis_l3_l4,0.94056636095047,0.057777125388383865,0.0016565326368436217
142991438_left_subarticular_stenosis_l4_l5,9.760029206518084e-05,0.054978933185338974,0.944923460483551
142991438_left_subarticular_stenosis_l5_s1,0.7242158055305481,0.2612999975681305,0.014484236016869545
142991438_right_neural_foraminal_narrowing_l1_l2,0.9998651742935181,0.00012571740080602467,9.133159437624272e-06
142991438_right_neural_foraminal_narrowing_l2_l3,0.9994791150093079,0.0005032883491367102,1.763873478921596e-05
142991438_right_neural_foraminal_narrowing_l3_l4,0.9869340062141418,0.012938648462295532,0.00012741445971187204
142991438_right_neural_foraminal_narrowing_l4_l5,0.7922645211219788,0.20630696415901184,0.0014285328797996044
142991438_right_neural_foraminal_narrowing_l5_s1,0.9858306050300598,0.013840625062584877,0.00032875369652174413
142991438_right_subarticular_stenosis_l1_l2,0.999779224395752,0.00013365843915380538,8.714609430171549e-05
142991438_right_subarticular_stenosis_l2_l3,0.9958668351173401,0.0036329058930277824,0.0005003904807381332
142991438_right_subarticular_stenosis_l3_l4,0.8906335830688477,0.10682262480258942,0.002543749287724495
142991438_right_subarticular_stenosis_l4_l5,0.02804516814649105,0.561682403087616,0.4102724492549896
142991438_right_subarticular_stenosis_l5_s1,0.923016369342804,0.07265380024909973,0.004329785704612732
142991438_spinal_canal_stenosis_l1_l2,0.9999769330024719,1.3218141248216853e-05,9.888557542581111e-06
142991438_spinal_canal_stenosis_l2_l3,0.9997241497039795,0.00021896412363275886,5.691113983630203e-05
142991438_spinal_canal_stenosis_l3_l4,0.9992671608924866,0.0006767484592273831,5.615207919618115e-05
142991438_spinal_canal_stenosis_l4_l5,0.27033624053001404,0.6800054907798767,0.04965837672352791
142991438_spinal_canal_stenosis_l5_s1,0.999788761138916,0.00015512769459746778,5.619309013127349e-05
144244752_left_neural_foraminal_narrowing_l1_l2,0.9998528957366943,0.0001394964347127825,7.6163391895534005e-06
144244752_left_neural_foraminal_narrowing_l2_l3,0.9978671073913574,0.002106528030708432,2.6492336473893374e-05
144244752_left_neural_foraminal_narrowing_l3_l4,0.9467284083366394,0.053077809512615204,0.00019382515165489167
144244752_left_neural_foraminal_narrowing_l4_l5,0.4033174514770508,0.5633614659309387,0.03332111984491348
144244752_left_neural_foraminal_narrowing_l5_s1,0.6378121972084045,0.3411974608898163,0.020990420132875443
144244752_left_subarticular_stenosis_l1_l2,0.9997895956039429,0.00014186617045197636,6.857918197056279e-05
144244752_left_subarticular_stenosis_l2_l3,0.9841100573539734,0.015243600122630596,0.0006463235476985574
144244752_left_subarticular_stenosis_l3_l4,0.11739562451839447,0.7491976618766785,0.13340669870376587
144244752_left_subarticular_stenosis_l4_l5,0.001149492571130395,0.0245529692620039,0.9742975831031799
144244752_left_subarticular_stenosis_l5_s1,0.10825009644031525,0.4136921465396881,0.4780578017234802
144244752_right_neural_foraminal_narrowing_l1_l2,0.9976211190223694,0.0023594247177243233,1.9382889149710536e-05
144244752_right_neural_foraminal_narrowing_l2_l3,0.9220260381698608,0.07769030332565308,0.00028361473232507706
144244752_right_neural_foraminal_narrowing_l3_l4,0.882269024848938,0.117375448346138,0.00035549711901694536
144244752_right_neural_foraminal_narrowing_l4_l5,0.6956028342247009,0.29752594232559204,0.006871131248772144
144244752_right_neural_foraminal_narrowing_l5_s1,0.9603954553604126,0.03741234168410301,0.0021921941079199314
144244752_right_subarticular_stenosis_l1_l2,0.999528706073761,0.000407600513426587,6.374869553837925e-05
144244752_right_subarticular_stenosis_l2_l3,0.9168469309806824,0.0818009227514267,0.001352128922007978
144244752_right_subarticular_stenosis_l3_l4,0.05179981514811516,0.6841273307800293,0.26407280564308167
144244752_right_subarticular_stenosis_l4_l5,0.0008080591796897352,0.03611772507429123,0.9630742073059082
144244752_right_subarticular_stenosis_l5_s1,0.6284384727478027,0.3286629915237427,0.04289855808019638
144244752_spinal_canal_stenosis_l1_l2,0.999949038028717,3.624376404331997e-05,1.4684796951769385e-05
144244752_spinal_canal_stenosis_l2_l3,0.9997922778129578,0.0001766721106832847,3.1021849281387404e-05
144244752_spinal_canal_stenosis_l3_l4,0.90633624792099,0.08991403132677078,0.0037497563753277063
144244752_spinal_canal_stenosis_l4_l5,0.0012004291638731956,0.01362312026321888,0.9851765036582947
144244752_spinal_canal_stenosis_l5_s1,0.9992888569831848,0.0004699339915532619,0.0002412117610219866
145324113_left_neural_foraminal_narrowing_l1_l2,0.9986873269081116,0.0012825211742892861,3.0197090381989256e-05
145324113_left_neural_foraminal_narrowing_l2_l3,0.9885157346725464,0.011360391043126583,0.0001238089898834005
145324113_left_neural_foraminal_narrowing_l3_l4,0.3734056055545807,0.6157848834991455,0.010809453204274178
145324113_left_neural_foraminal_narrowing_l4_l5,0.12877769768238068,0.7464780211448669,0.1247442290186882
145324113_left_neural_foraminal_narrowing_l5_s1,0.2822091579437256,0.6675411462783813,0.05024972930550575
145324113_left_subarticular_stenosis_l1_l2,0.9992530941963196,0.0006749400636181235,7.195668149506673e-05
145324113_left_subarticular_stenosis_l2_l3,0.9122767448425293,0.08585326373577118,0.001869932864792645
145324113_left_subarticular_stenosis_l3_l4,0.12350254505872726,0.6997427940368652,0.17675471305847168
145324113_left_subarticular_stenosis_l4_l5,2.3390228307107463e-05,0.004521889146417379,0.995454728603363
145324113_left_subarticular_stenosis_l5_s1,0.009912139736115932,0.36507272720336914,0.625015139579773
145324113_right_neural_foraminal_narrowing_l1_l2,0.9978576898574829,0.0020844866521656513,5.7934103097068146e-05
145324113_right_neural_foraminal_narrowing_l2_l3,0.9088048934936523,0.09034224599599838,0.0008528290200047195
145324113_right_neural_foraminal_narrowing_l3_l4,0.5068594217300415,0.48658356070518494,0.006556947249919176
145324113_right_neural_foraminal_narrowing_l4_l5,0.5072839260101318,0.4771125912666321,0.015603547915816307
145324113_right_neural_foraminal_narrowing_l5_s1,0.03500844165682793,0.6275575160980225,0.3374340534210205
145324113_right_subarticular_stenosis_l1_l2,0.997736394405365,0.002134237438440323,0.00012936460552737117
145324113_right_subarticular_stenosis_l2_l3,0.6425592303276062,0.3461921811103821,0.011248651891946793
145324113_right_subarticular_stenosis_l3_l4,0.24794457852840424,0.6696158647537231,0.08243957906961441
145324113_right_subarticular_stenosis_l4_l5,0.00013436979497782886,0.023567238822579384,0.9762983918190002
145324113_right_subarticular_stenosis_l5_s1,0.001490968163125217,0.18256472051143646,0.8159443140029907
145324113_spinal_canal_stenosis_l1_l2,0.9999394416809082,4.7932775487424806e-05,1.2582645467773546e-05
145324113_spinal_canal_stenosis_l2_l3,0.9985427856445312,0.001375288236886263,8.20014247437939e-05
145324113_spinal_canal_stenosis_l3_l4,0.8820078372955322,0.11446908861398697,0.003523059654980898
145324113_spinal_canal_stenosis_l4_l5,0.0006730310851708055,0.010018261149525642,0.9893087148666382
145324113_spinal_canal_stenosis_l5_s1,0.9388260841369629,0.05419839918613434,0.006975576281547546
150368852_left_neural_foraminal_narrowing_l1_l2,0.9999186992645264,7.284589810296893e-05,8.458373486064374e-06
150368852_left_neural_foraminal_narrowing_l2_l3,0.9996919631958008,0.0002954130177386105,1.258108841284411e-05
150368852_left_neural_foraminal_narrowing_l3_l4,0.9899594187736511,0.009918823838233948,0.0001217444078065455
150368852_left_neural_foraminal_narrowing_l4_l5,0.7852948307991028,0.2098541259765625,0.004850998055189848
150368852_left_neural_foraminal_narrowing_l5_s1,0.8095731139183044,0.17328454554080963,0.017142366617918015
150368852_left_subarticular_stenosis_l1_l2,0.9999169111251831,3.679779183585197e-05,4.630374314729124e-05
150368852_left_subarticular_stenosis_l2_l3,0.999858021736145,0.00010719103738665581,3.4832479286706075e-05
150368852_left_subarticular_stenosis_l3_l4,0.9956274032592773,0.004140167031437159,0.00023237732239067554
150368852_left_subarticular_stenosis_l4_l5,0.29554200172424316,0.6507660150527954,0.05369199067354202
150368852_left_subarticular_stenosis_l5_s1,0.9575938582420349,0.04024726524949074,0.0021588935051113367
150368852_right_neural_foraminal_narrowing_l1_l2,0.9998743534088135,0.00011105190787930042,1.4606725017074496e-05
150368852_right_neural_foraminal_narrowing_l2_l3,0.9995852708816528,0.0003961276088375598,1.8542637917562388e-05
150368852_right_neural_foraminal_narrowing_l3_l4,0.9814847707748413,0.018289415165781975,0.00022593759058509022
150368852_right_neural_foraminal_narrowing_l4_l5,0.4733049273490906,0.5085640549659729,0.018130969256162643
150368852_right_neural_foraminal_narrowing_l5_s1,0.6701735854148865,0.2942867875099182,0.03553968295454979
150368852_right_subarticular_stenosis_l1_l2,0.9998992085456848,4.1441602661507204e-05,5.934283763053827e-05
150368852_right_subarticular_stenosis_l2_l3,0.9998021125793457,0.00015012537187431008,4.7771722165634856e-05
150368852_right_subarticular_stenosis_l3_l4,0.9968706369400024,0.002957100747153163,0.00017223303439095616
150368852_right_subarticular_stenosis_l4_l5,0.35019296407699585,0.6059553027153015,0.043851736932992935
150368852_right_subarticular_stenosis_l5_s1,0.9460544586181641,0.05091765522956848,0.003027897095307708
150368852_spinal_canal_stenosis_l1_l2,0.9999903440475464,4.8311048885807395e-06,4.864434686169261e-06
150368852_spinal_canal_stenosis_l2_l3,0.9999838471412659,1.0991886483679991e-05,5.20484400112764e-06
150368852_spinal_canal_stenosis_l3_l4,0.9999815821647644,1.3019916877965443e-05,5.413256985775661e-06
150368852_spinal_canal_stenosis_l4_l5,0.9997325539588928,0.00022604409605264664,4.136023562750779e-05
150368852_spinal_canal_stenosis_l5_s1,0.9992129802703857,0.0005962807917967439,0.00019079727644566447
153831832_left_neural_foraminal_narrowing_l1_l2,0.9998345971107483,0.0001569169689901173,8.444945706287399e-06
153831832_left_neural_foraminal_narrowing_l2_l3,0.9996992945671082,0.00029225624166429043,8.462237019557506e-06
153831832_left_neural_foraminal_narrowing_l3_l4,0.9382844567298889,0.06146051362156868,0.00025502830976620317
153831832_left_neural_foraminal_narrowing_l4_l5,0.2429635375738144,0.7498323917388916,0.007204098626971245
153831832_left_neural_foraminal_narrowing_l5_s1,0.9432507753372192,0.055601391941308975,0.001147921779192984
153831832_left_subarticular_stenosis_l1_l2,0.9998700618743896,8.193385292543098e-05,4.797256042365916e-05
153831832_left_subarticular_stenosis_l2_l3,0.9995319843292236,0.0003950809477828443,7.291603105841205e-05
153831832_left_subarticular_stenosis_l3_l4,0.7075346112251282,0.2871796190738678,0.0052858153358101845
153831832_left_subarticular_stenosis_l4_l5,0.32316550612449646,0.6264916658401489,0.05034278333187103
153831832_left_subarticular_stenosis_l5_s1,0.9888466000556946,0.010727498680353165,0.0004258159315213561
153831832_right_neural_foraminal_narrowing_l1_l2,0.9998380541801453,0.0001510690781287849,1.0897468200710136e-05
153831832_right_neural_foraminal_narrowing_l2_l3,0.9997519850730896,0.00023680760932620615,1.1209656804567203e-05
153831832_right_neural_foraminal_narrowing_l3_l4,0.9297695755958557,0.06983749568462372,0.00039300680509768426
153831832_right_neural_foraminal_narrowing_l4_l5,0.04929756373167038,0.8735318183898926,0.07717057317495346
153831832_right_neural_foraminal_narrowing_l5_s1,0.9825273156166077,0.016958191990852356,0.0005145382601767778
153831832_right_subarticular_stenosis_l1_l2,0.9998970627784729,5.6428296375088394e-05,4.6498043957399204e-05
153831832_right_subarticular_stenosis_l2_l3,0.9998759031295776,8.792205335339531e-05,3.620078496169299e-05
153831832_right_subarticular_stenosis_l3_l4,0.7722458839416504,0.22473156452178955,0.003022548509761691
153831832_right_subarticular_stenosis_l4_l5,0.14470668137073517,0.6852867007255554,0.1700066179037094
153831832_right_subarticular_stenosis_l5_s1,0.9956576824188232,0.004061856772750616,0.00028055245638825
153831832_spinal_canal_stenosis_l1_l2,0.9999764561653137,1.192489162349375e-05,1.1648142390185967e-05
153831832_spinal_canal_stenosis_l2_l3,0.999980628490448,1.0659661711542867e-05,8.666945177537855e-06
153831832_spinal_canal_stenosis_l3_l4,0.9999644756317139,2.454123750794679e-05,1.1026587344531436e-05
153831832_spinal_canal_stenosis_l4_l5,0.9995277523994446,0.00040255667408928275,6.974495045142248e-05
153831832_spinal_canal_stenosis_l5_s1,0.9999765753746033,1.2214686648803763e-05,1.115473969548475e-05
155064828_left_neural_foraminal_narrowing_l1_l2,0.9825780391693115,0.01719704084098339,0.00022487154637929052
155064828_left_neural_foraminal_narrowing_l2_l3,0.5559868216514587,0.43685704469680786,0.007156068459153175
155064828_left_neural_foraminal_narrowing_l3_l4,0.051849834620952606,0.7749935984611511,0.17315657436847687
155064828_left_neural_foraminal_narrowing_l4_l5,0.005168247036635876,0.28473660349845886,0.7100951075553894
155064828_left_neural_foraminal_narrowing_l5_s1,0.0027900172863155603,0.11379370838403702,0.8834162354469299
155064828_left_subarticular_stenosis_l1_l2,0.9797559380531311,0.019802143797278404,0.00044191049528308213
155064828_left_subarticular_stenosis_l2_l3,0.5546059608459473,0.42952844500541687,0.015865685418248177
155064828_left_subarticular_stenosis_l3_l4,0.19689638912677765,0.6213980913162231,0.1817055195569992
155064828_left_subarticular_stenosis_l4_l5,0.023459194228053093,0.31847208738327026,0.6580687761306763
155064828_left_subarticular_stenosis_l5_s1,0.07029387354850769,0.2777414321899414,0.6519647836685181
155064828_right_neural_foraminal_narrowing_l1_l2,0.9975754618644714,0.002367593115195632,5.697574306395836e-05
155064828_right_neural_foraminal_narrowing_l2_l3,0.9409573674201965,0.058597635477781296,0.00044499256182461977
155064828_right_neural_foraminal_narrowing_l3_l4,0.20203381776809692,0.7657771110534668,0.03218909353017807
155064828_right_neural_foraminal_narrowing_l4_l5,0.00927886925637722,0.39968636631965637,0.5910347104072571
155064828_right_neural_foraminal_narrowing_l5_s1,0.006355684716254473,0.15980641543865204,0.8338379263877869
155064828_right_subarticular_stenosis_l1_l2,0.9987778663635254,0.0011443556286394596,7.783586625009775e-05
155064828_right_subarticular_stenosis_l2_l3,0.9228711724281311,0.07561963051557541,0.0015091499080881476
155064828_right_subarticular_stenosis_l3_l4,0.1425589919090271,0.6587890386581421,0.19865195453166962
155064828_right_subarticular_stenosis_l4_l5,0.0304151251912117,0.3965299725532532,0.573054850101471
155064828_right_subarticular_stenosis_l5_s1,0.15142308175563812,0.3302607238292694,0.5183162093162537
155064828_spinal_canal_stenosis_l1_l2,0.9999836087226868,9.802274689718615e-06,6.665607998002088e-06
155064828_spinal_canal_stenosis_l2_l3,0.9999518990516663,3.99592136091087e-05,8.156277544912882e-06
155064828_spinal_canal_stenosis_l3_l4,0.9993875026702881,0.0005372081650421023,7.522187661379576e-05
155064828_spinal_canal_stenosis_l4_l5,0.9992831945419312,0.0005975499516353011,0.00011932241613976657
155064828_spinal_canal_stenosis_l5_s1,0.9853127598762512,0.012968743219971657,0.0017184915486723185
158640056_left_neural_foraminal_narrowing_l1_l2,0.9998006820678711,0.00018848020408768207,1.0819954695762135e-05
158640056_left_neural_foraminal_narrowing_l2_l3,0.974812924861908,0.02503618597984314,0.0001508632121840492
158640056_left_neural_foraminal_narrowing_l3_l4,0.4702568054199219,0.5141919851303101,0.015551283024251461
158640056_left_neural_foraminal_narrowing_l4_l5,0.010685492306947708,0.16254302859306335,0.8267714977264404
158640056_left_neural_foraminal_narrowing_l5_s1,0.9004099369049072,0.0929398238658905,0.006650256924331188
158640056_left_subarticular_stenosis_l1_l2,0.9998071789741516,0.000143169701914303,4.9626796680968255e-05
158640056_left_subarticular_stenosis_l2_l3,0.9464349150657654,0.05263352766633034,0.0009315856732428074
158640056_left_subarticular_stenosis_l3_l4,0.9017167687416077,0.09584946185350418,0.0024337780196219683
158640056_left_subarticular_stenosis_l4_l5,0.06795984506607056,0.22830122709274292,0.7037389278411865
158640056_left_subarticular_stenosis_l5_s1,0.8492687940597534,0.14215362071990967,0.008577593602240086
158640056_right_neural_foraminal_narrowing_l1_l2,0.9998511672019958,0.00013937037147115916,9.451511687075254e-06
158640056_right_neural_foraminal_narrowing_l2_l3,0.9834276437759399,0.0163945984095335,0.00017779917106963694
158640056_right_neural_foraminal_narrowing_l3_l4,0.4106990396976471,0.5560017228126526,0.03329916298389435
158640056_right_neural_foraminal_narrowing_l4_l5,0.004201896954327822,0.10939185321331024,0.8864061832427979
158640056_right_neural_foraminal_narrowing_l5_s1,0.7257022261619568,0.25627195835113525,0.018025748431682587
158640056_right_subarticular_stenosis_l1_l2,0.9998992085456848,5.922329728491604e-05,4.153571353526786e-05
158640056_right_subarticular_stenosis_l2_l3,0.996147871017456,0.0037016510032117367,0.0001505123800598085
158640056_right_subarticular_stenosis_l3_l4,0.87820965051651,0.11763419210910797,0.004156126175075769
158640056_right_subarticular_stenosis_l4_l5,0.0425613597035408,0.1346306949853897,0.8228079676628113
158640056_right_subarticular_stenosis_l5_s1,0.8139617443084717,0.17434044182300568,0.01169782504439354
158640056_spinal_canal_stenosis_l1_l2,0.9999862909317017,8.11875634099124e-06,5.66233893550816e-06
158640056_spinal_canal_stenosis_l2_l3,0.9999849200248718,1.0314529390598182e-05,4.7587445806129836e-06
158640056_spinal_canal_stenosis_l3_l4,0.9999691843986511,2.222628791059833e-05,8.584338502259925e-06
158640056_spinal_canal_stenosis_l4_l5,0.9992390871047974,0.0006297907675616443,0.00013112445594742894
158640056_spinal_canal_stenosis_l5_s1,0.9999324083328247,3.9706537791062146e-05,2.7866990421898663e-05
159099003_left_neural_foraminal_narrowing_l1_l2,0.999632716178894,0.00035406669485382736,1.321031140832929e-05
159099003_left_neural_foraminal_narrowing_l2_l3,0.9746575951576233,0.025184525176882744,0.00015790351608302444
159099003_left_neural_foraminal_narrowing_l3_l4,0.3133382797241211,0.678885281085968,0.0077764615416526794
159099003_left_neural_foraminal_narrowing_l4_l5,0.24324899911880493,0.7257175445556641,0.031033480539917946
159099003_left_neural_foraminal_narrowing_l5_s1,0.8617127537727356,0.13443344831466675,0.0038537478540092707
159099003_left_subarticular_stenosis_l1_l2,0.9996919631958008,0.00021760156960226595,9.043022146215662e-05
159099003_left_subarticular_stenosis_l2_l3,0.936827540397644,0.06168020889163017,0.0014921665424481034
159099003_left_subarticular_stenosis_l3_l4,0.31763890385627747,0.5982856750488281,0.08407536149024963
159099003_left_subarticular_stenosis_l4_l5,0.26707354187965393,0.6121914386749268,0.1207350566983223
159099003_left_subarticular_stenosis_l5_s1,0.9749680757522583,0.024119842797517776,0.0009121143375523388
159099003_right_neural_foraminal_narrowing_l1_l2,0.9993473887443542,0.0006285831914283335,2.402070094831288e-05
159099003_right_neural_foraminal_narrowing_l2_l3,0.9431712627410889,0.056232426315546036,0.0005963009898550808
159099003_right_neural_foraminal_narrowing_l3_l4,0.1415281593799591,0.8341758251190186,0.02429601177573204
159099003_right_neural_foraminal_narrowing_l4_l5,0.2672743499279022,0.7074300646781921,0.025295568630099297
159099003_right_neural_foraminal_narrowing_l5_s1,0.9019396305084229,0.09554906189441681,0.0025113706942647696
159099003_right_subarticular_stenosis_l1_l2,0.9997616410255432,0.00015588135283906013,8.249018719652668e-05
159099003_right_subarticular_stenosis_l2_l3,0.8635534048080444,0.1335790902376175,0.002867545234039426
159099003_right_subarticular_stenosis_l3_l4,0.007854524999856949,0.42373085021972656,0.5684146285057068
159099003_right_subarticular_stenosis_l4_l5,0.6551973819732666,0.330407053232193,0.014395571313798428
159099003_right_subarticular_stenosis_l5_s1,0.9882024526596069,0.011243261396884918,0.0005542214494198561
159099003_spinal_canal_stenosis_l1_l2,0.9988464713096619,0.0010309134377166629,0.0001225743762915954
159099003_spinal_canal_stenosis_l2_l3,0.9645180702209473,0.03447588160634041,0.0010059891501441598
159099003_spinal_canal_stenosis_l3_l4,0.8126354813575745,0.18267972767353058,0.004684815648943186
159099003_spinal_canal_stenosis_l4_l5,0.9993622303009033,0.0005795759498141706,5.82459251745604e-05
159099003_spinal_canal_stenosis_l5_s1,0.9999717473983765,1.4955876395106316e-05,1.3340996702027041e-05
159721286_left_neural_foraminal_narrowing_l1_l2,0.999672532081604,0.00031448446679860353,1.3037263670412358e-05
159721286_left_neural_foraminal_narrowing_l2_l3,0.9677099585533142,0.03219958022236824,9.039657743414864e-05
159721286_left_neural_foraminal_narrowing_l3_l4,0.5747416615486145,0.42310866713523865,0.0021496382541954517
159721286_left_neural_foraminal_narrowing_l4_l5,0.5401351451873779,0.4545672833919525,0.005297540687024593
159721286_left_neural_foraminal_narrowing_l5_s1,0.47402769327163696,0.51539146900177,0.010580752044916153
159721286_left_subarticular_stenosis_l1_l2,0.9997880458831787,0.0001842377969296649,2.7619027605396695e-05
159721286_left_subarticular_stenosis_l2_l3,0.9780567288398743,0.021514084190130234,0.0004292049561627209
159721286_left_subarticular_stenosis_l3_l4,0.32850342988967896,0.6332823634147644,0.03821420669555664
159721286_left_subarticular_stenosis_l4_l5,0.025149719789624214,0.47103679180145264,0.5038135647773743
159721286_left_subarticular_stenosis_l5_s1,0.2648286521434784,0.6283735036849976,0.10679776966571808
159721286_right_neural_foraminal_narrowing_l1_l2,0.9998394250869751,0.00015477652777917683,5.886347935302183e-06
159721286_right_neural_foraminal_narrowing_l2_l3,0.975624144077301,0.02430608868598938,6.977737211855128e-05
159721286_right_neural_foraminal_narrowing_l3_l4,0.17057286202907562,0.8176241517066956,0.01180296577513218
159721286_right_neural_foraminal_narrowing_l4_l5,0.5669432282447815,0.42816323041915894,0.004893570672720671
159721286_right_neural_foraminal_narrowing_l5_s1,0.9204312562942505,0.07813787460327148,0.0014308510581031442
159721286_right_subarticular_stenosis_l1_l2,0.9997583627700806,0.00022297944815363735,1.8552169422036968e-05
159721286_right_subarticular_stenosis_l2_l3,0.6726193428039551,0.32286712527275085,0.004513624589890242
159721286_right_subarticular_stenosis_l3_l4,0.02663077972829342,0.6250383853912354,0.3483308255672455
159721286_right_subarticular_stenosis_l4_l5,0.0018414742080494761,0.21111084520816803,0.7870476841926575
159721286_right_subarticular_stenosis_l5_s1,0.18681499361991882,0.644597053527832,0.16858801245689392
159721286_spinal_canal_stenosis_l1_l2,0.9998542666435242,7.915254536783323e-05,6.65578045300208e-05
159721286_spinal_canal_stenosis_l2_l3,0.9996183514595032,0.0003252806782256812,5.632481770589948e-05
159721286_spinal_canal_stenosis_l3_l4,0.49234047532081604,0.4934771955013275,0.014182302169501781
159721286_spinal_canal_stenosis_l4_l5,0.008268263190984726,0.5868157744407654,0.404915988445282
159721286_spinal_canal_stenosis_l5_s1,0.9965906739234924,0.0029774263966828585,0.00043177418410778046
165018059_left_neural_foraminal_narrowing_l1_l2,0.9999100565910339,8.210087980842218e-05,7.876214112911839e-06
165018059_left_neural_foraminal_narrowing_l2_l3,0.9998985528945923,9.568865789333358e-05,5.76059210288804e-06
165018059_left_neural_foraminal_narrowing_l3_l4,0.9997199773788452,0.0002723070792853832,7.713536433584522e-06
165018059_left_neural_foraminal_narrowing_l4_l5,0.9834593534469604,0.016422966495156288,0.00011774586164392531
165018059_left_neural_foraminal_narrowing_l5_s1,0.9825260639190674,0.017162537202239037,0.0003113847051281482
165018059_left_subarticular_stenosis_l1_l2,0.9998286366462708,8.743260696064681e-05,8.395625627599657e-05
165018059_left_subarticular_stenosis_l2_l3,0.9997624754905701,0.00016679814143572003,7.078219641698524e-05
165018059_left_subarticular_stenosis_l3_l4,0.9990272521972656,0.0008634597179479897,0.00010926162940450013
165018059_left_subarticular_stenosis_l4_l5,0.8583734035491943,0.13718394935131073,0.004442608915269375
165018059_left_subarticular_stenosis_l5_s1,0.9816116690635681,0.017337912693619728,0.0010504369856789708
165018059_right_neural_foraminal_narrowing_l1_l2,0.9999106526374817,8.228078513639048e-05,7.0966252678772435e-06
165018059_right_neural_foraminal_narrowing_l2_l3,0.9999150037765503,8.0049445386976e-05,4.973331215296639e-06
165018059_right_neural_foraminal_narrowing_l3_l4,0.9996057152748108,0.00038508372381329536,9.18454497877974e-06
165018059_right_neural_foraminal_narrowing_l4_l5,0.9927706122398376,0.007155895233154297,7.356753485510126e-05
165018059_right_neural_foraminal_narrowing_l5_s1,0.52982097864151,0.46308666467666626,0.007092313375324011
165018059_right_subarticular_stenosis_l1_l2,0.9998444318771362,8.458117372356355e-05,7.10130188963376e-05
165018059_right_subarticular_stenosis_l2_l3,0.9998512268066406,9.630253043724224e-05,5.247035369393416e-05
165018059_right_subarticular_stenosis_l3_l4,0.998887300491333,0.0010089946445077658,0.00010363597539253533
165018059_right_subarticular_stenosis_l4_l5,0.8831450939178467,0.11319822072982788,0.0036567929200828075
165018059_right_subarticular_stenosis_l5_s1,0.8783233761787415,0.11712097376585007,0.0045556421391665936
165018059_spinal_canal_stenosis_l1_l2,0.9999793171882629,1.2055374099873006e-05,8.643861292512156e-06
165018059_spinal_canal_stenosis_l2_l3,0.9999784231185913,1.3944879356131423e-05,7.633201676071621e-06
165018059_spinal_canal_stenosis_l3_l4,0.9999644160270691,2.556243271101266e-05,1.0070614735013805e-05
165018059_spinal_canal_stenosis_l4_l5,0.9995524883270264,0.0003631983126979321,8.421116217505187e-05
165018059_spinal_canal_stenosis_l5_s1,0.9957889914512634,0.0034249285236001015,0.0007860566256567836
166255118_left_neural_foraminal_narrowing_l1_l2,0.999879002571106,0.0001116623097914271,9.408820915268734e-06
166255118_left_neural_foraminal_narrowing_l2_l3,0.9997649192810059,0.00022584840189665556,9.193452569888905e-06
166255118_left_neural_foraminal_narrowing_l3_l4,0.9971058964729309,0.0028599591460078955,3.4140666684834287e-05
166255118_left_neural_foraminal_narrowing_l4_l5,0.28993508219718933,0.6973304152488708,0.01273444015532732
166255118_left_neural_foraminal_narrowing_l5_s1,0.8381391763687134,0.15672874450683594,0.005132079124450684
166255118_left_subarticular_stenosis_l1_l2,0.9997660517692566,0.00016498631157446653,6.897027924424037e-05
166255118_left_subarticular_stenosis_l2_l3,0.9995550513267517,0.0003714176709763706,7.359461596934125e-05
166255118_left_subarticular_stenosis_l3_l4,0.9913403987884521,0.008305029012262821,0.0003546907100826502
166255118_left_subarticular_stenosis_l4_l5,0.002377220895141363,0.25635114312171936,0.7412716150283813
166255118_left_subarticular_stenosis_l5_s1,0.378592848777771,0.5168939232826233,0.10451323539018631
166255118_right_neural_foraminal_narrowing_l1_l2,0.9998267292976379,0.00016298719856422395,1.0293499144609086e-05
166255118_right_neural_foraminal_narrowing_l2_l3,0.9996386766433716,0.0003519524761941284,9.463772585149854e-06
166255118_right_neural_foraminal_narrowing_l3_l4,0.9932063221931458,0.006724973674863577,6.869508069939911e-05
166255118_right_neural_foraminal_narrowing_l4_l5,0.14405784010887146,0.820431113243103,0.03551105037331581
166255118_right_neural_foraminal_narrowing_l5_s1,0.7493452429771423,0.24004094302654266,0.0106138214468956
166255118_right_subarticular_stenosis_l1_l2,0.9998500943183899,9.705100819701329e-05,5.2846477046841756e-05
166255118_right_subarticular_stenosis_l2_l3,0.9995773434638977,0.00036016901140101254,6.248192948987707e-05
166255118_right_subarticular_stenosis_l3_l4,0.9891765713691711,0.010484528727829456,0.0003389030462130904
166255118_right_subarticular_stenosis_l4_l5,0.01643582247197628,0.5026870369911194,0.4808771312236786
166255118_right_subarticular_stenosis_l5_s1,0.20255963504314423,0.5766294002532959,0.2208109200000763
166255118_spinal_canal_stenosis_l1_l2,0.9999397397041321,4.479421841097064e-05,1.5486240954487585e-05
166255118_spinal_canal_stenosis_l2_l3,0.9999260902404785,5.455438804347068e-05,1.9342525774845853e-05
166255118_spinal_canal_stenosis_l3_l4,0.9996432662010193,0.0003014391113538295,5.5352080380544066e-05
166255118_spinal_canal_stenosis_l4_l5,0.009219901636242867,0.5868935585021973,0.4038865268230438
166255118_spinal_canal_stenosis_l5_s1,0.8462114930152893,0.13902068138122559,0.014767760410904884
168470924_left_neural_foraminal_narrowing_l1_l2,0.9999415874481201,5.1123410230502486e-05,7.262664894369664e-06
168470924_left_neural_foraminal_narrowing_l2_l3,0.9999126195907593,8.137884287862107e-05,5.981378308206331e-06
168470924_left_neural_foraminal_narrowing_l3_l4,0.9974444508552551,0.002528801327571273,2.6805564630194567e-05
168470924_left_neural_foraminal_narrowing_l4_l5,0.9921733140945435,0.0077200112864375114,0.00010672792996047065
168470924_left_neural_foraminal_narrowing_l5_s1,0.9945060014724731,0.00537180807441473,0.0001221982529386878
168470924_left_subarticular_stenosis_l1_l2,0.9999003410339355,4.416353112901561e-05,5.551244248636067e-05
168470924_left_subarticular_stenosis_l2_l3,0.9998716711997986,8.545057789888233e-05,4.288240961614065e-05
168470924_left_subarticular_stenosis_l3_l4,0.9907962679862976,0.008863033726811409,0.0003405716852284968
168470924_left_subarticular_stenosis_l4_l5,0.5882081985473633,0.4019474685192108,0.009844302199780941
168470924_left_subarticular_stenosis_l5_s1,0.9294414520263672,0.06731945276260376,0.0032390959095209837
168470924_right_neural_foraminal_narrowing_l1_l2,0.9999326467514038,5.981018330203369e-05,7.563545750599587e-06
168470924_right_neural_foraminal_narrowing_l2_l3,0.9999145269393921,7.790943345753476e-05,7.5885263868258335e-06
168470924_right_neural_foraminal_narrowing_l3_l4,0.9995006918907166,0.0004858408065047115,1.348363275610609e-05
168470924_right_neural_foraminal_narrowing_l4_l5,0.9270651936531067,0.07247375696897507,0.00046112813288345933
168470924_right_neural_foraminal_narrowing_l5_s1,0.9950576424598694,0.004786652512848377,0.0001557256473461166
168470924_right_subarticular_stenosis_l1_l2,0.9999263882637024,3.3618467568885535e-05,4.002163768745959e-05
168470924_right_subarticular_stenosis_l2_l3,0.9999159574508667,4.8768615670269355e-05,3.530707908794284e-05
168470924_right_subarticular_stenosis_l3_l4,0.9992316961288452,0.000703509256709367,6.47545894025825e-05
168470924_right_subarticular_stenosis_l4_l5,0.7301611304283142,0.265113890171051,0.004724991507828236
168470924_right_subarticular_stenosis_l5_s1,0.9566362500190735,0.041242897510528564,0.0021208683028817177
168470924_spinal_canal_stenosis_l1_l2,0.9999867677688599,7.651959094800986e-06,5.6492795010854024e-06
168470924_spinal_canal_stenosis_l2_l3,0.9999892115592957,6.7520786615205e-06,3.999185992142884e-06
168470924_spinal_canal_stenosis_l3_l4,0.9999868273735046,9.037338713824283e-06,4.0615673242427874e-06
168470924_spinal_canal_stenosis_l4_l5,0.9999362826347351,5.0633883802220225e-05,1.31268534460105e-05
168470924_spinal_canal_stenosis_l5_s1,0.9999282956123352,4.841505869990215e-05,2.333733755222056e-05
168833126_left_neural_foraminal_narrowing_l1_l2,0.9999331831932068,6.130784458946437e-05,5.474460976984119e-06
168833126_left_neural_foraminal_narrowing_l2_l3,0.9970859885215759,0.002877711784094572,3.624436794780195e-05
168833126_left_neural_foraminal_narrowing_l3_l4,0.8504114747047424,0.14898452162742615,0.0006040551816113293
168833126_left_neural_foraminal_narrowing_l4_l5,0.37535279989242554,0.6205227375030518,0.004124452825635672
168833126_left_neural_foraminal_narrowing_l5_s1,0.5796638131141663,0.41215619444847107,0.00818000826984644
168833126_left_subarticular_stenosis_l1_l2,0.9997830986976624,0.00011196293780812994,0.00010494748130440712
168833126_left_subarticular_stenosis_l2_l3,0.9496322274208069,0.04901280999183655,0.0013550014700740576
168833126_left_subarticular_stenosis_l3_l4,0.8971325755119324,0.10073397308588028,0.002133391099050641
168833126_left_subarticular_stenosis_l4_l5,0.03516459837555885,0.61783766746521,0.3469977378845215
168833126_left_subarticular_stenosis_l5_s1,0.05800589919090271,0.5626612305641174,0.37933290004730225
168833126_right_neural_foraminal_narrowing_l1_l2,0.9999170303344727,7.666763121960685e-05,6.314951860986184e-06
168833126_right_neural_foraminal_narrowing_l2_l3,0.9995250701904297,0.0004656462406273931,9.286441127187572e-06
168833126_right_neural_foraminal_narrowing_l3_l4,0.9734218716621399,0.02643856219947338,0.00013949788990430534
168833126_right_neural_foraminal_narrowing_l4_l5,0.5093756318092346,0.4880729913711548,0.0025513225700706244
168833126_right_neural_foraminal_narrowing_l5_s1,0.8102690577507019,0.18748235702514648,0.0022485728841274977
168833126_right_subarticular_stenosis_l1_l2,0.9997910261154175,0.00011993806401733309,8.90643204911612e-05
168833126_right_subarticular_stenosis_l2_l3,0.9962006211280823,0.0036466573365032673,0.00015276583144441247
168833126_right_subarticular_stenosis_l3_l4,0.9527233839035034,0.046336714178323746,0.0009398961556144059
168833126_right_subarticular_stenosis_l4_l5,0.013531571254134178,0.49033164978027344,0.4961368143558502
168833126_right_subarticular_stenosis_l5_s1,0.06399965286254883,0.5807797908782959,0.35522061586380005
168833126_spinal_canal_stenosis_l1_l2,0.9999718070030212,1.8657930922927335e-05,9.489755939284805e-06
168833126_spinal_canal_stenosis_l2_l3,0.999889612197876,9.258723730454221e-05,1.770509516063612e-05
168833126_spinal_canal_stenosis_l3_l4,0.9999455809593201,4.187722151982598e-05,1.255746519746026e-05
168833126_spinal_canal_stenosis_l4_l5,0.9946006536483765,0.005037995520979166,0.00036129532963968813
168833126_spinal_canal_stenosis_l5_s1,0.9991756081581116,0.0006615134770981967,0.00016286414756905288
169651375_left_neural_foraminal_narrowing_l1_l2,0.9998629093170166,0.0001279619464185089,9.149197467195336e-06
169651375_left_neural_foraminal_narrowing_l2_l3,0.9461243748664856,0.05339229479432106,0.000483313255244866
169651375_left_neural_foraminal_narrowing_l3_l4,0.8387067317962646,0.16042369604110718,0.0008695024880580604
169651375_left_neural_foraminal_narrowing_l4_l5,0.33222290873527527,0.6614330410957336,0.006344043184071779
169651375_left_neural_foraminal_narrowing_l5_s1,0.5879634618759155,0.40002816915512085,0.012008334510028362
169651375_left_subarticular_stenosis_l1_l2,0.9997206926345825,0.00017004577966872603,0.0001092394013539888
169651375_left_subarticular_stenosis_l2_l3,0.02608289197087288,0.6125978231430054,0.36131924390792847
169651375_left_subarticular_stenosis_l3_l4,0.5056437849998474,0.47656089067459106,0.017795380204916
169651375_left_subarticular_stenosis_l4_l5,0.0321744903922081,0.5820974111557007,0.385728120803833
169651375_left_subarticular_stenosis_l5_s1,0.7319560647010803,0.25860732793807983,0.009436584077775478
169651375_right_neural_foraminal_narrowing_l1_l2,0.9998658299446106,0.0001267976767849177,7.390886821667664e-06
169651375_right_neural_foraminal_narrowing_l2_l3,0.978491485118866,0.02132563665509224,0.0001828460517572239
169651375_right_neural_foraminal_narrowing_l3_l4,0.099228635430336,0.8623259663581848,0.038445424288511276
169651375_right_neural_foraminal_narrowing_l4_l5,0.09497551620006561,0.8433150053024292,0.06170947849750519
169651375_right_neural_foraminal_narrowing_l5_s1,0.4547151029109955,0.5158765316009521,0.029408423230051994
169651375_right_subarticular_stenosis_l1_l2,0.9998749494552612,8.73682729434222e-05,3.765644578379579e-05
169651375_right_subarticular_stenosis_l2_l3,0.11337458342313766,0.7678901553153992,0.11873529106378555
169651375_right_subarticular_stenosis_l3_l4,0.0036331252194941044,0.31576651334762573,0.6806003451347351
169651375_right_subarticular_stenosis_l4_l5,0.062475286424160004,0.5975938439369202,0.3399308919906616
169651375_right_subarticular_stenosis_l5_s1,0.6321377158164978,0.34110116958618164,0.026761051267385483
169651375_spinal_canal_stenosis_l1_l2,0.9999703168869019,2.0609513740055263e-05,9.119184142036829e-06
169651375_spinal_canal_stenosis_l2_l3,0.053260598331689835,0.899330735206604,0.04740867391228676
169651375_spinal_canal_stenosis_l3_l4,0.9946110248565674,0.005039578769356012,0.0003494099073577672
169651375_spinal_canal_stenosis_l4_l5,0.9786258339881897,0.020425569266080856,0.0009485407499596477
169651375_spinal_canal_stenosis_l5_s1,0.9996017813682556,0.00034238354419358075,5.5796663218643516e-05
176605889_left_neural_foraminal_narrowing_l1_l2,0.9997444152832031,0.0002359806967433542,1.9617766156443395e-05
176605889_left_neural_foraminal_narrowing_l2_l3,0.9989915490150452,0.0009872902883216739,2.1248230041237548e-05
176605889_left_neural_foraminal_narrowing_l3_l4,0.9732047915458679,0.026499522849917412,0.00029564168653450906
176605889_left_neural_foraminal_narrowing_l4_l5,0.074593186378479,0.8435494899749756,0.08185733109712601
176605889_left_neural_foraminal_narrowing_l5_s1,0.646186351776123,0.3408990502357483,0.0129146259278059
176605889_left_subarticular_stenosis_l1_l2,0.9996388554573059,0.00027549348305910826,8.563918527215719e-05
176605889_left_subarticular_stenosis_l2_l3,0.996048092842102,0.0037653029430657625,0.00018663518130779266
176605889_left_subarticular_stenosis_l3_l4,0.8988104462623596,0.09836519509553909,0.002824284601956606
176605889_left_subarticular_stenosis_l4_l5,0.04507099837064743,0.580540657043457,0.37438836693763733
176605889_left_subarticular_stenosis_l5_s1,0.8575027585029602,0.1348913013935089,0.007605983875691891
176605889_right_neural_foraminal_narrowing_l1_l2,0.9997472763061523,0.0002372962044319138,1.5430841813213192e-05
176605889_right_neural_foraminal_narrowing_l2_l3,0.9977329969406128,0.002237605629488826,2.9386104870354757e-05
176605889_right_neural_foraminal_narrowing_l3_l4,0.9667409062385559,0.033018968999385834,0.00024018745170906186
176605889_right_neural_foraminal_narrowing_l4_l5,0.08072779327630997,0.8704205751419067,0.048851579427719116
176605889_right_neural_foraminal_narrowing_l5_s1,0.0013599008088931441,0.2969176173210144,0.7017225027084351
176605889_right_subarticular_stenosis_l1_l2,0.9997589588165283,0.00017302503692917526,6.799934635637328e-05
176605889_right_subarticular_stenosis_l2_l3,0.9947892427444458,0.005029427818953991,0.00018129049567505717
176605889_right_subarticular_stenosis_l3_l4,0.8601083159446716,0.13622333109378815,0.003668328281491995
176605889_right_subarticular_stenosis_l4_l5,0.038888946175575256,0.5173370242118835,0.4437739849090576
176605889_right_subarticular_stenosis_l5_s1,0.2805214822292328,0.48385971784591675,0.23561879992485046
176605889_spinal_canal_stenosis_l1_l2,0.9999796152114868,1.4693481716676615e-05,5.665675416821614e-06
176605889_spinal_canal_stenosis_l2_l3,0.9999698400497437,2.192880492657423e-05,8.237107067543548e-06
176605889_spinal_canal_stenosis_l3_l4,0.9999482035636902,4.292751691536978e-05,8.784353667579126e-06
176605889_spinal_canal_stenosis_l4_l5,0.9882833361625671,0.010853109881281853,0.0008636325364932418
176605889_spinal_canal_stenosis_l5_s1,0.9999390840530396,3.39833386533428e-05,2.693858914426528e-05
177339056_left_neural_foraminal_narrowing_l1_l2,0.9999428987503052,4.8474339564563707e-05,8.666079338581767e-06
177339056_left_neural_foraminal_narrowing_l2_l3,0.9999037981033325,8.8121036242228e-05,8.092309144558385e-06
177339056_left_neural_foraminal_narrowing_l3_l4,0.999767005443573,0.0002207978250226006,1.2205266102682799e-05
177339056_left_neural_foraminal_narrowing_l4_l5,0.9979262948036194,0.002021685941144824,5.200636587687768e-05
177339056_left_neural_foraminal_narrowing_l5_s1,0.9934040904045105,0.006322822999209166,0.0002729905827436596
177339056_left_subarticular_stenosis_l1_l2,0.9999179840087891,3.0300361686386168e-05,5.1765222451649606e-05
177339056_left_subarticular_stenosis_l2_l3,0.9998881816864014,6.449832289945334e-05,4.735480615636334e-05
177339056_left_subarticular_stenosis_l3_l4,0.9998578429222107,9.111582767218351e-05,5.1017486839555204e-05
177339056_left_subarticular_stenosis_l4_l5,0.9976128935813904,0.0022052188869565725,0.00018189602997153997
177339056_left_subarticular_stenosis_l5_s1,0.9983832836151123,0.0014710318064317107,0.0001456841710023582
177339056_right_neural_foraminal_narrowing_l1_l2,0.9999271631240845,6.227393168956041e-05,1.0535266483202577e-05
177339056_right_neural_foraminal_narrowing_l2_l3,0.9998899102210999,9.960916941054165e-05,1.0518870112719014e-05
177339056_right_neural_foraminal_narrowing_l3_l4,0.999682605266571,0.00029856685432605445,1.8860895579564385e-05
177339056_right_neural_foraminal_narrowing_l4_l5,0.9988763928413391,0.0010763731552287936,4.723244273918681e-05
177339056_right_neural_foraminal_narrowing_l5_s1,0.991134524345398,0.00850065890699625,0.00036493295920081437
177339056_right_subarticular_stenosis_l1_l2,0.9999181628227234,3.2076382922241464e-05,4.977826029062271e-05
177339056_right_subarticular_stenosis_l2_l3,0.9998743534088135,7.11286484147422e-05,5.4565989557886496e-05
177339056_right_subarticular_stenosis_l3_l4,0.9998194575309753,0.0001197315359604545,6.0774826124543324e-05
177339056_right_subarticular_stenosis_l4_l5,0.9989612698554993,0.0009212982840836048,0.00011747111420845613
177339056_right_subarticular_stenosis_l5_s1,0.9984091520309448,0.001434011966921389,0.00015673745656386018
177339056_spinal_canal_stenosis_l1_l2,0.9999915957450867,4.199594968667952e-06,4.258429726178292e-06
177339056_spinal_canal_stenosis_l2_l3,0.9999910593032837,5.030183729104465e-06,3.966179974668194e-06
177339056_spinal_canal_stenosis_l3_l4,0.9999918937683105,4.421786343300482e-06,3.644509661171469e-06
177339056_spinal_canal_stenosis_l4_l5,0.9999777674674988,1.0240901247016154e-05,1.199618691316573e-05
177339056_spinal_canal_stenosis_l5_s1,0.9999823570251465,7.405480573652312e-06,1.028475435305154e-05
178041181_left_neural_foraminal_narrowing_l1_l2,0.9998372197151184,0.0001484218519181013,1.4365323295351118e-05
178041181_left_neural_foraminal_narrowing_l2_l3,0.9998548030853271,0.00013546066475100815,9.69113261817256e-06
178041181_left_neural_foraminal_narrowing_l3_l4,0.9944291710853577,0.005494152661412954,7.674398511881009e-05
178041181_left_neural_foraminal_narrowing_l4_l5,0.011945446953177452,0.7168099880218506,0.27124452590942383
178041181_left_neural_foraminal_narrowing_l5_s1,0.13971629738807678,0.7944803833961487,0.06580326706171036
178041181_left_subarticular_stenosis_l1_l2,0.9998874664306641,6.637756450800225e-05,4.6119494072627276e-05
178041181_left_subarticular_stenosis_l2_l3,0.9998916387557983,7.088896381901577e-05,3.751525582629256e-05
178041181_left_subarticular_stenosis_l3_l4,0.998279333114624,0.0015868863556534052,0.00013383926125243306
178041181_left_subarticular_stenosis_l4_l5,0.3855050206184387,0.5397790670394897,0.07471593469381332
178041181_left_subarticular_stenosis_l5_s1,0.8088696599006653,0.18281607329845428,0.00831426028162241
178041181_right_neural_foraminal_narrowing_l1_l2,0.999815821647644,0.00016918848268687725,1.5001137398940045e-05
178041181_right_neural_foraminal_narrowing_l2_l3,0.9998411536216736,0.00014994190132711083,8.900221473595593e-06
178041181_right_neural_foraminal_narrowing_l3_l4,0.9908326864242554,0.009102605283260345,6.467360799433663e-05
178041181_right_neural_foraminal_narrowing_l4_l5,0.3039381802082062,0.6855762004852295,0.010485551320016384
178041181_right_neural_foraminal_narrowing_l5_s1,0.000727865204680711,0.2797921597957611,0.7194799780845642
178041181_right_subarticular_stenosis_l1_l2,0.9998822808265686,7.451037527061999e-05,4.322826862335205e-05
178041181_right_subarticular_stenosis_l2_l3,0.9998735189437866,9.10037852008827e-05,3.548944732756354e-05
178041181_right_subarticular_stenosis_l3_l4,0.9918888807296753,0.007860325276851654,0.0002508493489585817
178041181_right_subarticular_stenosis_l4_l5,0.6110391020774841,0.3659592270851135,0.02300170063972473
178041181_right_subarticular_stenosis_l5_s1,0.5136186480522156,0.4113602936267853,0.07502111792564392
178041181_spinal_canal_stenosis_l1_l2,0.9999936819076538,2.654514673849917e-06,3.669999614430708e-06
178041181_spinal_canal_stenosis_l2_l3,0.9999936819076538,3.0896167118044104e-06,3.241976628487464e-06
178041181_spinal_canal_stenosis_l3_l4,0.999992311000824,4.30320733357803e-06,3.4112267712771427e-06
178041181_spinal_canal_stenosis_l4_l5,0.9999789595603943,1.4543088582286146e-05,6.46497892375919e-06
178041181_spinal_canal_stenosis_l5_s1,0.999984622001648,9.760467037267517e-06,5.6604062592668924e-06
178651310_left_neural_foraminal_narrowing_l1_l2,0.999829888343811,0.00015006381727289408,2.0001381926704198e-05
178651310_left_neural_foraminal_narrowing_l2_l3,0.9997418522834778,0.0002471183834131807,1.0940508218482137e-05
178651310_left_neural_foraminal_narrowing_l3_l4,0.9460750818252563,0.05355462804436684,0.00037031847750768065
178651310_left_neural_foraminal_narrowing_l4_l5,0.7372876405715942,0.25959205627441406,0.003120286390185356
178651310_left_neural_foraminal_narrowing_l5_s1,0.9938614964485168,0.005753896199166775,0.0003846059553325176
178651310_left_subarticular_stenosis_l1_l2,0.9997938275337219,0.00014799230848439038,5.819146099383943e-05
178651310_left_subarticular_stenosis_l2_l3,0.9997516870498657,0.00021126998763065785,3.705099516082555e-05
178651310_left_subarticular_stenosis_l3_l4,0.9672952890396118,0.03090892732143402,0.0017957368399947882
178651310_left_subarticular_stenosis_l4_l5,0.3422603905200958,0.6034792065620422,0.05426035448908806
178651310_left_subarticular_stenosis_l5_s1,0.9942589998245239,0.005170600023120642,0.0005702956696040928
178651310_right_neural_foraminal_narrowing_l1_l2,0.9997087121009827,0.0002663293853402138,2.4884237063815817e-05
178651310_right_neural_foraminal_narrowing_l2_l3,0.9980384111404419,0.0019147899001836777,4.679544144892134e-05
178651310_right_neural_foraminal_narrowing_l3_l4,0.7134483456611633,0.28243541717529297,0.004116177558898926
178651310_right_neural_foraminal_narrowing_l4_l5,0.2355659306049347,0.7431324124336243,0.021301697939634323
178651310_right_neural_foraminal_narrowing_l5_s1,0.962649941444397,0.03549552708864212,0.0018545023631304502
178651310_right_subarticular_stenosis_l1_l2,0.9997730851173401,0.00017522003327030689,5.170275835553184e-05
178651310_right_subarticular_stenosis_l2_l3,0.9983941912651062,0.0014944019494578242,0.00011136054672533646
178651310_right_subarticular_stenosis_l3_l4,0.7172799110412598,0.27132925391197205,0.011390895582735538
178651310_right_subarticular_stenosis_l4_l5,0.05271889269351959,0.6005988121032715,0.34668228030204773
178651310_right_subarticular_stenosis_l5_s1,0.9715502858161926,0.026275239884853363,0.002174489200115204
178651310_spinal_canal_stenosis_l1_l2,0.9999865293502808,7.866497071518097e-06,5.652906111208722e-06
178651310_spinal_canal_stenosis_l2_l3,0.9999681711196899,2.402805330348201e-05,7.725743671471719e-06
178651310_spinal_canal_stenosis_l3_l4,0.9998500347137451,0.00012548110680654645,2.4426713935099542e-05
178651310_spinal_canal_stenosis_l4_l5,0.93748939037323,0.0582248829305172,0.004285699222236872
178651310_spinal_canal_stenosis_l5_s1,0.9999851584434509,5.64007541470346e-06,9.229871466231998e-06
180341550_left_neural_foraminal_narrowing_l1_l2,0.9960801601409912,0.003837945871055126,8.182983583537862e-05
180341550_left_neural_foraminal_narrowing_l2_l3,0.9902200102806091,0.009661623276770115,0.00011826099216705188
180341550_left_neural_foraminal_narrowing_l3_l4,0.7564290761947632,0.24213433265686035,0.0014365905662998557
180341550_left_neural_foraminal_narrowing_l4_l5,0.027746455743908882,0.6297656297683716,0.3424879312515259
180341550_left_neural_foraminal_narrowing_l5_s1,0.9599665403366089,0.03871845453977585,0.001315007801167667
180341550_left_subarticular_stenosis_l1_l2,0.7236723899841309,0.26527899503707886,0.011048579588532448
180341550_left_subarticular_stenosis_l2_l3,0.4993690550327301,0.4833432734012604,0.01728767342865467
180341550_left_subarticular_stenosis_l3_l4,0.13492421805858612,0.7453681826591492,0.11970759183168411
180341550_left_subarticular_stenosis_l4_l5,4.572575926431455e-05,0.004957835655659437,0.9949964284896851
180341550_left_subarticular_stenosis_l5_s1,0.9765706062316895,0.022123344242572784,0.00130599329713732
180341550_right_neural_foraminal_narrowing_l1_l2,0.9997885227203369,0.0001991543686017394,1.2312547369219828e-05
180341550_right_neural_foraminal_narrowing_l2_l3,0.9985791444778442,0.0014005035627633333,2.041867446678225e-05
180341550_right_neural_foraminal_narrowing_l3_l4,0.9692825675010681,0.030474407598376274,0.0002430808963254094
180341550_right_neural_foraminal_narrowing_l4_l5,0.009797184728085995,0.5575971007347107,0.43260565400123596
180341550_right_neural_foraminal_narrowing_l5_s1,0.9764950275421143,0.02279379963874817,0.0007111443555913866
180341550_right_subarticular_stenosis_l1_l2,0.9988794326782227,0.0009006151813082397,0.00021994895359966904
180341550_right_subarticular_stenosis_l2_l3,0.9904102683067322,0.00928737223148346,0.0003024339384865016
180341550_right_subarticular_stenosis_l3_l4,0.858356237411499,0.13849402964115143,0.0031497955787926912
180341550_right_subarticular_stenosis_l4_l5,6.670927541563287e-05,0.010025475174188614,0.9899078607559204
180341550_right_subarticular_stenosis_l5_s1,0.9753445386886597,0.023379255086183548,0.001276275608688593
180341550_spinal_canal_stenosis_l1_l2,0.9990856051445007,0.00082179851597175,9.26208813325502e-05
180341550_spinal_canal_stenosis_l2_l3,0.9954218864440918,0.004211300052702427,0.0003667111159302294
180341550_spinal_canal_stenosis_l3_l4,0.9413432478904724,0.05594710633158684,0.0027097277343273163
180341550_spinal_canal_stenosis_l4_l5,0.0009461504523642361,0.012602446600794792,0.9864513874053955
180341550_spinal_canal_stenosis_l5_s1,0.9997904300689697,0.00015194166917353868,5.762762884842232e-05
181779472_left_neural_foraminal_narrowing_l1_l2,0.9999345541000366,5.628423241432756e-05,9.18997739063343e-06
181779472_left_neural_foraminal_narrowing_l2_l3,0.9999288320541382,6.423548620659858e-05,6.9357292886707e-06
181779472_left_neural_foraminal_narrowing_l3_l4,0.9996778964996338,0.00031071610283106565,1.1415126209612936e-05
181779472_left_neural_foraminal_narrowing_l4_l5,0.8743436336517334,0.12483855336904526,0.0008179022697731853
181779472_left_neural_foraminal_narrowing_l5_s1,0.9599223732948303,0.03900117427110672,0.0010764729231595993
181779472_left_subarticular_stenosis_l1_l2,0.9998460412025452,6.55387484584935e-05,8.84754117578268e-05
181779472_left_subarticular_stenosis_l2_l3,0.999847948551178,9.011233487399295e-05,6.190939893713221e-05
181779472_left_subarticular_stenosis_l3_l4,0.9992903470993042,0.0006393736111931503,7.030851702438667e-05
181779472_left_subarticular_stenosis_l4_l5,0.6624882221221924,0.3281448781490326,0.00936692301183939
181779472_left_subarticular_stenosis_l5_s1,0.9724374413490295,0.02627800777554512,0.001284478115849197
181779472_right_neural_foraminal_narrowing_l1_l2,0.9999270439147949,6.297553773038089e-05,9.937006325344555e-06
181779472_right_neural_foraminal_narrowing_l2_l3,0.9999094009399414,8.267028169939294e-05,7.954279681143817e-06
181779472_right_neural_foraminal_narrowing_l3_l4,0.9996798634529114,0.0003060977323912084,1.4041303984413389e-05
181779472_right_neural_foraminal_narrowing_l4_l5,0.9168503284454346,0.08235882222652435,0.0007908498519100249
181779472_right_neural_foraminal_narrowing_l5_s1,0.865429699420929,0.13167455792427063,0.0028958593029528856
181779472_right_subarticular_stenosis_l1_l2,0.9998610615730286,6.080632738303393e-05,7.817311416147277e-05
181779472_right_subarticular_stenosis_l2_l3,0.9998900890350342,6.830325582996011e-05,4.162765617365949e-05
181779472_right_subarticular_stenosis_l3_l4,0.9997697472572327,0.00018830987391993403,4.1964914998970926e-05
181779472_right_subarticular_stenosis_l4_l5,0.9200076460838318,0.07820425927639008,0.0017882034881040454
181779472_right_subarticular_stenosis_l5_s1,0.9474755525588989,0.050598353147506714,0.0019261350389569998
181779472_spinal_canal_stenosis_l1_l2,0.9999549984931946,3.132977508357726e-05,1.3591749848274048e-05
181779472_spinal_canal_stenosis_l2_l3,0.9999706745147705,1.9538458218448795e-05,9.741321264300495e-06
181779472_spinal_canal_stenosis_l3_l4,0.9999770522117615,1.48074086609995e-05,8.113713192869909e-06
181779472_spinal_canal_stenosis_l4_l5,0.9999438524246216,3.8148442399688065e-05,1.8031883882940747e-05
181779472_spinal_canal_stenosis_l5_s1,0.9999562501907349,2.579112879175227e-05,1.7924478015629575e-05
182843007_left_neural_foraminal_narrowing_l1_l2,0.9999385476112366,5.364638491300866e-05,7.804951565049123e-06
182843007_left_neural_foraminal_narrowing_l2_l3,0.9998899102210999,0.00010317550913896412,6.953456249902956e-06
182843007_left_neural_foraminal_narrowing_l3_l4,0.9997566342353821,0.00023367335961665958,9.704479452921078e-06
182843007_left_neural_foraminal_narrowing_l4_l5,0.9775952100753784,0.022158825770020485,0.00024589660461060703
182843007_left_neural_foraminal_narrowing_l5_s1,0.21125271916389465,0.7476201057434082,0.041127145290374756
182843007_left_subarticular_stenosis_l1_l2,0.99991375207901,3.942380863009021e-05,4.6854976972099394e-05
182843007_left_subarticular_stenosis_l2_l3,0.9998223781585693,0.00013990623119752854,3.7703382986364886e-05
182843007_left_subarticular_stenosis_l3_l4,0.99983149766922,0.00013325520558282733,3.52380120602902e-05
182843007_left_subarticular_stenosis_l4_l5,0.960207462310791,0.038969166576862335,0.0008233340922743082
182843007_left_subarticular_stenosis_l5_s1,0.33851316571235657,0.5105329155921936,0.15095385909080505
182843007_right_neural_foraminal_narrowing_l1_l2,0.999924898147583,6.838524859631434e-05,6.758421022823313e-06
182843007_right_neural_foraminal_narrowing_l2_l3,0.9998190402984619,0.00017315876903012395,7.737268788332585e-06
182843007_right_neural_foraminal_narrowing_l3_l4,0.9996621012687683,0.0003255374322179705,1.2340758985374123e-05
182843007_right_neural_foraminal_narrowing_l4_l5,0.9951136708259583,0.004781255964189768,0.00010509515414014459
182843007_right_neural_foraminal_narrowing_l5_s1,0.9931729435920715,0.006574857980012894,0.0002521655987948179
182843007_right_subarticular_stenosis_l1_l2,0.9999222755432129,3.42435778293293e-05,4.3522388295968994e-05
182843007_right_subarticular_stenosis_l2_l3,0.9997901320457458,0.0001663900475250557,4.3410207581473514e-05
182843007_right_subarticular_stenosis_l3_l4,0.9998197555541992,0.00014700283645652235,3.32345261995215e-05
182843007_right_subarticular_stenosis_l4_l5,0.995324969291687,0.004469122737646103,0.00020586988830473274
182843007_right_subarticular_stenosis_l5_s1,0.9852508902549744,0.014065280556678772,0.0006839009001851082
182843007_spinal_canal_stenosis_l1_l2,0.9999815225601196,1.035319291986525e-05,8.080201951088384e-06
182843007_spinal_canal_stenosis_l2_l3,0.9999834895133972,9.48818887991365e-06,7.015701157797594e-06
182843007_spinal_canal_stenosis_l3_l4,0.9999881982803345,6.1009232013020664e-06,5.722351033909945e-06
182843007_spinal_canal_stenosis_l4_l5,0.9999834895133972,9.63006095844321e-06,6.852139904367505e-06
182843007_spinal_canal_stenosis_l5_s1,0.9999669194221497,2.003708141273819e-05,1.3082250006846152e-05
183230492_left_neural_foraminal_narrowing_l1_l2,0.9996022582054138,0.0003872725646942854,1.0455252777319402e-05
183230492_left_neural_foraminal_narrowing_l2_l3,0.9799484610557556,0.019947145134210587,0.00010442514030728489
183230492_left_neural_foraminal_narrowing_l3_l4,0.3557586073875427,0.6392412781715393,0.0050000459887087345
183230492_left_neural_foraminal_narrowing_l4_l5,0.9107846617698669,0.08863717317581177,0.0005781104555353522
183230492_left_neural_foraminal_narrowing_l5_s1,0.9465410709381104,0.05282871425151825,0.0006302424590103328
183230492_left_subarticular_stenosis_l1_l2,0.9976497888565063,0.0021420391276478767,0.00020810216665267944
183230492_left_subarticular_stenosis_l2_l3,0.9183688163757324,0.08019407838582993,0.001437188358977437
183230492_left_subarticular_stenosis_l3_l4,0.00019292774959467351,0.05828838422894478,0.9415187239646912
183230492_left_subarticular_stenosis_l4_l5,0.26698753237724304,0.6857298612594604,0.04728258028626442
183230492_left_subarticular_stenosis_l5_s1,0.3126690685749054,0.625455915927887,0.061875078827142715
183230492_right_neural_foraminal_narrowing_l1_l2,0.9996245503425598,0.00036381094832904637,1.1632072528300341e-05
183230492_right_neural_foraminal_narrowing_l2_l3,0.9944754242897034,0.005479109939187765,4.534298932412639e-05
183230492_right_neural_foraminal_narrowing_l3_l4,0.5224515199661255,0.47456809878349304,0.0029804150108247995
183230492_right_neural_foraminal_narrowing_l4_l5,0.921647846698761,0.07759568840265274,0.0007565342239104211
183230492_right_neural_foraminal_narrowing_l5_s1,0.9635441899299622,0.035502221435308456,0.000953512906562537
183230492_right_subarticular_stenosis_l1_l2,0.9994271993637085,0.0005139947752468288,5.879558011656627e-05
183230492_right_subarticular_stenosis_l2_l3,0.9331916570663452,0.06576906144618988,0.0010392616968601942
183230492_right_subarticular_stenosis_l3_l4,0.0002207165671279654,0.06890977174043655,0.930869460105896
183230492_right_subarticular_stenosis_l4_l5,0.16079451143741608,0.7265122532844543,0.1126931682229042
183230492_right_subarticular_stenosis_l5_s1,0.0646258220076561,0.5217546820640564,0.4136194586753845
183230492_spinal_canal_stenosis_l1_l2,0.9998346567153931,0.0001367199292872101,2.8653737899730913e-05
183230492_spinal_canal_stenosis_l2_l3,0.9566296339035034,0.04211524501442909,0.0012551102554425597
183230492_spinal_canal_stenosis_l3_l4,0.0007108692079782486,0.03599318116903305,0.9632959365844727
183230492_spinal_canal_stenosis_l4_l5,0.8921244144439697,0.10208229720592499,0.005793238058686256
183230492_spinal_canal_stenosis_l5_s1,0.9968176484107971,0.0028491285629570484,0.00033317680936306715
185510290_left_neural_foraminal_narrowing_l1_l2,0.018618309870362282,0.6826361417770386,0.2987455129623413
185510290_left_neural_foraminal_narrowing_l2_l3,0.3409397006034851,0.6494242548942566,0.009636069647967815
185510290_left_neural_foraminal_narrowing_l3_l4,0.14406006038188934,0.8389607667922974,0.016979215666651726
185510290_left_neural_foraminal_narrowing_l4_l5,0.008696221746504307,0.4851793944835663,0.5061243772506714
185510290_left_neural_foraminal_narrowing_l5_s1,0.025735868141055107,0.6250237226486206,0.3492404520511627
185510290_left_subarticular_stenosis_l1_l2,0.002089946996420622,0.2424556016921997,0.7554544806480408
185510290_left_subarticular_stenosis_l2_l3,0.002287500537931919,0.2688278555870056,0.7288846373558044
185510290_left_subarticular_stenosis_l3_l4,0.001228950684890151,0.18797169625759125,0.8107993602752686
185510290_left_subarticular_stenosis_l4_l5,9.291170135838911e-05,0.0215119868516922,0.9783951044082642
185510290_left_subarticular_stenosis_l5_s1,0.0004358102451078594,0.05685269087553024,0.9427114725112915
185510290_right_neural_foraminal_narrowing_l1_l2,0.21195071935653687,0.7704125642776489,0.017636742442846298
185510290_right_neural_foraminal_narrowing_l2_l3,0.0009952341206371784,0.13549025356769562,0.8635145425796509
185510290_right_neural_foraminal_narrowing_l3_l4,0.0020718115847557783,0.44225043058395386,0.5556777715682983
185510290_right_neural_foraminal_narrowing_l4_l5,0.002708159852772951,0.2865048944950104,0.7107869386672974
185510290_right_neural_foraminal_narrowing_l5_s1,0.8841387629508972,0.11248944699764252,0.003371765837073326
185510290_right_subarticular_stenosis_l1_l2,0.0054668886587023735,0.35252347588539124,0.6420096755027771
185510290_right_subarticular_stenosis_l2_l3,6.159517943160608e-05,0.009439327754080296,0.9904990792274475
185510290_right_subarticular_stenosis_l3_l4,0.00018688470299821347,0.061430513858795166,0.9383825659751892
185510290_right_subarticular_stenosis_l4_l5,0.001132998731918633,0.1960446685552597,0.8028223514556885
185510290_right_subarticular_stenosis_l5_s1,0.07243199646472931,0.6059641242027283,0.3216038644313812
185510290_spinal_canal_stenosis_l1_l2,0.0016818258445709944,0.09027758240699768,0.9080406427383423
185510290_spinal_canal_stenosis_l2_l3,0.0014283288037404418,0.05589732900261879,0.9426743388175964
185510290_spinal_canal_stenosis_l3_l4,0.03738541528582573,0.7544146776199341,0.20819993317127228
185510290_spinal_canal_stenosis_l4_l5,0.15097492933273315,0.757946252822876,0.09107884019613266
185510290_spinal_canal_stenosis_l5_s1,0.9882017970085144,0.009476812556385994,0.00232146168127656
189160688_left_neural_foraminal_narrowing_l1_l2,0.9991742372512817,0.0007913412991911173,3.438914063735865e-05
189160688_left_neural_foraminal_narrowing_l2_l3,0.9997836947441101,0.00020733565906994045,8.984256055555306e-06
189160688_left_neural_foraminal_narrowing_l3_l4,0.9642200469970703,0.03552354872226715,0.00025652756448835135
189160688_left_neural_foraminal_narrowing_l4_l5,0.069206602871418,0.7760761976242065,0.15471716225147247
189160688_left_neural_foraminal_narrowing_l5_s1,0.7072665691375732,0.28158190846443176,0.011151539161801338
189160688_left_subarticular_stenosis_l1_l2,0.9956094622612,0.003975066356360912,0.0004155324713792652
189160688_left_subarticular_stenosis_l2_l3,0.9997383952140808,0.0002098946861224249,5.174332909518853e-05
189160688_left_subarticular_stenosis_l3_l4,0.8936197757720947,0.10390087217092514,0.002479302929714322
189160688_left_subarticular_stenosis_l4_l5,0.0024942371528595686,0.2271101027727127,0.7703956961631775
189160688_left_subarticular_stenosis_l5_s1,0.8066956996917725,0.1838761419057846,0.009428241290152073
189160688_right_neural_foraminal_narrowing_l1_l2,0.999611496925354,0.00037309349863789976,1.5342198821599595e-05
189160688_right_neural_foraminal_narrowing_l2_l3,0.9998266696929932,0.00016552410670556128,7.710531463089865e-06
189160688_right_neural_foraminal_narrowing_l3_l4,0.986578106880188,0.013310041278600693,0.00011187820200575516
189160688_right_neural_foraminal_narrowing_l4_l5,0.20442187786102295,0.7477849721908569,0.0477931834757328
189160688_right_neural_foraminal_narrowing_l5_s1,0.940443217754364,0.056875698268413544,0.002681044163182378
189160688_right_subarticular_stenosis_l1_l2,0.9993396997451782,0.0005662179319187999,9.411074279341847e-05
189160688_right_subarticular_stenosis_l2_l3,0.9997413158416748,0.00019654602510854602,6.215381290530786e-05
189160688_right_subarticular_stenosis_l3_l4,0.9093307256698608,0.08767686784267426,0.0029924458358436823
189160688_right_subarticular_stenosis_l4_l5,0.07235194742679596,0.5962501168251038,0.3313979208469391
189160688_right_subarticular_stenosis_l5_s1,0.8771064281463623,0.1157965287566185,0.007097119465470314
189160688_spinal_canal_stenosis_l1_l2,0.9969097971916199,0.002780816052109003,0.0003093484556302428
189160688_spinal_canal_stenosis_l2_l3,0.999977707862854,1.6590558516327292e-05,5.694649189535994e-06
189160688_spinal_canal_stenosis_l3_l4,0.9997420907020569,0.00023352139396592975,2.4283970560645685e-05
189160688_spinal_canal_stenosis_l4_l5,0.022860268130898476,0.7838548421859741,0.19328492879867554
189160688_spinal_canal_stenosis_l5_s1,0.9995197057723999,0.00037951336707919836,0.00010075025056721643
189207389_left_neural_foraminal_narrowing_l1_l2,0.9997612833976746,0.00021809279860462993,2.0623298041755334e-05
189207389_left_neural_foraminal_narrowing_l2_l3,0.9998077750205994,0.0001803593331715092,1.1879809790116269e-05
189207389_left_neural_foraminal_narrowing_l3_l4,0.9985338449478149,0.0014367213007062674,2.9441229344229214e-05
189207389_left_neural_foraminal_narrowing_l4_l5,0.929567813873291,0.06928392499685287,0.0011483250418677926
189207389_left_neural_foraminal_narrowing_l5_s1,0.9646697044372559,0.03429972380399704,0.0010305726900696754
189207389_left_subarticular_stenosis_l1_l2,0.9998030662536621,0.00010506920807529241,9.183681686408818e-05
189207389_left_subarticular_stenosis_l2_l3,0.9997433423995972,0.0001836372393881902,7.30382525944151e-05
189207389_left_subarticular_stenosis_l3_l4,0.9958968162536621,0.003931812476366758,0.00017137955001089722
189207389_left_subarticular_stenosis_l4_l5,0.4947614371776581,0.47940292954444885,0.025835607200860977
189207389_left_subarticular_stenosis_l5_s1,0.9208185076713562,0.07633862644433975,0.002842884510755539
189207389_right_neural_foraminal_narrowing_l1_l2,0.9994531273841858,0.000498370616696775,4.851760604651645e-05
189207389_right_neural_foraminal_narrowing_l2_l3,0.9997290968894958,0.00025090487906709313,2.0008368665003218e-05
189207389_right_neural_foraminal_narrowing_l3_l4,0.9988375306129456,0.0011261925101280212,3.627816477091983e-05
189207389_right_neural_foraminal_narrowing_l4_l5,0.961205005645752,0.038129739463329315,0.0006652532611042261
189207389_right_neural_foraminal_narrowing_l5_s1,0.9788947105407715,0.020315825939178467,0.0007894349400885403
189207389_right_subarticular_stenosis_l1_l2,0.9996431469917297,0.0002355814358452335,0.00012123161286581308
189207389_right_subarticular_stenosis_l2_l3,0.9996829628944397,0.00023446159320883453,8.259533206000924e-05
189207389_right_subarticular_stenosis_l3_l4,0.9978418350219727,0.00201713596470654,0.0001410388940712437
189207389_right_subarticular_stenosis_l4_l5,0.7734591364860535,0.21838074922561646,0.008160133846104145
189207389_right_subarticular_stenosis_l5_s1,0.9886949062347412,0.010640681721270084,0.0006644391105510294
189207389_spinal_canal_stenosis_l1_l2,0.9999759793281555,1.5694149624323472e-05,8.369175702682696e-06
189207389_spinal_canal_stenosis_l2_l3,0.9999784231185913,1.4735335753357504e-05,6.866793228255119e-06
189207389_spinal_canal_stenosis_l3_l4,0.9999668598175049,2.4425005904049613e-05,8.729831279197242e-06
189207389_spinal_canal_stenosis_l4_l5,0.9998563528060913,0.00011474976781755686,2.879672683775425e-05
189207389_spinal_canal_stenosis_l5_s1,0.9999511241912842,3.0116043490124866e-05,1.87265504791867e-05
189360935_left_neural_foraminal_narrowing_l1_l2,0.16212426126003265,0.7853208184242249,0.05255495384335518
189360935_left_neural_foraminal_narrowing_l2_l3,0.008601146750152111,0.63663649559021,0.35476237535476685
189360935_left_neural_foraminal_narrowing_l3_l4,0.05752895772457123,0.8833825588226318,0.059088531881570816
189360935_left_neural_foraminal_narrowing_l4_l5,0.0012471219524741173,0.25127092003822327,0.7474819421768188
189360935_left_neural_foraminal_narrowing_l5_s1,0.0005517462268471718,0.15343694388866425,0.8460112810134888
189360935_left_subarticular_stenosis_l1_l2,0.46988236904144287,0.4695681631565094,0.06054944917559624
189360935_left_subarticular_stenosis_l2_l3,0.02417146787047386,0.5007424354553223,0.47508615255355835
189360935_left_subarticular_stenosis_l3_l4,0.03364365175366402,0.5617660880088806,0.40459027886390686
189360935_left_subarticular_stenosis_l4_l5,0.004854064434766769,0.2923470139503479,0.7027989029884338
189360935_left_subarticular_stenosis_l5_s1,0.001929532503709197,0.17438016831874847,0.8236903548240662
189360935_right_neural_foraminal_narrowing_l1_l2,0.5277667045593262,0.4663897454738617,0.005843555089086294
189360935_right_neural_foraminal_narrowing_l2_l3,0.09318983554840088,0.8711756467819214,0.03563447296619415
189360935_right_neural_foraminal_narrowing_l3_l4,0.3576907515525818,0.6352834105491638,0.007025871425867081
189360935_right_neural_foraminal_narrowing_l4_l5,0.0004931112052872777,0.17487895488739014,0.8246278762817383
189360935_right_neural_foraminal_narrowing_l5_s1,0.0012559955939650536,0.20173904299736023,0.7970049381256104
189360935_right_subarticular_stenosis_l1_l2,0.6317058205604553,0.3443244695663452,0.02396971546113491
189360935_right_subarticular_stenosis_l2_l3,0.10835595428943634,0.7120918035507202,0.17955225706100464
189360935_right_subarticular_stenosis_l3_l4,0.27833956480026245,0.6752018928527832,0.04645850509405136
189360935_right_subarticular_stenosis_l4_l5,0.0023211538791656494,0.186580628156662,0.8110982179641724
189360935_right_subarticular_stenosis_l5_s1,0.0043967105448246,0.22863975167274475,0.7669634819030762
189360935_spinal_canal_stenosis_l1_l2,0.7869436144828796,0.20294161140918732,0.010114718228578568
189360935_spinal_canal_stenosis_l2_l3,0.07348065823316574,0.839320719242096,0.08719862252473831
189360935_spinal_canal_stenosis_l3_l4,0.7936913371086121,0.2018405646085739,0.0044679767452180386
189360935_spinal_canal_stenosis_l4_l5,0.701906144618988,0.281404584646225,0.016689205542206764
189360935_spinal_canal_stenosis_l5_s1,0.8391538858413696,0.15133444964885712,0.009511698968708515
191717032_left_neural_foraminal_narrowing_l1_l2,0.9997251033782959,0.0002648265508469194,1.0058335647045169e-05
191717032_left_neural_foraminal_narrowing_l2_l3,0.9887455105781555,0.011140143498778343,0.00011431208258727565
191717032_left_neural_foraminal_narrowing_l3_l4,0.9657952189445496,0.03389645367860794,0.0003083139599766582
191717032_left_neural_foraminal_narrowing_l4_l5,0.4241512715816498,0.5654999017715454,0.010348786599934101
191717032_left_neural_foraminal_narrowing_l5_s1,0.06431617587804794,0.6344141960144043,0.3012695610523224
191717032_left_subarticular_stenosis_l1_l2,0.9986880421638489,0.001123408554121852,0.0001884949451778084
191717032_left_subarticular_stenosis_l2_l3,0.16210250556468964,0.629744291305542,0.20815317332744598
191717032_left_subarticular_stenosis_l3_l4,0.08838023245334625,0.6549568772315979,0.25666293501853943
191717032_left_subarticular_stenosis_l4_l5,0.0006413072696886957,0.060573361814022064,0.9387853145599365
191717032_left_subarticular_stenosis_l5_s1,0.1724422574043274,0.5620687007904053,0.26548904180526733
191717032_right_neural_foraminal_narrowing_l1_l2,0.9996752738952637,0.0003126547089777887,1.2087728464393876e-05
191717032_right_neural_foraminal_narrowing_l2_l3,0.9622443914413452,0.037389155477285385,0.0003665378026198596
191717032_right_neural_foraminal_narrowing_l3_l4,0.9565974473953247,0.04284368455410004,0.0005587629857473075
191717032_right_neural_foraminal_narrowing_l4_l5,0.43794897198677063,0.5517097115516663,0.010341337881982327
191717032_right_neural_foraminal_narrowing_l5_s1,0.26074254512786865,0.6899818181991577,0.04927564412355423
191717032_right_subarticular_stenosis_l1_l2,0.9966582655906677,0.002967759035527706,0.00037399298162199557
191717032_right_subarticular_stenosis_l2_l3,0.16226090490818024,0.6528113484382629,0.18492765724658966
191717032_right_subarticular_stenosis_l3_l4,0.6674113869667053,0.3168116509914398,0.015776917338371277
191717032_right_subarticular_stenosis_l4_l5,0.0001275900867767632,0.018135495483875275,0.9817368984222412
191717032_right_subarticular_stenosis_l5_s1,0.054829638451337814,0.4782554805278778,0.46691495180130005
191717032_spinal_canal_stenosis_l1_l2,0.9857605695724487,0.01341160200536251,0.0008278717286884785
191717032_spinal_canal_stenosis_l2_l3,0.0015730069717392325,0.054328836500644684,0.9440981149673462
191717032_spinal_canal_stenosis_l3_l4,0.029156068339943886,0.6943746209144592,0.27646926045417786
191717032_spinal_canal_stenosis_l4_l5,0.001599342213012278,0.01835625432431698,0.980044424533844
191717032_spinal_canal_stenosis_l5_s1,0.9970360994338989,0.00231935060583055,0.0006444966420531273
198104941_left_neural_foraminal_narrowing_l1_l2,0.999758243560791,0.00022084852389525622,2.0866809791186824e-05
198104941_left_neural_foraminal_narrowing_l2_l3,0.9994753003120422,0.0005077846581116319,1.693456943030469e-05
198104941_left_neural_foraminal_narrowing_l3_l4,0.9750031232833862,0.024757251143455505,0.00023966388835106045
198104941_left_neural_foraminal_narrowing_l4_l5,0.683761477470398,0.3118540644645691,0.004384469706565142
198104941_left_neural_foraminal_narrowing_l5_s1,0.4180326759815216,0.5524582862854004,0.029508978128433228
198104941_left_subarticular_stenosis_l1_l2,0.9998857378959656,4.9722752009984106e-05,6.454655522247776e-05
198104941_left_subarticular_stenosis_l2_l3,0.9998720288276672,8.439008524874225e-05,4.358520527603105e-05
198104941_left_subarticular_stenosis_l3_l4,0.99448162317276,0.0052964710630476475,0.00022197200451046228
198104941_left_subarticular_stenosis_l4_l5,0.7594462037086487,0.2339688390493393,0.00658494234085083
198104941_left_subarticular_stenosis_l5_s1,0.2754839062690735,0.6015767455101013,0.12293926626443863
198104941_right_neural_foraminal_narrowing_l1_l2,0.999566376209259,0.0003967591910623014,3.687889693537727e-05
198104941_right_neural_foraminal_narrowing_l2_l3,0.9992535710334778,0.000701774493791163,4.4632135541178286e-05
198104941_right_neural_foraminal_narrowing_l3_l4,0.9654904007911682,0.03396095335483551,0.0005485846777446568
198104941_right_neural_foraminal_narrowing_l4_l5,0.7277320027351379,0.26837530732154846,0.0038926817942410707
198104941_right_neural_foraminal_narrowing_l5_s1,0.6526697278022766,0.32574495673179626,0.021585356444120407
198104941_right_subarticular_stenosis_l1_l2,0.9997957944869995,8.503695426043123e-05,0.0001191759220091626
198104941_right_subarticular_stenosis_l2_l3,0.9996517896652222,0.00023188989143818617,0.00011626905325101689
198104941_right_subarticular_stenosis_l3_l4,0.9621577262878418,0.03647289052605629,0.0013694221852347255
198104941_right_subarticular_stenosis_l4_l5,0.7160571217536926,0.27293163537979126,0.011011202819645405
198104941_right_subarticular_stenosis_l5_s1,0.6247717142105103,0.34862905740737915,0.026599252596497536
198104941_spinal_canal_stenosis_l1_l2,0.9999662041664124,2.172466520278249e-05,1.2094124940631445e-05
198104941_spinal_canal_stenosis_l2_l3,0.9999659061431885,2.4962502720882185e-05,9.08528636500705e-06
198104941_spinal_canal_stenosis_l3_l4,0.9998436570167542,0.00013736431719735265,1.9005183276021853e-05
198104941_spinal_canal_stenosis_l4_l5,0.9998339414596558,0.00013794834376312792,2.8190022931084968e-05
198104941_spinal_canal_stenosis_l5_s1,0.9997904896736145,0.00016816169954836369,4.133517722948454e-05
200354973_left_neural_foraminal_narrowing_l1_l2,0.9999065399169922,8.263062045443803e-05,1.084763334802119e-05
200354973_left_neural_foraminal_narrowing_l2_l3,0.9998754858970642,0.00011634149996098131,8.184804755728692e-06
200354973_left_neural_foraminal_narrowing_l3_l4,0.9974833130836487,0.0024886527098715305,2.7952619348070584e-05
200354973_left_neural_foraminal_narrowing_l4_l5,0.8580371737480164,0.1403576135635376,0.001605152152478695
200354973_left_neural_foraminal_narrowing_l5_s1,0.8824273943901062,0.11550529301166534,0.0020673794206231833
200354973_left_subarticular_stenosis_l1_l2,0.999891996383667,4.152338806306943e-05,6.645676330663264e-05
200354973_left_subarticular_stenosis_l2_l3,0.9998443722724915,9.416833199793473e-05,6.146121450001374e-05
200354973_left_subarticular_stenosis_l3_l4,0.9940930604934692,0.005547667387872934,0.00035930637386627495
200354973_left_subarticular_stenosis_l4_l5,0.0028381545562297106,0.2517440617084503,0.7454178333282471
200354973_left_subarticular_stenosis_l5_s1,0.7971653342247009,0.19376932084560394,0.009065412916243076
200354973_right_neural_foraminal_narrowing_l1_l2,0.9997494220733643,0.00021463929442688823,3.588238178053871e-05
200354973_right_neural_foraminal_narrowing_l2_l3,0.9998399615287781,0.00014699215535074472,1.3025868611293845e-05
200354973_right_neural_foraminal_narrowing_l3_l4,0.9988016486167908,0.0011736835585907102,2.461515396134928e-05
200354973_right_neural_foraminal_narrowing_l4_l5,0.9434066414833069,0.055541619658470154,0.0010517756454646587
200354973_right_neural_foraminal_narrowing_l5_s1,0.48388993740081787,0.49916380643844604,0.016946228221058846
200354973_right_subarticular_stenosis_l1_l2,0.9998494386672974,6.14496530033648e-05,8.911720215110108e-05
200354973_right_subarticular_stenosis_l2_l3,0.9998568296432495,7.980539521668106e-05,6.337548256851733e-05
200354973_right_subarticular_stenosis_l3_l4,0.9967793226242065,0.003017719369381666,0.0002028943708864972
200354973_right_subarticular_stenosis_l4_l5,0.011216218583285809,0.3288099765777588,0.6599737405776978
200354973_right_subarticular_stenosis_l5_s1,0.4291900098323822,0.5145553946495056,0.056254658848047256
200354973_spinal_canal_stenosis_l1_l2,0.9999808073043823,1.050678656611126e-05,8.670627721585333e-06
200354973_spinal_canal_stenosis_l2_l3,0.9999811053276062,1.2269330909475684e-05,6.629077688558027e-06
200354973_spinal_canal_stenosis_l3_l4,0.999946117401123,4.4682336010737345e-05,9.14649626793107e-06
200354973_spinal_canal_stenosis_l4_l5,0.0006926003261469305,0.02700074203312397,0.9723066687583923
200354973_spinal_canal_stenosis_l5_s1,0.9994029998779297,0.0004628552123904228,0.00013414875138550997
200852737_left_neural_foraminal_narrowing_l1_l2,0.9996610283851624,0.00032832249416969717,1.062388764694333e-05
200852737_left_neural_foraminal_narrowing_l2_l3,0.7188035845756531,0.2796805500984192,0.0015158578753471375
200852737_left_neural_foraminal_narrowing_l3_l4,0.09643340110778809,0.8720904588699341,0.03147617354989052
200852737_left_neural_foraminal_narrowing_l4_l5,0.3173072934150696,0.6733043789863586,0.009388293139636517
200852737_left_neural_foraminal_narrowing_l5_s1,0.7939134836196899,0.20104725658893585,0.005039365030825138
200852737_left_subarticular_stenosis_l1_l2,0.9991664886474609,0.0006966957007534802,0.00013681846030522138
200852737_left_subarticular_stenosis_l2_l3,0.579204797744751,0.4088268578052521,0.011968402191996574
200852737_left_subarticular_stenosis_l3_l4,0.011018405668437481,0.4937061071395874,0.49527543783187866
200852737_left_subarticular_stenosis_l4_l5,0.11593583971261978,0.718307614326477,0.16575652360916138
200852737_left_subarticular_stenosis_l5_s1,0.9803465604782104,0.018806984648108482,0.0008464480051770806
200852737_right_neural_foraminal_narrowing_l1_l2,0.9790776968002319,0.02081134542822838,0.00011096301750512794
200852737_right_neural_foraminal_narrowing_l2_l3,0.9038730263710022,0.09559211134910583,0.0005347615224309266
200852737_right_neural_foraminal_narrowing_l3_l4,0.45069199800491333,0.5460284352302551,0.0032795092556625605
200852737_right_neural_foraminal_narrowing_l4_l5,0.0008179027354344726,0.21105392277240753,0.7881281971931458
200852737_right_neural_foraminal_narrowing_l5_s1,0.7975964546203613,0.1963648498058319,0.006038694642484188
200852737_right_subarticular_stenosis_l1_l2,0.9722705483436584,0.026625093072652817,0.001104369293898344
200852737_right_subarticular_stenosis_l2_l3,0.3364677429199219,0.6244457364082336,0.03908660635352135
200852737_right_subarticular_stenosis_l3_l4,0.13575801253318787,0.7492351531982422,0.11500685662031174
200852737_right_subarticular_stenosis_l4_l5,0.0040445476770401,0.2704918682575226,0.7254635691642761
200852737_right_subarticular_stenosis_l5_s1,0.9625171422958374,0.03578030690550804,0.0017025258857756853
200852737_spinal_canal_stenosis_l1_l2,0.9999204277992249,6.146025407360867e-05,1.8105829440173693e-05
200852737_spinal_canal_stenosis_l2_l3,0.9724574685096741,0.026358712464571,0.001183806685730815
200852737_spinal_canal_stenosis_l3_l4,0.35865092277526855,0.6264722943305969,0.01487682480365038
200852737_spinal_canal_stenosis_l4_l5,0.9981086850166321,0.0016489519039168954,0.00024228845722973347
200852737_spinal_canal_stenosis_l5_s1,0.999982476234436,9.056742783286609e-06,8.415020602114964e-06
206642334_left_neural_foraminal_narrowing_l1_l2,0.9996430277824402,0.0003425345348659903,1.4376420949702151e-05
206642334_left_neural_foraminal_narrowing_l2_l3,0.8127316236495972,0.18631727993488312,0.0009510527015663683
206642334_left_neural_foraminal_narrowing_l3_l4,0.9707909822463989,0.02894609421491623,0.0002629981318023056
206642334_left_neural_foraminal_narrowing_l4_l5,0.5521588921546936,0.4434443414211273,0.004396789241582155
206642334_left_neural_foraminal_narrowing_l5_s1,0.005740078166127205,0.3294476866722107,0.6648122072219849
206642334_left_subarticular_stenosis_l1_l2,0.9997689723968506,0.00018888786144088954,4.215940862195566e-05
206642334_left_subarticular_stenosis_l2_l3,0.8007718324661255,0.19560228288173676,0.003625869518145919
206642334_left_subarticular_stenosis_l3_l4,0.9759863615036011,0.02353850193321705,0.0004751464875880629
206642334_left_subarticular_stenosis_l4_l5,0.3256453275680542,0.6147734522819519,0.0595812164247036
206642334_left_subarticular_stenosis_l5_s1,0.11482027918100357,0.5871788263320923,0.29800090193748474
206642334_right_neural_foraminal_narrowing_l1_l2,0.9998756051063538,0.00011760020424844697,6.757814844604582e-06
206642334_right_neural_foraminal_narrowing_l2_l3,0.9958171844482422,0.004133224952965975,4.958525096299127e-05
206642334_right_neural_foraminal_narrowing_l3_l4,0.9805086255073547,0.01934361457824707,0.00014778200420551002
206642334_right_neural_foraminal_narrowing_l4_l5,0.4107017517089844,0.5806463956832886,0.008651826530694962
206642334_right_neural_foraminal_narrowing_l5_s1,0.607077956199646,0.38285472989082336,0.010067339055240154
206642334_right_subarticular_stenosis_l1_l2,0.9998628497123718,0.00010726456821430475,2.9839033231837675e-05
206642334_right_subarticular_stenosis_l2_l3,0.9247238039970398,0.07438966631889343,0.0008864814881235361
206642334_right_subarticular_stenosis_l3_l4,0.9584858417510986,0.040816426277160645,0.0006977769080549479
206642334_right_subarticular_stenosis_l4_l5,0.004822051152586937,0.3637561500072479,0.6314217448234558
206642334_right_subarticular_stenosis_l5_s1,0.6555024981498718,0.32201284170150757,0.022484658285975456
206642334_spinal_canal_stenosis_l1_l2,0.9999802112579346,1.1068242201872636e-05,8.6624540927005e-06
206642334_spinal_canal_stenosis_l2_l3,0.9999575614929199,3.0451728889602236e-05,1.2018493180221412e-05
206642334_spinal_canal_stenosis_l3_l4,0.9999853372573853,8.671915566083044e-06,5.981136382615659e-06
206642334_spinal_canal_stenosis_l4_l5,0.9977099299430847,0.0020908191800117493,0.00019924524531234056
206642334_spinal_canal_stenosis_l5_s1,0.9999247789382935,4.655728116631508e-05,2.870060234272387e-05
208289456_left_neural_foraminal_narrowing_l1_l2,0.9997564554214478,0.00022450070537161082,1.9080687707173638e-05
208289456_left_neural_foraminal_narrowing_l2_l3,0.9996057152748108,0.00037932279519736767,1.4931074474588968e-05
208289456_left_neural_foraminal_narrowing_l3_l4,0.9993975758552551,0.0005810655420646071,2.137211777153425e-05
208289456_left_neural_foraminal_narrowing_l4_l5,0.9857701063156128,0.01390834804624319,0.0003214884491171688
208289456_left_neural_foraminal_narrowing_l5_s1,0.5660004019737244,0.4200502634048462,0.01394925732165575
208289456_left_subarticular_stenosis_l1_l2,0.9995461702346802,0.0003194833407178521,0.0001343514450127259
208289456_left_subarticular_stenosis_l2_l3,0.9992539286613464,0.0006788874743506312,6.726876017637551e-05
208289456_left_subarticular_stenosis_l3_l4,0.9964810609817505,0.0032393333967775106,0.00027954779216088355
208289456_left_subarticular_stenosis_l4_l5,0.8691110014915466,0.12657073140144348,0.004318238701671362
208289456_left_subarticular_stenosis_l5_s1,0.08325754851102829,0.5428518056869507,0.37389060854911804
208289456_right_neural_foraminal_narrowing_l1_l2,0.9998111128807068,0.0001697374536888674,1.9248191165388562e-05
208289456_right_neural_foraminal_narrowing_l2_l3,0.99951171875,0.0004603482084348798,2.791429687931668e-05
208289456_right_neural_foraminal_narrowing_l3_l4,0.9988481998443604,0.0011206710478290915,3.112856938969344e-05
208289456_right_neural_foraminal_narrowing_l4_l5,0.9838466048240662,0.015841085463762283,0.0003122458001598716
208289456_right_neural_foraminal_narrowing_l5_s1,0.9466080665588379,0.051836032420396805,0.0015559082385152578
208289456_right_subarticular_stenosis_l1_l2,0.9996228218078613,0.00025157490745186806,0.00012563796190079302
208289456_right_subarticular_stenosis_l2_l3,0.9988244771957397,0.0010515074245631695,0.00012409358168952167
208289456_right_subarticular_stenosis_l3_l4,0.9892584085464478,0.010151444934308529,0.0005900491960346699
208289456_right_subarticular_stenosis_l4_l5,0.9054630398750305,0.09208491444587708,0.0024520428851246834
208289456_right_subarticular_stenosis_l5_s1,0.3872508108615875,0.5023605823516846,0.1103886067867279
208289456_spinal_canal_stenosis_l1_l2,0.9997813701629639,0.00016537235933355987,5.325190431904048e-05
208289456_spinal_canal_stenosis_l2_l3,0.9999157786369324,6.140679761301726e-05,2.27929722314002e-05
208289456_spinal_canal_stenosis_l3_l4,0.9996951222419739,0.0002416926872683689,6.318363739410415e-05
208289456_spinal_canal_stenosis_l4_l5,0.9987825155258179,0.0010712136281654239,0.00014632035163231194
208289456_spinal_canal_stenosis_l5_s1,0.9986105561256409,0.0011239214800298214,0.0002653904666658491
209512460_left_neural_foraminal_narrowing_l1_l2,0.9998990297317505,9.221499931300059e-05,8.767905455897562e-06
209512460_left_neural_foraminal_narrowing_l2_l3,0.9988585114479065,0.0011184443719685078,2.30484420171706e-05
209512460_left_neural_foraminal_narrowing_l3_l4,0.25546592473983765,0.7277854084968567,0.016748661175370216
209512460_left_neural_foraminal_narrowing_l4_l5,0.20419280230998993,0.734184741973877,0.06162244454026222
209512460_left_neural_foraminal_narrowing_l5_s1,0.9667342305183411,0.030725916847586632,0.002539918525144458
209512460_left_subarticular_stenosis_l1_l2,0.9998634457588196,8.591093501308933e-05,5.0671536882873625e-05
209512460_left_subarticular_stenosis_l2_l3,0.9987555742263794,0.001103981863707304,0.00014055635256227106
209512460_left_subarticular_stenosis_l3_l4,0.007890000939369202,0.4508458971977234,0.5412641167640686
209512460_left_subarticular_stenosis_l4_l5,0.17747659981250763,0.6774274706840515,0.14509595930576324
209512460_left_subarticular_stenosis_l5_s1,0.9733411073684692,0.024635862559080124,0.002022970002144575
209512460_right_neural_foraminal_narrowing_l1_l2,0.9999181032180786,7.458416803274304e-05,7.315997663681628e-06
209512460_right_neural_foraminal_narrowing_l2_l3,0.9995356202125549,0.00044816694571636617,1.6235228031291626e-05
209512460_right_neural_foraminal_narrowing_l3_l4,0.031306225806474686,0.8353449702262878,0.13334888219833374
209512460_right_neural_foraminal_narrowing_l4_l5,0.16244329512119293,0.7536698579788208,0.08388686925172806
209512460_right_neural_foraminal_narrowing_l5_s1,0.9403946399688721,0.0567249171435833,0.002880432177335024
209512460_right_subarticular_stenosis_l1_l2,0.9998790621757507,7.420978363370523e-05,4.672548675443977e-05
209512460_right_subarticular_stenosis_l2_l3,0.9994848966598511,0.0004126089042983949,0.0001024936864268966
209512460_right_subarticular_stenosis_l3_l4,0.009142850525677204,0.4149291515350342,0.5759279727935791
209512460_right_subarticular_stenosis_l4_l5,0.606277585029602,0.3743191957473755,0.0194032434374094
209512460_right_subarticular_stenosis_l5_s1,0.8149588704109192,0.17357167601585388,0.011469479650259018
209512460_spinal_canal_stenosis_l1_l2,0.9999900460243225,5.221498668106506e-06,4.767829977936344e-06
209512460_spinal_canal_stenosis_l2_l3,0.9999780058860779,1.5460744180018082e-05,6.573475729965139e-06
209512460_spinal_canal_stenosis_l3_l4,0.02869303710758686,0.8128225803375244,0.15848438441753387
209512460_spinal_canal_stenosis_l4_l5,0.9996527433395386,0.0002724243386182934,7.48874808778055e-05
209512460_spinal_canal_stenosis_l5_s1,0.9999315142631531,4.2125706386286765e-05,2.6343630452174693e-05
211314658_left_neural_foraminal_narrowing_l1_l2,0.9995608925819397,0.00040488431113772094,3.423417729209177e-05
211314658_left_neural_foraminal_narrowing_l2_l3,0.9950277805328369,0.004843030124902725,0.00012915623665321618
211314658_left_neural_foraminal_narrowing_l3_l4,0.9743539690971375,0.02511983923614025,0.0005261862534098327
211314658_left_neural_foraminal_narrowing_l4_l5,0.9169267416000366,0.08063952624797821,0.0024336413480341434
211314658_left_neural_foraminal_narrowing_l5_s1,0.8961464762687683,0.09454222023487091,0.009311278350651264
211314658_left_subarticular_stenosis_l1_l2,0.9997664093971252,0.00014641352754551917,8.719459583517164e-05
211314658_left_subarticular_stenosis_l2_l3,0.954517662525177,0.04433106631040573,0.0011512180790305138
211314658_left_subarticular_stenosis_l3_l4,0.589821457862854,0.39707115292549133,0.013107385486364365
211314658_left_subarticular_stenosis_l4_l5,0.7541892528533936,0.23991696536540985,0.005893757566809654
211314658_left_subarticular_stenosis_l5_s1,0.9366887807846069,0.06065046787261963,0.0026608214247971773
211314658_right_neural_foraminal_narrowing_l1_l2,0.9994247555732727,0.0005217681755311787,5.3490704885916784e-05
211314658_right_neural_foraminal_narrowing_l2_l3,0.9980167746543884,0.0019295888487249613,5.36322986590676e-05
211314658_right_neural_foraminal_narrowing_l3_l4,0.9570415616035461,0.042484596371650696,0.00047388565144501626
211314658_right_neural_foraminal_narrowing_l4_l5,0.3972136676311493,0.5899515748023987,0.012834726832807064
211314658_right_neural_foraminal_narrowing_l5_s1,0.3073132336139679,0.6294949054718018,0.06319180130958557
211314658_right_subarticular_stenosis_l1_l2,0.999732494354248,0.00017099786782637239,9.650824358686805e-05
211314658_right_subarticular_stenosis_l2_l3,0.9883406758308411,0.011253518052399158,0.0004057662736158818
211314658_right_subarticular_stenosis_l3_l4,0.6531813740730286,0.33880114555358887,0.008017494343221188
211314658_right_subarticular_stenosis_l4_l5,0.24492189288139343,0.6570218205451965,0.09805622696876526
211314658_right_subarticular_stenosis_l5_s1,0.4112476706504822,0.5292596220970154,0.059492774307727814
211314658_spinal_canal_stenosis_l1_l2,0.9999781250953674,1.2248970051587094e-05,9.57910560828168e-06
211314658_spinal_canal_stenosis_l2_l3,0.9999433755874634,4.666944732889533e-05,1.0042835128842853e-05
211314658_spinal_canal_stenosis_l3_l4,0.999856173992157,0.00011511610500747338,2.8689359169220552e-05
211314658_spinal_canal_stenosis_l4_l5,0.9999443292617798,4.463430741452612e-05,1.1062538760597818e-05
211314658_spinal_canal_stenosis_l5_s1,0.9999698996543884,1.775556847860571e-05,1.2294262887735385e-05
211713723_left_neural_foraminal_narrowing_l1_l2,0.999937117099762,5.649351442116313e-05,6.3996153585321736e-06
211713723_left_neural_foraminal_narrowing_l2_l3,0.9998924136161804,0.00010193520574830472,5.548054105020128e-06
211713723_left_neural_foraminal_narrowing_l3_l4,0.9997621774673462,0.00023050434538163245,7.326798368012533e-06
211713723_left_neural_foraminal_narrowing_l4_l5,0.968411922454834,0.03134353086352348,0.00024462435976602137
211713723_left_neural_foraminal_narrowing_l5_s1,0.9741928577423096,0.025255123153328896,0.0005519312690012157
211713723_left_subarticular_stenosis_l1_l2,0.999925971031189,4.0733666537562385e-05,3.333190761622973e-05
211713723_left_subarticular_stenosis_l2_l3,0.999775767326355,0.00017056781507562846,5.3697764087701216e-05
211713723_left_subarticular_stenosis_l3_l4,0.9996094107627869,0.0003172607102897018,7.331110100494698e-05
211713723_left_subarticular_stenosis_l4_l5,0.21893413364887238,0.7090600728988647,0.07200581580400467
211713723_left_subarticular_stenosis_l5_s1,0.9689773321151733,0.029493423178792,0.0015292941825464368
211713723_right_neural_foraminal_narrowing_l1_l2,0.9999071359634399,8.331090793944895e-05,9.52500613493612e-06
211713723_right_neural_foraminal_narrowing_l2_l3,0.999796986579895,0.00019271709606982768,1.0259509508614428e-05
211713723_right_neural_foraminal_narrowing_l3_l4,0.9997268319129944,0.0002601283194962889,1.294934372708667e-05
211713723_right_neural_foraminal_narrowing_l4_l5,0.9470329284667969,0.05264585465192795,0.0003211841394659132
211713723_right_neural_foraminal_narrowing_l5_s1,0.995776891708374,0.004076463170349598,0.000146643869811669
211713723_right_subarticular_stenosis_l1_l2,0.9998904466629028,6.389574991771951e-05,4.567331779981032e-05
211713723_right_subarticular_stenosis_l2_l3,0.9996296167373657,0.00030246571986936033,6.789828330511227e-05
211713723_right_subarticular_stenosis_l3_l4,0.9996991753578186,0.00023335780133493245,6.744359416188672e-05
211713723_right_subarticular_stenosis_l4_l5,0.3700358271598816,0.6068872213363647,0.023076916113495827
211713723_right_subarticular_stenosis_l5_s1,0.9786785244941711,0.020117610692977905,0.001203872379846871
211713723_spinal_canal_stenosis_l1_l2,0.9999867677688599,5.884180154680507e-06,7.335623195103835e-06
211713723_spinal_canal_stenosis_l2_l3,0.9999784827232361,1.3016877346672118e-05,8.467580300930422e-06
211713723_spinal_canal_stenosis_l3_l4,0.9999829530715942,1.0241952622891404e-05,6.764042154827621e-06
211713723_spinal_canal_stenosis_l4_l5,0.9996298551559448,0.0003285565762780607,4.165599602856673e-05
211713723_spinal_canal_stenosis_l5_s1,0.9999457001686096,3.648054916993715e-05,1.7773609215510078e-05
213335325_left_neural_foraminal_narrowing_l1_l2,0.9999189972877502,7.421613554470241e-05,6.818798738095211e-06
213335325_left_neural_foraminal_narrowing_l2_l3,0.9998898506164551,0.00010450901027070358,5.656816028931644e-06
213335325_left_neural_foraminal_narrowing_l3_l4,0.9990197420120239,0.0009650274296291173,1.5256539882102516e-05
213335325_left_neural_foraminal_narrowing_l4_l5,0.8980556130409241,0.10138271003961563,0.0005615840782411397
213335325_left_neural_foraminal_narrowing_l5_s1,0.9786086678504944,0.020851707085967064,0.0005396115011535585
213335325_left_subarticular_stenosis_l1_l2,0.9998225569725037,7.753176032565534e-05,9.99218100332655e-05
213335325_left_subarticular_stenosis_l2_l3,0.9997639656066895,0.00015710183652117848,7.889224798418581e-05
213335325_left_subarticular_stenosis_l3_l4,0.9970345497131348,0.0027300247456878424,0.00023536862863693386
213335325_left_subarticular_stenosis_l4_l5,0.5693944096565247,0.4201315939426422,0.010474052280187607
213335325_left_subarticular_stenosis_l5_s1,0.9800679683685303,0.019067028537392616,0.0008650110685266554
213335325_right_neural_foraminal_narrowing_l1_l2,0.9998282194137573,0.00015976786380633712,1.2068127034581266e-05
213335325_right_neural_foraminal_narrowing_l2_l3,0.9998469948768616,0.00014561685384251177,7.337071110669058e-06
213335325_right_neural_foraminal_narrowing_l3_l4,0.9990158677101135,0.0009705380070954561,1.3551551091950387e-05
213335325_right_neural_foraminal_narrowing_l4_l5,0.9464229941368103,0.053220465779304504,0.0003565245133358985
213335325_right_neural_foraminal_narrowing_l5_s1,0.9959205389022827,0.00392844807356596,0.00015104981139302254
213335325_right_subarticular_stenosis_l1_l2,0.9998130798339844,0.00011092157365055755,7.598572119604796e-05
213335325_right_subarticular_stenosis_l2_l3,0.9998451471328735,0.00010907489195233211,4.580402310239151e-05
213335325_right_subarticular_stenosis_l3_l4,0.9982333183288574,0.0016218781238421798,0.00014480703976005316
213335325_right_subarticular_stenosis_l4_l5,0.8270336985588074,0.17026641964912415,0.0026999381370842457
213335325_right_subarticular_stenosis_l5_s1,0.9942249059677124,0.005341576877981424,0.00043356645619496703
213335325_spinal_canal_stenosis_l1_l2,0.9999426007270813,3.0417782909353264e-05,2.6963847631122917e-05
213335325_spinal_canal_stenosis_l2_l3,0.9999701380729675,1.6435964425909333e-05,1.339379286946496e-05
213335325_spinal_canal_stenosis_l3_l4,0.9999628663063049,2.2685102521791123e-05,1.4416102203540504e-05
213335325_spinal_canal_stenosis_l4_l5,0.9998383522033691,0.00011760429333662614,4.406132211443037e-05
213335325_spinal_canal_stenosis_l5_s1,0.9999521970748901,3.0074930691625923e-05,1.776045792212244e-05
215111925_left_neural_foraminal_narrowing_l1_l2,0.18544414639472961,0.7894451022148132,0.02511075884103775
215111925_left_neural_foraminal_narrowing_l2_l3,0.24889902770519257,0.7270137071609497,0.024087242782115936
215111925_left_neural_foraminal_narrowing_l3_l4,0.008152653463184834,0.6827185750007629,0.3091287612915039
215111925_left_neural_foraminal_narrowing_l4_l5,0.09472966939210892,0.770453929901123,0.13481643795967102
215111925_left_neural_foraminal_narrowing_l5_s1,0.9814167618751526,0.01799427717924118,0.0005889501771889627
215111925_left_subarticular_stenosis_l1_l2,0.005134960636496544,0.31019362807273865,0.6846714019775391
215111925_left_subarticular_stenosis_l2_l3,0.150466188788414,0.7128961682319641,0.13663765788078308
215111925_left_subarticular_stenosis_l3_l4,0.000419745862018317,0.11384471505880356,0.8857355117797852
215111925_left_subarticular_stenosis_l4_l5,0.1658821403980255,0.6120296716690063,0.22208814322948456
215111925_left_subarticular_stenosis_l5_s1,0.9789569973945618,0.020155824720859528,0.0008872207254171371
215111925_right_neural_foraminal_narrowing_l1_l2,0.4141899049282074,0.5777633190155029,0.008046818897128105
215111925_right_neural_foraminal_narrowing_l2_l3,0.956314742565155,0.043367899954319,0.0003173625154886395
215111925_right_neural_foraminal_narrowing_l3_l4,0.9522207379341125,0.047242701053619385,0.0005366361583583057
215111925_right_neural_foraminal_narrowing_l4_l5,0.03465689718723297,0.7830173373222351,0.18232570588588715
215111925_right_neural_foraminal_narrowing_l5_s1,0.9109941720962524,0.08679833263158798,0.0022074931766837835
215111925_right_subarticular_stenosis_l1_l2,0.0599851980805397,0.5786513686180115,0.3613634705543518
215111925_right_subarticular_stenosis_l2_l3,0.6513601541519165,0.3366662561893463,0.011973576620221138
215111925_right_subarticular_stenosis_l3_l4,0.27476656436920166,0.6520012617111206,0.07323219627141953
215111925_right_subarticular_stenosis_l4_l5,0.024253802374005318,0.49488550424575806,0.4808606803417206
215111925_right_subarticular_stenosis_l5_s1,0.9494906663894653,0.048707883805036545,0.001801472855731845
215111925_spinal_canal_stenosis_l1_l2,0.03154315799474716,0.8506568074226379,0.11780008673667908
215111925_spinal_canal_stenosis_l2_l3,0.9611101746559143,0.03755020350217819,0.001339539303444326
215111925_spinal_canal_stenosis_l3_l4,0.5620959401130676,0.413472056388855,0.024431994184851646
215111925_spinal_canal_stenosis_l4_l5,0.13216851651668549,0.8012538552284241,0.06657755374908447
215111925_spinal_canal_stenosis_l5_s1,0.999815046787262,0.00014835722686257213,3.662522794911638e-05
215149692_left_neural_foraminal_narrowing_l1_l2,0.9999012351036072,8.82762687979266e-05,1.046700981532922e-05
215149692_left_neural_foraminal_narrowing_l2_l3,0.9994533061981201,0.0005341293872334063,1.2552253792819101e-05
215149692_left_neural_foraminal_narrowing_l3_l4,0.9714806079864502,0.028278464451432228,0.00024096477136481553
215149692_left_neural_foraminal_narrowing_l4_l5,0.9869951009750366,0.012696654535830021,0.0003082303737755865
215149692_left_neural_foraminal_narrowing_l5_s1,0.9681698083877563,0.03085254319012165,0.0009776862571015954
215149692_left_subarticular_stenosis_l1_l2,0.9999136328697205,4.212149724480696e-05,4.4249423808651045e-05
215149692_left_subarticular_stenosis_l2_l3,0.9972798824310303,0.0025549859274178743,0.00016505029634572566
215149692_left_subarticular_stenosis_l3_l4,0.8973167538642883,0.09965585917234421,0.0030273250304162502
215149692_left_subarticular_stenosis_l4_l5,0.48653072118759155,0.48113852739334106,0.0323307067155838
215149692_left_subarticular_stenosis_l5_s1,0.13708455860614777,0.5288252234458923,0.3340902626514435
215149692_right_neural_foraminal_narrowing_l1_l2,0.9998605847358704,0.00012904150935355574,1.0387238035036717e-05
215149692_right_neural_foraminal_narrowing_l2_l3,0.9996017813682556,0.0003896678099408746,8.595464350946713e-06
215149692_right_neural_foraminal_narrowing_l3_l4,0.9919497966766357,0.007983415387570858,6.684909749310464e-05
215149692_right_neural_foraminal_narrowing_l4_l5,0.5026347041130066,0.4918699264526367,0.0054953075014054775
215149692_right_neural_foraminal_narrowing_l5_s1,0.9374879002571106,0.06104478985071182,0.0014672225806862116
215149692_right_subarticular_stenosis_l1_l2,0.9999086260795593,5.2160758059471846e-05,3.9227445085998625e-05
215149692_right_subarticular_stenosis_l2_l3,0.9994321465492249,0.0005115184467285872,5.640610106638633e-05
215149692_right_subarticular_stenosis_l3_l4,0.9743245244026184,0.024931591004133224,0.0007438773172907531
215149692_right_subarticular_stenosis_l4_l5,0.030628401786088943,0.5016701221466064,0.46770143508911133
215149692_right_subarticular_stenosis_l5_s1,0.1875562071800232,0.5909327268600464,0.22151100635528564
215149692_spinal_canal_stenosis_l1_l2,0.9999942779541016,2.5044221274583833e-06,3.2356147130485624e-06
215149692_spinal_canal_stenosis_l2_l3,0.9999915957450867,5.090651484351838e-06,3.364151780260727e-06
215149692_spinal_canal_stenosis_l3_l4,0.9999874830245972,7.754276339255739e-06,4.7525963964289986e-06
215149692_spinal_canal_stenosis_l4_l5,0.9996302127838135,0.00029655671096406877,7.325837214011699e-05
215149692_spinal_canal_stenosis_l5_s1,0.9998767971992493,8.303045615321025e-05,4.0231429011328146e-05
215788128_left_neural_foraminal_narrowing_l1_l2,0.999283492565155,0.0006938388105481863,2.2696949599776417e-05
215788128_left_neural_foraminal_narrowing_l2_l3,0.9598125219345093,0.039831023663282394,0.00035647035110741854
215788128_left_neural_foraminal_narrowing_l3_l4,0.33516162633895874,0.6564919352531433,0.00834646075963974
215788128_left_neural_foraminal_narrowing_l4_l5,0.5742548704147339,0.4205157458782196,0.005229305010288954
215788128_left_neural_foraminal_narrowing_l5_s1,0.9607595205307007,0.038361117243766785,0.0008792654844000936
215788128_left_subarticular_stenosis_l1_l2,0.9912711977958679,0.00789227057248354,0.0008365248213522136
215788128_left_subarticular_stenosis_l2_l3,0.30229413509368896,0.6551558971405029,0.04254996031522751
215788128_left_subarticular_stenosis_l3_l4,0.4140630066394806,0.5561445951461792,0.029792390763759613
215788128_left_subarticular_stenosis_l4_l5,0.03850119188427925,0.5824909210205078,0.37900787591934204
215788128_left_subarticular_stenosis_l5_s1,0.47167709469795227,0.5055826306343079,0.022740239277482033
215788128_right_neural_foraminal_narrowing_l1_l2,0.9996061325073242,0.0003783844003919512,1.5487430573557504e-05
215788128_right_neural_foraminal_narrowing_l2_l3,0.9837156534194946,0.016147205606102943,0.00013714762462768704
215788128_right_neural_foraminal_narrowing_l3_l4,0.9035691618919373,0.09589096903800964,0.0005398886278271675
215788128_right_neural_foraminal_narrowing_l4_l5,0.5728341341018677,0.42355775833129883,0.003608095459640026
215788128_right_neural_foraminal_narrowing_l5_s1,0.15699556469917297,0.7629770040512085,0.08002746850252151
215788128_right_subarticular_stenosis_l1_l2,0.9976529479026794,0.0019641260150820017,0.0003829531779047102
215788128_right_subarticular_stenosis_l2_l3,0.34102651476860046,0.6241886019706726,0.03478498011827469
215788128_right_subarticular_stenosis_l3_l4,0.6117626428604126,0.3786020576953888,0.00963535625487566
215788128_right_subarticular_stenosis_l4_l5,0.024883760139346123,0.5238754153251648,0.45124080777168274
215788128_right_subarticular_stenosis_l5_s1,0.013952265493571758,0.4463631510734558,0.539684534072876
215788128_spinal_canal_stenosis_l1_l2,0.9945508241653442,0.005105911288410425,0.00034333067014813423
215788128_spinal_canal_stenosis_l2_l3,0.93581223487854,0.06211662292480469,0.002071166643872857
215788128_spinal_canal_stenosis_l3_l4,0.42642316222190857,0.5468994975090027,0.026677345857024193
215788128_spinal_canal_stenosis_l4_l5,0.004256854299455881,0.253094345331192,0.7426488399505615
215788128_spinal_canal_stenosis_l5_s1,0.9940473437309265,0.005454696249216795,0.000497950182761997
218109857_left_neural_foraminal_narrowing_l1_l2,0.9998438358306885,0.000142589196912013,1.360430906061083e-05
218109857_left_neural_foraminal_narrowing_l2_l3,0.9997178316116333,0.00026729569071903825,1.4905722309777047e-05
218109857_left_neural_foraminal_narrowing_l3_l4,0.9994196891784668,0.0005604158504866064,1.988549411180429e-05
218109857_left_neural_foraminal_narrowing_l4_l5,0.9982441067695618,0.0017136888345703483,4.2231018596794456e-05
218109857_left_neural_foraminal_narrowing_l5_s1,0.991571843624115,0.008152083493769169,0.0002761776268016547
218109857_left_subarticular_stenosis_l1_l2,0.9998286962509155,7.265918975463137e-05,9.863560262601823e-05
218109857_left_subarticular_stenosis_l2_l3,0.9997604489326477,0.00014236000424716622,9.719408262753859e-05
218109857_left_subarticular_stenosis_l3_l4,0.9997285008430481,0.0001914960885187611,8.001847891137004e-05
218109857_left_subarticular_stenosis_l4_l5,0.9988229870796204,0.0010389990638941526,0.00013803127512801439
218109857_left_subarticular_stenosis_l5_s1,0.9982262253761292,0.0015967085491865873,0.00017699439194984734
218109857_right_neural_foraminal_narrowing_l1_l2,0.9998878836631775,9.995522123062983e-05,1.2188937034807168e-05
218109857_right_neural_foraminal_narrowing_l2_l3,0.9997643232345581,0.00022242825070861727,1.3209477401687764e-05
218109857_right_neural_foraminal_narrowing_l3_l4,0.999610185623169,0.00036682470818050206,2.3041764507070184e-05
218109857_right_neural_foraminal_narrowing_l4_l5,0.9939624667167664,0.005890390835702419,0.0001470805873395875
218109857_right_neural_foraminal_narrowing_l5_s1,0.9909201264381409,0.008642441593110561,0.0004374043783172965
218109857_right_subarticular_stenosis_l1_l2,0.9998556971549988,5.9851798141608015e-05,8.448137668892741e-05
218109857_right_subarticular_stenosis_l2_l3,0.9997544288635254,0.00015688242274336517,8.868201257428154e-05
218109857_right_subarticular_stenosis_l3_l4,0.9997124671936035,0.00020361259521450847,8.392330346396193e-05
218109857_right_subarticular_stenosis_l4_l5,0.9949660301208496,0.0047846222296357155,0.0002494330983608961
218109857_right_subarticular_stenosis_l5_s1,0.9988381862640381,0.0010070798452943563,0.00015478540444746614
218109857_spinal_canal_stenosis_l1_l2,0.9999775886535645,9.289293302572332e-06,1.3055189810984302e-05
218109857_spinal_canal_stenosis_l2_l3,0.999979555606842,1.043987776938593e-05,9.971875442715827e-06
218109857_spinal_canal_stenosis_l3_l4,0.9999836087226868,8.559247362427413e-06,7.829386959201656e-06
218109857_spinal_canal_stenosis_l4_l5,0.9999824166297913,9.263259016734082e-06,8.378188795177266e-06
218109857_spinal_canal_stenosis_l5_s1,0.9999754428863525,1.4891129467287101e-05,9.598175893188454e-06
220887739_left_neural_foraminal_narrowing_l1_l2,0.9999197125434875,7.177413499448448e-05,8.547854122298304e-06
220887739_left_neural_foraminal_narrowing_l2_l3,0.9996798038482666,0.0003106767835561186,9.50137291511055e-06
220887739_left_neural_foraminal_narrowing_l3_l4,0.8378890156745911,0.16122747957706451,0.0008834163309074938
220887739_left_neural_foraminal_narrowing_l4_l5,0.7852527499198914,0.21346265077590942,0.001284559490159154
220887739_left_neural_foraminal_narrowing_l5_s1,0.8319355249404907,0.16579672694206238,0.0022677271626889706
220887739_left_subarticular_stenosis_l1_l2,0.9998751878738403,6.572323036380112e-05,5.905488433199935e-05
220887739_left_subarticular_stenosis_l2_l3,0.9991084933280945,0.000783002411480993,0.00010843540076166391
220887739_left_subarticular_stenosis_l3_l4,0.32472050189971924,0.6430022716522217,0.03227721527218819
220887739_left_subarticular_stenosis_l4_l5,0.20151926577091217,0.7227061986923218,0.07577454298734665
220887739_left_subarticular_stenosis_l5_s1,0.8989085555076599,0.09772436320781708,0.003367068013176322
220887739_right_neural_foraminal_narrowing_l1_l2,0.9999050498008728,8.855851774569601e-05,6.364342425513314e-06
220887739_right_neural_foraminal_narrowing_l2_l3,0.9996466040611267,0.0003431198711041361,1.0295972060703207e-05
220887739_right_neural_foraminal_narrowing_l3_l4,0.9508008360862732,0.04887896776199341,0.00032027714769355953
220887739_right_neural_foraminal_narrowing_l4_l5,0.8853906989097595,0.11385487020015717,0.0007543882820755243
220887739_right_neural_foraminal_narrowing_l5_s1,0.7088198065757751,0.28687888383865356,0.004301318433135748
220887739_right_subarticular_stenosis_l1_l2,0.9998738765716553,7.531356095569208e-05,5.086892269901e-05
220887739_right_subarticular_stenosis_l2_l3,0.9990352392196655,0.0008316310122609138,0.000133130481117405
220887739_right_subarticular_stenosis_l3_l4,0.20691852271556854,0.7326110601425171,0.06047045439481735
220887739_right_subarticular_stenosis_l4_l5,0.5894548296928406,0.3994043469429016,0.01114078052341938
220887739_right_subarticular_stenosis_l5_s1,0.1849992275238037,0.628539502620697,0.18646124005317688
220887739_spinal_canal_stenosis_l1_l2,0.9999822378158569,9.727878932608292e-06,8.090753908618353e-06
220887739_spinal_canal_stenosis_l2_l3,0.9999626874923706,2.749728628259618e-05,9.82536130322842e-06
220887739_spinal_canal_stenosis_l3_l4,0.5446388125419617,0.4421737790107727,0.0131873469799757
220887739_spinal_canal_stenosis_l4_l5,0.9997323751449585,0.00022697047097608447,4.068324051331729e-05
220887739_spinal_canal_stenosis_l5_s1,0.9999633431434631,1.987733594432939e-05,1.6774985851952806e-05
22191399_left_neural_foraminal_narrowing_l1_l2,0.9998826384544373,0.00010857191227842122,8.827589226712007e-06
22191399_left_neural_foraminal_narrowing_l2_l3,0.9992774724960327,0.0007061263895593584,1.6489741028635763e-05
22191399_left_neural_foraminal_narrowing_l3_l4,0.9112605452537537,0.08833102136850357,0.0004084933898411691
22191399_left_neural_foraminal_narrowing_l4_l5,0.4432697892189026,0.5166544914245605,0.040075648576021194
22191399_left_neural_foraminal_narrowing_l5_s1,0.323141872882843,0.5374144315719604,0.13944366574287415
22191399_left_subarticular_stenosis_l1_l2,0.9998847842216492,7.001555059105158e-05,4.518825517152436e-05
22191399_left_subarticular_stenosis_l2_l3,0.9995260834693909,0.000404456106480211,6.945507630007342e-05
22191399_left_subarticular_stenosis_l3_l4,0.8568807244300842,0.14005686342716217,0.0030623972415924072
22191399_left_subarticular_stenosis_l4_l5,0.0001648172619752586,0.030018458142876625,0.9698166847229004
22191399_left_subarticular_stenosis_l5_s1,0.011099152266979218,0.3390125036239624,0.649888277053833
22191399_right_neural_foraminal_narrowing_l1_l2,0.9997501969337463,0.00023587515170220286,1.3866202607459854e-05
22191399_right_neural_foraminal_narrowing_l2_l3,0.9963951706886292,0.003552424954250455,5.239274105406366e-05
22191399_right_neural_foraminal_narrowing_l3_l4,0.6283016800880432,0.3649895489215851,0.006708800792694092
22191399_right_neural_foraminal_narrowing_l4_l5,0.24356797337532043,0.6094098091125488,0.14702220261096954
22191399_right_neural_foraminal_narrowing_l5_s1,0.11779214441776276,0.598319411277771,0.2838885188102722
22191399_right_subarticular_stenosis_l1_l2,0.9998703598976135,7.204862049547955e-05,5.757828330388293e-05
22191399_right_subarticular_stenosis_l2_l3,0.9977709054946899,0.002035043900832534,0.00019399711163714528
22191399_right_subarticular_stenosis_l3_l4,0.529042661190033,0.4462486207485199,0.024708736687898636
22191399_right_subarticular_stenosis_l4_l5,0.00022449913376476616,0.02302146889269352,0.9767540097236633
22191399_right_subarticular_stenosis_l5_s1,0.06239696964621544,0.5600454807281494,0.37755757570266724
22191399_spinal_canal_stenosis_l1_l2,0.9999785423278809,1.1039048331440426e-05,1.0471712812432088e-05
22191399_spinal_canal_stenosis_l2_l3,0.9999728202819824,1.8431672287988476e-05,8.73144108481938e-06
22191399_spinal_canal_stenosis_l3_l4,0.9997314810752869,0.00024093524552881718,2.748905899352394e-05
22191399_spinal_canal_stenosis_l4_l5,0.0009538563317619264,0.025649050250649452,0.9733970761299133
22191399_spinal_canal_stenosis_l5_s1,0.9997072219848633,0.0002223490155301988,7.045223173918203e-05
222523001_left_neural_foraminal_narrowing_l1_l2,0.9998989701271057,9.411279461346567e-05,6.912971457495587e-06
222523001_left_neural_foraminal_narrowing_l2_l3,0.9975442290306091,0.0024384595453739166,1.7299762475886382e-05
222523001_left_neural_foraminal_narrowing_l3_l4,0.9381505250930786,0.06157423555850983,0.000275151280220598
222523001_left_neural_foraminal_narrowing_l4_l5,0.10892286896705627,0.8657217621803284,0.025355378165841103
222523001_left_neural_foraminal_narrowing_l5_s1,0.8119663000106812,0.18553566932678223,0.002497989684343338
222523001_left_subarticular_stenosis_l1_l2,0.9998448491096497,8.973632793640718e-05,6.543425843119621e-05
222523001_left_subarticular_stenosis_l2_l3,0.9959093928337097,0.003908849321305752,0.00018176068260800093
222523001_left_subarticular_stenosis_l3_l4,0.9800959825515747,0.01941722445189953,0.0004867966054007411
222523001_left_subarticular_stenosis_l4_l5,0.6332372426986694,0.34498530626296997,0.021777447313070297
222523001_left_subarticular_stenosis_l5_s1,0.8235659599304199,0.17195868492126465,0.00447536027058959
222523001_right_neural_foraminal_narrowing_l1_l2,0.9999082684516907,8.545335731469095e-05,6.238194600882707e-06
222523001_right_neural_foraminal_narrowing_l2_l3,0.9961760640144348,0.003800636623054743,2.3363816580967978e-05
222523001_right_neural_foraminal_narrowing_l3_l4,0.9313629865646362,0.06835766136646271,0.0002794044848997146
222523001_right_neural_foraminal_narrowing_l4_l5,0.20174232125282288,0.7877267599105835,0.010530943050980568
222523001_right_neural_foraminal_narrowing_l5_s1,0.840413510799408,0.15732276439666748,0.002263749251142144
222523001_right_subarticular_stenosis_l1_l2,0.9998567700386047,8.031439938349649e-05,6.293659680522978e-05
222523001_right_subarticular_stenosis_l2_l3,0.9801005125045776,0.01945275440812111,0.0004467670223675668
222523001_right_subarticular_stenosis_l3_l4,0.9128702878952026,0.08558018505573273,0.0015496199484914541
222523001_right_subarticular_stenosis_l4_l5,0.6705911755561829,0.31644362211227417,0.012965230271220207
222523001_right_subarticular_stenosis_l5_s1,0.9358386993408203,0.06236213073134422,0.0017991459462791681
222523001_spinal_canal_stenosis_l1_l2,0.9999746680259705,1.4826940969214775e-05,1.0451512935105711e-05
222523001_spinal_canal_stenosis_l2_l3,0.999792754650116,0.00018100094166584313,2.621090243337676e-05
222523001_spinal_canal_stenosis_l3_l4,0.9999135136604309,6.659681093879044e-05,1.9852033801726066e-05
222523001_spinal_canal_stenosis_l4_l5,0.9999181628227234,5.644563498208299e-05,2.5388737412868068e-05
222523001_spinal_canal_stenosis_l5_s1,0.9996903538703918,0.00022659757814835757,8.311687997775152e-05
224965813_left_neural_foraminal_narrowing_l1_l2,0.9999057054519653,8.449638698948547e-05,9.76945102593163e-06
224965813_left_neural_foraminal_narrowing_l2_l3,0.9998841881752014,0.00010773611575132236,8.128365152515471e-06
224965813_left_neural_foraminal_narrowing_l3_l4,0.9996423125267029,0.00034661259269341826,1.1053002708649728e-05
224965813_left_neural_foraminal_narrowing_l4_l5,0.9825347661972046,0.017263265326619148,0.00020200092694722116
224965813_left_neural_foraminal_narrowing_l5_s1,0.9175811409950256,0.08095546811819077,0.0014634280232712626
224965813_left_subarticular_stenosis_l1_l2,0.9998778700828552,5.671845065080561e-05,6.536497676279396e-05
224965813_left_subarticular_stenosis_l2_l3,0.999890148639679,5.694374704034999e-05,5.292542482493445e-05
224965813_left_subarticular_stenosis_l3_l4,0.9995485544204712,0.0003567025123629719,9.477619460085407e-05
224965813_left_subarticular_stenosis_l4_l5,0.42017897963523865,0.5461490750312805,0.03367190435528755
224965813_left_subarticular_stenosis_l5_s1,0.8990081548690796,0.09820546209812164,0.0027863371651619673
224965813_right_neural_foraminal_narrowing_l1_l2,0.9998955130577087,9.12464311113581e-05,1.3234970538178459e-05
224965813_right_neural_foraminal_narrowing_l2_l3,0.9999282956123352,6.436752300942317e-05,7.328666924877325e-06
224965813_right_neural_foraminal_narrowing_l3_l4,0.9998953938484192,9.86790910246782e-05,5.87988779443549e-06
224965813_right_neural_foraminal_narrowing_l4_l5,0.9926179051399231,0.007313070818781853,6.897960702190176e-05
224965813_right_neural_foraminal_narrowing_l5_s1,0.922148585319519,0.07664814591407776,0.001203271560370922
224965813_right_subarticular_stenosis_l1_l2,0.9998500347137451,6.637920887442306e-05,8.35424434626475e-05
224965813_right_subarticular_stenosis_l2_l3,0.9999096393585205,4.585094939102419e-05,4.449985863175243e-05
224965813_right_subarticular_stenosis_l3_l4,0.9998395442962646,0.00010666646994650364,5.37838350282982e-05
224965813_right_subarticular_stenosis_l4_l5,0.7095521688461304,0.2826966345310211,0.007751142140477896
224965813_right_subarticular_stenosis_l5_s1,0.8799790740013123,0.11719077825546265,0.002830066019669175
224965813_spinal_canal_stenosis_l1_l2,0.9999544620513916,2.8038926757290028e-05,1.7579619452590123e-05
224965813_spinal_canal_stenosis_l2_l3,0.9999840259552002,9.016208423417993e-06,6.980340458540013e-06
224965813_spinal_canal_stenosis_l3_l4,0.9999644756317139,2.849763768608682e-05,7.020539669611026e-06
224965813_spinal_canal_stenosis_l4_l5,0.9965089559555054,0.003135637380182743,0.00035548541927710176
224965813_spinal_canal_stenosis_l5_s1,0.9998981356620789,7.291584915947169e-05,2.89807103399653e-05
227532076_left_neural_foraminal_narrowing_l1_l2,0.9999106526374817,8.182677993318066e-05,7.515667221014155e-06
227532076_left_neural_foraminal_narrowing_l2_l3,0.9990471601486206,0.0009378324612043798,1.505934324086411e-05
227532076_left_neural_foraminal_narrowing_l3_l4,0.7973322868347168,0.20196300745010376,0.0007047381368465722
227532076_left_neural_foraminal_narrowing_l4_l5,0.9548986554145813,0.04457099735736847,0.0005303715006448328
227532076_left_neural_foraminal_narrowing_l5_s1,0.10609079897403717,0.7706589102745056,0.12325029820203781
227532076_left_subarticular_stenosis_l1_l2,0.9999164342880249,4.0137310861609876e-05,4.3461881432449445e-05
227532076_left_subarticular_stenosis_l2_l3,0.9997820854187012,0.00017440634837839752,4.354973862064071e-05
227532076_left_subarticular_stenosis_l3_l4,0.9971662163734436,0.0027096758130937815,0.00012406910536810756
227532076_left_subarticular_stenosis_l4_l5,0.9697504043579102,0.029172325506806374,0.0010772623354569077
227532076_left_subarticular_stenosis_l5_s1,0.8172057271003723,0.17106878757476807,0.011725490912795067
227532076_right_neural_foraminal_narrowing_l1_l2,0.9998963475227356,9.19750309549272e-05,1.1701312359946314e-05
227532076_right_neural_foraminal_narrowing_l2_l3,0.9998231530189514,0.00016748253256082535,9.459028660785407e-06
227532076_right_neural_foraminal_narrowing_l3_l4,0.9994499087333679,0.0005318157491274178,1.8205590095021762e-05
227532076_right_neural_foraminal_narrowing_l4_l5,0.9738729000091553,0.025853032246232033,0.0002740394265856594
227532076_right_neural_foraminal_narrowing_l5_s1,0.5110915899276733,0.4747559130191803,0.014152489602565765
227532076_right_subarticular_stenosis_l1_l2,0.9999079704284668,5.172596866032109e-05,4.02727528125979e-05
227532076_right_subarticular_stenosis_l2_l3,0.9998118877410889,0.0001446915848646313,4.347286812844686e-05
227532076_right_subarticular_stenosis_l3_l4,0.9996901154518127,0.00026409668498672545,4.573767728288658e-05
227532076_right_subarticular_stenosis_l4_l5,0.9429957270622253,0.05538422614336014,0.0016200555255636573
227532076_right_subarticular_stenosis_l5_s1,0.7886413335800171,0.1999480128288269,0.011410712264478207
227532076_spinal_canal_stenosis_l1_l2,0.9999766945838928,1.1939930118387565e-05,1.1422026545915287e-05
227532076_spinal_canal_stenosis_l2_l3,0.9999827742576599,9.990028047468513e-06,7.15252917871112e-06
227532076_spinal_canal_stenosis_l3_l4,0.9999861121177673,7.116167580534238e-06,6.759536063327687e-06
227532076_spinal_canal_stenosis_l4_l5,0.9999715685844421,1.749038347043097e-05,1.1019177691196091e-05
227532076_spinal_canal_stenosis_l5_s1,0.9999486207962036,2.796670378302224e-05,2.3384858650388196e-05
228290246_left_neural_foraminal_narrowing_l1_l2,0.37283074855804443,0.6135361194610596,0.01363311242312193
228290246_left_neural_foraminal_narrowing_l2_l3,0.34594810009002686,0.6416175365447998,0.012434433214366436
228290246_left_neural_foraminal_narrowing_l3_l4,0.4425804018974304,0.5522356033325195,0.005183971021324396
228290246_left_neural_foraminal_narrowing_l4_l5,0.22083929181098938,0.7527272701263428,0.02643340826034546
228290246_left_neural_foraminal_narrowing_l5_s1,0.009881447069346905,0.374223530292511,0.6158950328826904
228290246_left_subarticular_stenosis_l1_l2,0.003215518780052662,0.18358978629112244,0.8131946921348572
228290246_left_subarticular_stenosis_l2_l3,0.2169019877910614,0.6648737788200378,0.11822419613599777
228290246_left_subarticular_stenosis_l3_l4,0.1291504204273224,0.712090015411377,0.15875957906246185
228290246_left_subarticular_stenosis_l4_l5,0.06660573929548264,0.5840872526168823,0.34930700063705444
228290246_left_subarticular_stenosis_l5_s1,0.43603256344795227,0.4513874351978302,0.11257996410131454
228290246_right_neural_foraminal_narrowing_l1_l2,0.9553626179695129,0.044098589569330215,0.0005387942073866725
228290246_right_neural_foraminal_narrowing_l2_l3,0.9301141500473022,0.06936260312795639,0.0005232353578321636
228290246_right_neural_foraminal_narrowing_l3_l4,0.7286103367805481,0.2698756754398346,0.0015139017486944795
228290246_right_neural_foraminal_narrowing_l4_l5,0.043965213000774384,0.794014036655426,0.16202077269554138
228290246_right_neural_foraminal_narrowing_l5_s1,0.0024075701367110014,0.11337349563837051,0.8842188715934753
228290246_right_subarticular_stenosis_l1_l2,0.01456464733928442,0.31008216738700867,0.6753531694412231
228290246_right_subarticular_stenosis_l2_l3,0.18105879426002502,0.6996435523033142,0.11929769068956375
228290246_right_subarticular_stenosis_l3_l4,0.15596981346607208,0.7263529896736145,0.11767718940973282
228290246_right_subarticular_stenosis_l4_l5,0.24698877334594727,0.6163061261177063,0.13670508563518524
228290246_right_subarticular_stenosis_l5_s1,0.3488781452178955,0.42127978801727295,0.22984203696250916
228290246_spinal_canal_stenosis_l1_l2,0.0017366354586556554,0.11288484930992126,0.8853785395622253
228290246_spinal_canal_stenosis_l2_l3,0.9994028210639954,0.0005493135540746152,4.791630999534391e-05
228290246_spinal_canal_stenosis_l3_l4,0.9997727870941162,0.0001904631790239364,3.667127020889893e-05
228290246_spinal_canal_stenosis_l4_l5,0.999923050403595,4.8341018555220217e-05,2.860953100025654e-05
228290246_spinal_canal_stenosis_l5_s1,0.9998953938484192,6.106266664573923e-05,4.351536699687131e-05
231335311_left_neural_foraminal_narrowing_l1_l2,0.9998170137405396,0.00017177622066810727,1.1212305253138766e-05
231335311_left_neural_foraminal_narrowing_l2_l3,0.9986066818237305,0.0013706018216907978,2.277284329466056e-05
231335311_left_neural_foraminal_narrowing_l3_l4,0.9914203882217407,0.008488845080137253,9.072136163013056e-05
231335311_left_neural_foraminal_narrowing_l4_l5,0.7063670754432678,0.29119807481765747,0.002434885362163186
231335311_left_neural_foraminal_narrowing_l5_s1,0.5075116753578186,0.47302886843681335,0.01945945806801319
231335311_left_subarticular_stenosis_l1_l2,0.9998219609260559,0.00012317059736233205,5.4918844398343936e-05
231335311_left_subarticular_stenosis_l2_l3,0.9980477690696716,0.0018223280785605311,0.00012987488298676908
231335311_left_subarticular_stenosis_l3_l4,0.9275064468383789,0.07103569060564041,0.0014578980626538396
231335311_left_subarticular_stenosis_l4_l5,0.06966153532266617,0.6797868609428406,0.2505515217781067
231335311_left_subarticular_stenosis_l5_s1,0.9819297194480896,0.01685449667274952,0.0012157905148342252
231335311_right_neural_foraminal_narrowing_l1_l2,0.9998518824577332,0.00013771126396022737,1.0475537237653043e-05
231335311_right_neural_foraminal_narrowing_l2_l3,0.9982781410217285,0.0016872520791366696,3.4712666092673317e-05
231335311_right_neural_foraminal_narrowing_l3_l4,0.9955047369003296,0.004420112352818251,7.520703366026282e-05
231335311_right_neural_foraminal_narrowing_l4_l5,0.5969141721725464,0.3978699743747711,0.005215849727392197
231335311_right_neural_foraminal_narrowing_l5_s1,0.9920873045921326,0.007496751844882965,0.0004160119278822094
231335311_right_subarticular_stenosis_l1_l2,0.9997700452804565,0.00015804750728420913,7.186485890997574e-05
231335311_right_subarticular_stenosis_l2_l3,0.9982472062110901,0.0016333430539816618,0.00011954380170209333
231335311_right_subarticular_stenosis_l3_l4,0.9912034273147583,0.008456442505121231,0.0003401891444809735
231335311_right_subarticular_stenosis_l4_l5,0.05293981730937958,0.6486291289329529,0.29843103885650635
231335311_right_subarticular_stenosis_l5_s1,0.9965445399284363,0.003131664590910077,0.0003237962373532355
231335311_spinal_canal_stenosis_l1_l2,0.9999654293060303,2.1463329176185653e-05,1.3164829397283029e-05
231335311_spinal_canal_stenosis_l2_l3,0.9999717473983765,1.8932374587166123e-05,9.340653377876151e-06
231335311_spinal_canal_stenosis_l3_l4,0.9999749660491943,1.509239064034773e-05,9.981130460801069e-06
231335311_spinal_canal_stenosis_l4_l5,0.9994121789932251,0.00048224578495137393,0.00010556383494986221
231335311_spinal_canal_stenosis_l5_s1,0.999966561794281,1.603444070497062e-05,1.7385060345986858e-05
233281390_left_neural_foraminal_narrowing_l1_l2,0.9998912811279297,9.898009011521935e-05,9.718522960611153e-06
233281390_left_neural_foraminal_narrowing_l2_l3,0.9998992681503296,9.46122090681456e-05,6.173896508698817e-06
233281390_left_neural_foraminal_narrowing_l3_l4,0.9997757077217102,0.00021676353935617954,7.483201898139669e-06
233281390_left_neural_foraminal_narrowing_l4_l5,0.9446032643318176,0.055118631571531296,0.0002781164657790214
233281390_left_neural_foraminal_narrowing_l5_s1,0.9357826113700867,0.06354784220457077,0.0006695448537357152
233281390_left_subarticular_stenosis_l1_l2,0.9997755289077759,0.0001184378779726103,0.0001060373178916052
233281390_left_subarticular_stenosis_l2_l3,0.9997940063476562,0.00013432305422611535,7.162246765801683e-05
233281390_left_subarticular_stenosis_l3_l4,0.9993897676467896,0.0004950062721036375,0.00011520726548042148
233281390_left_subarticular_stenosis_l4_l5,0.9319766759872437,0.06630419194698334,0.0017191511578857899
233281390_left_subarticular_stenosis_l5_s1,0.47668781876564026,0.4972784221172333,0.02603374607861042
233281390_right_neural_foraminal_narrowing_l1_l2,0.9998688697814941,0.0001237456890521571,7.3863980105670635e-06
233281390_right_neural_foraminal_narrowing_l2_l3,0.9998884201049805,0.00010576776548987255,5.867461368325166e-06
233281390_right_neural_foraminal_narrowing_l3_l4,0.9997448921203613,0.00024579314049333334,9.297597898694221e-06
233281390_right_neural_foraminal_narrowing_l4_l5,0.9990395307540894,0.0009334970964118838,2.6924515623250045e-05
233281390_right_neural_foraminal_narrowing_l5_s1,0.9922724366188049,0.00758380489423871,0.0001437463506590575
233281390_right_subarticular_stenosis_l1_l2,0.9998084902763367,9.634414891479537e-05,9.521267202217132e-05
233281390_right_subarticular_stenosis_l2_l3,0.9998211860656738,0.00011126103345304728,6.751771434210241e-05
233281390_right_subarticular_stenosis_l3_l4,0.9996281862258911,0.00028740783454850316,8.438965596724302e-05
233281390_right_subarticular_stenosis_l4_l5,0.9931001663208008,0.006423473823815584,0.000476327259093523
233281390_right_subarticular_stenosis_l5_s1,0.8021292090415955,0.19176426529884338,0.0061065130867064
233281390_spinal_canal_stenosis_l1_l2,0.9999508857727051,2.4135768398991786e-05,2.495446642569732e-05
233281390_spinal_canal_stenosis_l2_l3,0.9999655485153198,1.9295388483442366e-05,1.5175791304500308e-05
233281390_spinal_canal_stenosis_l3_l4,0.9999675750732422,1.9237464584875852e-05,1.313423490501009e-05
233281390_spinal_canal_stenosis_l4_l5,0.9999468922615051,3.889443905791268e-05,1.4133810509520117e-05
233281390_spinal_canal_stenosis_l5_s1,0.9998729825019836,0.0001024793236865662,2.4569792003603652e-05
233373921_left_neural_foraminal_narrowing_l1_l2,0.9998632073402405,0.0001217737008119002,1.5015117242000997e-05
233373921_left_neural_foraminal_narrowing_l2_l3,0.9999193549156189,7.440061017405242e-05,6.245705208129948e-06
233373921_left_neural_foraminal_narrowing_l3_l4,0.9991147518157959,0.0008681829203851521,1.6984531612251885e-05
233373921_left_neural_foraminal_narrowing_l4_l5,0.8833678364753723,0.11597447842359543,0.0006577164167538285
233373921_left_neural_foraminal_narrowing_l5_s1,0.350257933139801,0.6244863271713257,0.02525566704571247
233373921_left_subarticular_stenosis_l1_l2,0.9998642206192017,6.593162834178656e-05,6.985675281612203e-05
233373921_left_subarticular_stenosis_l2_l3,0.9998742938041687,7.602244295412675e-05,4.9702073738444597e-05
233373921_left_subarticular_stenosis_l3_l4,0.9946531653404236,0.005168961826711893,0.00017780542839318514
233373921_left_subarticular_stenosis_l4_l5,0.9229320883750916,0.07551515847444534,0.0015528355725109577
233373921_left_subarticular_stenosis_l5_s1,0.9636351466178894,0.034499965608119965,0.001864827936515212
233373921_right_neural_foraminal_narrowing_l1_l2,0.9998598098754883,0.00013078621122986078,9.399792361364234e-06
233373921_right_neural_foraminal_narrowing_l2_l3,0.9998635649681091,0.00012984999921172857,6.529643087560544e-06
233373921_right_neural_foraminal_narrowing_l3_l4,0.9972724318504333,0.0026936212088912725,3.393273436813615e-05
233373921_right_neural_foraminal_narrowing_l4_l5,0.9232383370399475,0.0764092206954956,0.0003524734638631344
233373921_right_neural_foraminal_narrowing_l5_s1,0.31224679946899414,0.6594412326812744,0.028311990201473236
233373921_right_subarticular_stenosis_l1_l2,0.9998408555984497,7.777834980515763e-05,8.13504884717986e-05
233373921_right_subarticular_stenosis_l2_l3,0.9998288750648499,0.00011559035920072347,5.558106568059884e-05
233373921_right_subarticular_stenosis_l3_l4,0.9899532198905945,0.00978995393961668,0.000256783067015931
233373921_right_subarticular_stenosis_l4_l5,0.9213381409645081,0.07725365459918976,0.001408151350915432
233373921_right_subarticular_stenosis_l5_s1,0.9041078090667725,0.09222963452339172,0.0036625349894165993
233373921_spinal_canal_stenosis_l1_l2,0.9999767541885376,1.3186747310101055e-05,1.0077762453875039e-05
233373921_spinal_canal_stenosis_l2_l3,0.9999740719795227,1.828582026064396e-05,7.585832918266533e-06
233373921_spinal_canal_stenosis_l3_l4,0.9999529123306274,3.520131576806307e-05,1.1836155863420572e-05
233373921_spinal_canal_stenosis_l4_l5,0.9999611973762512,2.5668607122497633e-05,1.3129764738550875e-05
233373921_spinal_canal_stenosis_l5_s1,0.9999644160270691,1.9531096768332645e-05,1.606396290299017e-05
241354569_left_neural_foraminal_narrowing_l1_l2,0.998910129070282,0.0010479020420461893,4.194873690721579e-05
241354569_left_neural_foraminal_narrowing_l2_l3,0.95783931016922,0.04186796396970749,0.00029276980785652995
241354569_left_neural_foraminal_narrowing_l3_l4,0.6934558749198914,0.30499064922332764,0.0015535390703007579
241354569_left_neural_foraminal_narrowing_l4_l5,0.7520837783813477,0.24540424346923828,0.002512018894776702
241354569_left_neural_foraminal_narrowing_l5_s1,0.7795661687850952,0.2095533162355423,0.010880544781684875
241354569_left_subarticular_stenosis_l1_l2,0.9982267022132874,0.0015799838583916426,0.0001933191524585709
241354569_left_subarticular_stenosis_l2_l3,0.9141713976860046,0.0841509997844696,0.0016775175463408232
241354569_left_subarticular_stenosis_l3_l4,0.8937963843345642,0.10402654856443405,0.002177102491259575
241354569_left_subarticular_stenosis_l4_l5,0.3464694917201996,0.6059426069259644,0.04758796468377113
241354569_left_subarticular_stenosis_l5_s1,0.7115716934204102,0.2616884708404541,0.026739798486232758
241354569_right_neural_foraminal_narrowing_l1_l2,0.9993196725845337,0.0006418091943487525,3.84409686375875e-05
241354569_right_neural_foraminal_narrowing_l2_l3,0.9699287414550781,0.029654307290911674,0.000417033996200189
241354569_right_neural_foraminal_narrowing_l3_l4,0.5746299028396606,0.4215427041053772,0.003827399108558893
241354569_right_neural_foraminal_narrowing_l4_l5,0.4108969569206238,0.5725769400596619,0.016526127234101295
241354569_right_neural_foraminal_narrowing_l5_s1,0.8873254656791687,0.10678711533546448,0.005887436680495739
241354569_right_subarticular_stenosis_l1_l2,0.9995598196983337,0.00037352077197283506,6.658970232820138e-05
241354569_right_subarticular_stenosis_l2_l3,0.9104774594306946,0.08748407661914825,0.0020384974777698517
241354569_right_subarticular_stenosis_l3_l4,0.601474404335022,0.38909485936164856,0.00943075306713581
241354569_right_subarticular_stenosis_l4_l5,0.39939045906066895,0.5625998973846436,0.03800958767533302
241354569_right_subarticular_stenosis_l5_s1,0.6924373507499695,0.2774489223957062,0.030113764107227325
241354569_spinal_canal_stenosis_l1_l2,0.9999830722808838,1.1346795872668736e-05,5.643757504003588e-06
241354569_spinal_canal_stenosis_l2_l3,0.9999608993530273,3.050481427635532e-05,8.561968570575118e-06
241354569_spinal_canal_stenosis_l3_l4,0.9999175667762756,7.039710180833936e-05,1.1994514352409169e-05
241354569_spinal_canal_stenosis_l4_l5,0.9994997978210449,0.00043760589323937893,6.259376823436469e-05
241354569_spinal_canal_stenosis_l5_s1,0.9999607801437378,1.9011467884411104e-05,2.0198449419694953e-05
245660566_left_neural_foraminal_narrowing_l1_l2,0.6086212396621704,0.3860337734222412,0.005345056764781475
245660566_left_neural_foraminal_narrowing_l2_l3,0.33938103914260864,0.6439119577407837,0.016707012429833412
245660566_left_neural_foraminal_narrowing_l3_l4,0.05040302127599716,0.7758926749229431,0.17370431125164032
245660566_left_neural_foraminal_narrowing_l4_l5,0.0036324618849903345,0.14843551814556122,0.847931981086731
245660566_left_neural_foraminal_narrowing_l5_s1,0.2217176854610443,0.5072681307792664,0.2710142135620117
245660566_left_subarticular_stenosis_l1_l2,0.1381695419549942,0.6699445247650146,0.19188590347766876
245660566_left_subarticular_stenosis_l2_l3,0.48838624358177185,0.4754762351512909,0.036137524992227554
245660566_left_subarticular_stenosis_l3_l4,0.05287293717265129,0.5327101349830627,0.4144168496131897
245660566_left_subarticular_stenosis_l4_l5,0.0002721098135225475,0.0076325577683746815,0.9920953512191772
245660566_left_subarticular_stenosis_l5_s1,0.15245410799980164,0.4011927545070648,0.44635316729545593
245660566_right_neural_foraminal_narrowing_l1_l2,0.783515453338623,0.21436278522014618,0.0021217158064246178
245660566_right_neural_foraminal_narrowing_l2_l3,0.30483391880989075,0.6800944209098816,0.0150716882199049
245660566_right_neural_foraminal_narrowing_l3_l4,0.031124232336878777,0.6978100538253784,0.2710658013820648
245660566_right_neural_foraminal_narrowing_l4_l5,0.038360487669706345,0.435792475938797,0.5258470177650452
245660566_right_neural_foraminal_narrowing_l5_s1,0.9540649056434631,0.04232297092676163,0.0036120957229286432
245660566_right_subarticular_stenosis_l1_l2,0.2698177993297577,0.6211725473403931,0.10900956392288208
245660566_right_subarticular_stenosis_l2_l3,0.43157386779785156,0.5171733498573303,0.05125278979539871
245660566_right_subarticular_stenosis_l3_l4,0.0008238384034484625,0.13358354568481445,0.8655925989151001
245660566_right_subarticular_stenosis_l4_l5,5.8368103054817766e-05,0.003907239064574242,0.9960344433784485
245660566_right_subarticular_stenosis_l5_s1,0.8361037373542786,0.14481039345264435,0.019085939973592758
245660566_spinal_canal_stenosis_l1_l2,0.9060948491096497,0.09190495312213898,0.0020002583041787148
245660566_spinal_canal_stenosis_l2_l3,0.9998502135276794,0.00012928515207022429,2.0546905943774618e-05
245660566_spinal_canal_stenosis_l3_l4,0.01791895553469658,0.6934354901313782,0.28864550590515137
245660566_spinal_canal_stenosis_l4_l5,0.002454848028719425,0.03383329510688782,0.9637117981910706
245660566_spinal_canal_stenosis_l5_s1,0.9986366033554077,0.0010402238694950938,0.0003230793809052557
247968996_left_neural_foraminal_narrowing_l1_l2,0.9995945692062378,0.000393792666727677,1.1606716725509614e-05
247968996_left_neural_foraminal_narrowing_l2_l3,0.8153150677680969,0.1841231733560562,0.0005617191200144589
247968996_left_neural_foraminal_narrowing_l3_l4,0.949463427066803,0.05033532530069351,0.00020128350297454745
247968996_left_neural_foraminal_narrowing_l4_l5,0.6800885796546936,0.3183518946170807,0.0015595987206324935
247968996_left_neural_foraminal_narrowing_l5_s1,0.004416533280164003,0.539192259311676,0.45639118552207947
247968996_left_subarticular_stenosis_l1_l2,0.9998571872711182,8.641419117338955e-05,5.6395758292637765e-05
247968996_left_subarticular_stenosis_l2_l3,0.6494052410125732,0.34414440393447876,0.006450311746448278
247968996_left_subarticular_stenosis_l3_l4,0.27752575278282166,0.6762259006500244,0.04624832794070244
247968996_left_subarticular_stenosis_l4_l5,0.17571374773979187,0.7460720539093018,0.07821418344974518
247968996_left_subarticular_stenosis_l5_s1,0.28896644711494446,0.6001458764076233,0.11088766902685165
247968996_right_neural_foraminal_narrowing_l1_l2,0.9993868470191956,0.0005949398037046194,1.8178423488279805e-05
247968996_right_neural_foraminal_narrowing_l2_l3,0.23625092208385468,0.7545130848884583,0.009235977195203304
247968996_right_neural_foraminal_narrowing_l3_l4,0.45378705859184265,0.5433040261268616,0.002908976748585701
247968996_right_neural_foraminal_narrowing_l4_l5,0.3592418432235718,0.6361465454101562,0.00461168959736824
247968996_right_neural_foraminal_narrowing_l5_s1,0.004103603307157755,0.49193665385246277,0.5039597153663635
247968996_right_subarticular_stenosis_l1_l2,0.9998462200164795,9.281973325414583e-05,6.100757673266344e-05
247968996_right_subarticular_stenosis_l2_l3,0.5819364786148071,0.4046775698661804,0.013385966420173645
247968996_right_subarticular_stenosis_l3_l4,0.5710718035697937,0.4187625050544739,0.010165623389184475
247968996_right_subarticular_stenosis_l4_l5,0.11515375971794128,0.7430133819580078,0.1418328881263733
247968996_right_subarticular_stenosis_l5_s1,0.5114390254020691,0.44236382842063904,0.04619709774851799
247968996_spinal_canal_stenosis_l1_l2,0.999985933303833,8.395626537094358e-06,5.71907548874151e-06
247968996_spinal_canal_stenosis_l2_l3,0.9990997910499573,0.000854296435136348,4.590438402374275e-05
247968996_spinal_canal_stenosis_l3_l4,0.9866369962692261,0.012850779108703136,0.0005123136797919869
247968996_spinal_canal_stenosis_l4_l5,0.998046338558197,0.0017256882274523377,0.0002279680484207347
247968996_spinal_canal_stenosis_l5_s1,0.9999359250068665,4.193252607365139e-05,2.2109927158453502e-05
253661040_left_neural_foraminal_narrowing_l1_l2,0.9996016621589661,0.00036593968980014324,3.236691918573342e-05
253661040_left_neural_foraminal_narrowing_l2_l3,0.9992549419403076,0.0007220961851999164,2.2979393179412e-05
253661040_left_neural_foraminal_narrowing_l3_l4,0.9354459643363953,0.0639304593205452,0.0006235717446543276
253661040_left_neural_foraminal_narrowing_l4_l5,0.8516019582748413,0.14458732306957245,0.003810717724263668
253661040_left_neural_foraminal_narrowing_l5_s1,0.9462757706642151,0.051506157964468,0.0022180292289704084
253661040_left_subarticular_stenosis_l1_l2,0.9997992515563965,9.390983905177563e-05,0.00010686319001251832
253661040_left_subarticular_stenosis_l2_l3,0.9997049570083618,0.00022326840553432703,7.179141539381817e-05
253661040_left_subarticular_stenosis_l3_l4,0.9601786136627197,0.03884369134902954,0.0009776728693395853
253661040_left_subarticular_stenosis_l4_l5,0.8126064538955688,0.18151013553142548,0.005883476231247187
253661040_left_subarticular_stenosis_l5_s1,0.8617412447929382,0.13298089802265167,0.005277877673506737
253661040_right_neural_foraminal_narrowing_l1_l2,0.9995390176773071,0.00041689618956297636,4.413681381265633e-05
253661040_right_neural_foraminal_narrowing_l2_l3,0.9973635673522949,0.0025687911547720432,6.76579584251158e-05
253661040_right_neural_foraminal_narrowing_l3_l4,0.825184166431427,0.17321790754795074,0.0015978878363966942
253661040_right_neural_foraminal_narrowing_l4_l5,0.5839446783065796,0.4085821807384491,0.007473158650100231
253661040_right_neural_foraminal_narrowing_l5_s1,0.8466172814369202,0.14882823824882507,0.004554386250674725
253661040_right_subarticular_stenosis_l1_l2,0.9998053908348083,9.263749234378338e-05,0.00010197300434811041
253661040_right_subarticular_stenosis_l2_l3,0.9993696212768555,0.0005452106706798077,8.520487608620897e-05
253661040_right_subarticular_stenosis_l3_l4,0.9199656248092651,0.07835762202739716,0.0016767929773777723
253661040_right_subarticular_stenosis_l4_l5,0.3529703617095947,0.60434889793396,0.04268066585063934
253661040_right_subarticular_stenosis_l5_s1,0.8023109436035156,0.1910943239927292,0.006594703067094088
253661040_spinal_canal_stenosis_l1_l2,0.9999863505363464,8.091627933026757e-06,5.590491582552204e-06
253661040_spinal_canal_stenosis_l2_l3,0.999988317489624,7.754942089377437e-06,3.891980213666102e-06
253661040_spinal_canal_stenosis_l3_l4,0.9999654293060303,2.8312950234976597e-05,6.210706942511024e-06
253661040_spinal_canal_stenosis_l4_l5,0.9999175071716309,6.930521340109408e-05,1.3258708349894732e-05
253661040_spinal_canal_stenosis_l5_s1,0.9999072551727295,6.814699008828029e-05,2.458741801092401e-05
256201877_left_neural_foraminal_narrowing_l1_l2,0.999798059463501,0.000194266191101633,7.674945663893595e-06
256201877_left_neural_foraminal_narrowing_l2_l3,0.9992855787277222,0.0007016111048869789,1.2765410247084219e-05
256201877_left_neural_foraminal_narrowing_l3_l4,0.4854096472263336,0.5116832256317139,0.0029071662575006485
256201877_left_neural_foraminal_narrowing_l4_l5,0.2685628831386566,0.722245454788208,0.009191613644361496
256201877_left_neural_foraminal_narrowing_l5_s1,0.9874404668807983,0.012284113094210625,0.0002753930748440325
256201877_left_subarticular_stenosis_l1_l2,0.9995355010032654,0.00034835556289181113,0.000116108036309015
256201877_left_subarticular_stenosis_l2_l3,0.9991942048072815,0.0007081817602738738,9.763577691046521e-05
256201877_left_subarticular_stenosis_l3_l4,0.7390579581260681,0.2542921006679535,0.006650007329881191
256201877_left_subarticular_stenosis_l4_l5,0.5427665710449219,0.43831726908683777,0.01891622506082058
256201877_left_subarticular_stenosis_l5_s1,0.9954854846000671,0.004211181774735451,0.0003033702669199556
256201877_right_neural_foraminal_narrowing_l1_l2,0.9998860359191895,0.00010652452328940853,7.473649020539597e-06
256201877_right_neural_foraminal_narrowing_l2_l3,0.999527096748352,0.00046158256009221077,1.1366046237526461e-05
256201877_right_neural_foraminal_narrowing_l3_l4,0.9331100583076477,0.06642167270183563,0.00046829640632495284
256201877_right_neural_foraminal_narrowing_l4_l5,0.06984386593103409,0.8493866324424744,0.08076944202184677
256201877_right_neural_foraminal_narrowing_l5_s1,0.9943455457687378,0.00544974347576499,0.00020468926231842488
256201877_right_subarticular_stenosis_l1_l2,0.9997794032096863,0.00015420053387060761,6.638069316977635e-05
256201877_right_subarticular_stenosis_l2_l3,0.9990086555480957,0.0009024612372741103,8.894521306501701e-05
256201877_right_subarticular_stenosis_l3_l4,0.9082836508750916,0.09030795097351074,0.0014084676513448358
256201877_right_subarticular_stenosis_l4_l5,0.7666318416595459,0.22557590901851654,0.007792290765792131
256201877_right_subarticular_stenosis_l5_s1,0.998332142829895,0.0015204830560833216,0.00014730490511283278
256201877_spinal_canal_stenosis_l1_l2,0.9999265074729919,5.1960476412205026e-05,2.1550866222241893e-05
256201877_spinal_canal_stenosis_l2_l3,0.9999348521232605,4.6273544285213575e-05,1.8839940821635537e-05
256201877_spinal_canal_stenosis_l3_l4,0.999931812286377,5.692485865438357e-05,1.1231027201574761e-05
256201877_spinal_canal_stenosis_l4_l5,0.9999529719352722,3.4314543881919235e-05,1.2693578355538193e-05
256201877_spinal_canal_stenosis_l5_s1,0.9999771118164062,1.0902791473199613e-05,1.1992205145361368e-05
258027917_left_neural_foraminal_narrowing_l1_l2,0.9987216591835022,0.00121020944789052,6.820572889409959e-05
258027917_left_neural_foraminal_narrowing_l2_l3,0.9964988827705383,0.0034247064031660557,7.636078225914389e-05
258027917_left_neural_foraminal_narrowing_l3_l4,0.9836563467979431,0.016189398244023323,0.00015422957949340343
258027917_left_neural_foraminal_narrowing_l4_l5,0.45583459734916687,0.5406625270843506,0.0035029235295951366
258027917_left_neural_foraminal_narrowing_l5_s1,0.12268690764904022,0.7934675216674805,0.0838456079363823
258027917_left_subarticular_stenosis_l1_l2,0.9606188535690308,0.03640894591808319,0.0029723052866756916
258027917_left_subarticular_stenosis_l2_l3,0.9918394684791565,0.007702643517404795,0.00045793430763296783
258027917_left_subarticular_stenosis_l3_l4,0.9219110608100891,0.0765843540430069,0.001504541840404272
258027917_left_subarticular_stenosis_l4_l5,0.21522805094718933,0.6806640028953552,0.10410793125629425
258027917_left_subarticular_stenosis_l5_s1,0.18995797634124756,0.5578159689903259,0.2522260844707489
258027917_right_neural_foraminal_narrowing_l1_l2,0.9989663362503052,0.0009733984479680657,6.023564128554426e-05
258027917_right_neural_foraminal_narrowing_l2_l3,0.9970482587814331,0.0028940653428435326,5.774457167717628e-05
258027917_right_neural_foraminal_narrowing_l3_l4,0.9792720079421997,0.020577143877744675,0.00015089433873072267
258027917_right_neural_foraminal_narrowing_l4_l5,0.7041646838188171,0.2941019535064697,0.0017333918949589133
258027917_right_neural_foraminal_narrowing_l5_s1,0.6460317969322205,0.3457951545715332,0.008173054084181786
258027917_right_subarticular_stenosis_l1_l2,0.9873133897781372,0.011347280815243721,0.0013393472181633115
258027917_right_subarticular_stenosis_l2_l3,0.9905524253845215,0.009029445238411427,0.0004181143594905734
258027917_right_subarticular_stenosis_l3_l4,0.9371957182884216,0.06149294227361679,0.0013113591121509671
258027917_right_subarticular_stenosis_l4_l5,0.3827480673789978,0.5833578705787659,0.03389402851462364
258027917_right_subarticular_stenosis_l5_s1,0.2833426296710968,0.5953471660614014,0.12131021916866302
258027917_spinal_canal_stenosis_l1_l2,0.983111560344696,0.014337370172142982,0.0025510939303785563
258027917_spinal_canal_stenosis_l2_l3,0.9915429353713989,0.00780881242826581,0.0006483058677986264
258027917_spinal_canal_stenosis_l3_l4,0.9871467351913452,0.01230375375598669,0.0005495036020874977
258027917_spinal_canal_stenosis_l4_l5,0.9576988816261292,0.0398641899228096,0.0024369643069803715
258027917_spinal_canal_stenosis_l5_s1,0.9979528784751892,0.001505363965407014,0.0005417512729763985
259346069_left_neural_foraminal_narrowing_l1_l2,0.9943978786468506,0.005455611739307642,0.00014651949459221214
259346069_left_neural_foraminal_narrowing_l2_l3,0.9682024121284485,0.03142080456018448,0.0003767006564885378
259346069_left_neural_foraminal_narrowing_l3_l4,0.9083711504936218,0.09091678261756897,0.000712077075149864
259346069_left_neural_foraminal_narrowing_l4_l5,0.5005987286567688,0.4890514016151428,0.010349794290959835
259346069_left_neural_foraminal_narrowing_l5_s1,0.28025174140930176,0.6621676683425903,0.05758063122630119
259346069_left_subarticular_stenosis_l1_l2,0.9649907350540161,0.033820103853940964,0.001189142931252718
259346069_left_subarticular_stenosis_l2_l3,0.6887317299842834,0.30358394980430603,0.007684335112571716
259346069_left_subarticular_stenosis_l3_l4,0.8916406035423279,0.1063903346657753,0.0019691218622028828
259346069_left_subarticular_stenosis_l4_l5,0.13415910303592682,0.6417722702026367,0.22406865656375885
259346069_left_subarticular_stenosis_l5_s1,0.3581869304180145,0.5351178050041199,0.1066952794790268
259346069_right_neural_foraminal_narrowing_l1_l2,0.9952260255813599,0.004707726184278727,6.624878733418882e-05
259346069_right_neural_foraminal_narrowing_l2_l3,0.943304181098938,0.056307047605514526,0.00038874050369486213
259346069_right_neural_foraminal_narrowing_l3_l4,0.7821061611175537,0.21668948233127594,0.0012043374590575695
259346069_right_neural_foraminal_narrowing_l4_l5,0.7811018824577332,0.2167947143316269,0.0021033519878983498
259346069_right_neural_foraminal_narrowing_l5_s1,0.10208927094936371,0.7774388790130615,0.12047187983989716
259346069_right_subarticular_stenosis_l1_l2,0.9890578389167786,0.010560287162661552,0.00038187613245099783
259346069_right_subarticular_stenosis_l2_l3,0.7741067409515381,0.22162842750549316,0.0042648762464523315
259346069_right_subarticular_stenosis_l3_l4,0.6269878149032593,0.3624114990234375,0.010600731708109379
259346069_right_subarticular_stenosis_l4_l5,0.14834080636501312,0.6962366700172424,0.15542253851890564
259346069_right_subarticular_stenosis_l5_s1,0.10674042254686356,0.558799684047699,0.3344598412513733
259346069_spinal_canal_stenosis_l1_l2,0.9998332262039185,0.00014199165161699057,2.4772223696345463e-05
259346069_spinal_canal_stenosis_l2_l3,0.99985671043396,0.00011187309428351,3.1370072974823415e-05
259346069_spinal_canal_stenosis_l3_l4,0.9999656081199646,2.4980559828691185e-05,9.453935490455478e-06
259346069_spinal_canal_stenosis_l4_l5,0.9979647397994995,0.0018882432486861944,0.00014702427142765373
259346069_spinal_canal_stenosis_l5_s1,0.9991984963417053,0.0006935904966667295,0.00010784139158204198
262749243_left_neural_foraminal_narrowing_l1_l2,0.9999277591705322,6.44852188997902e-05,7.723437192908023e-06
262749243_left_neural_foraminal_narrowing_l2_l3,0.9998419284820557,0.00015013095980975777,8.015446837816853e-06
262749243_left_neural_foraminal_narrowing_l3_l4,0.999463677406311,0.0005235307035036385,1.2701506420853548e-05
262749243_left_neural_foraminal_narrowing_l4_l5,0.9417273998260498,0.05789107456803322,0.0003815808449871838
262749243_left_neural_foraminal_narrowing_l5_s1,0.7928408980369568,0.20274664461612701,0.004412503447383642
262749243_left_subarticular_stenosis_l1_l2,0.9999088644981384,4.037451435578987e-05,5.078973845229484e-05
262749243_left_subarticular_stenosis_l2_l3,0.999875009059906,8.526543388143182e-05,3.974378341808915e-05
262749243_left_subarticular_stenosis_l3_l4,0.9995937347412109,0.0003490900853648782,5.712774145649746e-05
262749243_left_subarticular_stenosis_l4_l5,0.9379994869232178,0.06038469076156616,0.0016157900681719184
262749243_left_subarticular_stenosis_l5_s1,0.7941609621047974,0.19856047630310059,0.0072785234078764915
262749243_right_neural_foraminal_narrowing_l1_l2,0.9998939037322998,9.72111156443134e-05,8.878517292032484e-06
262749243_right_neural_foraminal_narrowing_l2_l3,0.9997696280479431,0.00022253899078350514,7.814996934030205e-06
262749243_right_neural_foraminal_narrowing_l3_l4,0.9992571473121643,0.0007293688831850886,1.3410778592515271e-05
262749243_right_neural_foraminal_narrowing_l4_l5,0.9106746315956116,0.08871091157197952,0.0006144034559838474
262749243_right_neural_foraminal_narrowing_l5_s1,0.7287654876708984,0.26409223675727844,0.007142182439565659
262749243_right_subarticular_stenosis_l1_l2,0.9999147653579712,3.8923011743463576e-05,4.6343655412783846e-05
262749243_right_subarticular_stenosis_l2_l3,0.9998416900634766,0.00012392655480653048,3.438046041992493e-05
262749243_right_subarticular_stenosis_l3_l4,0.9993912577629089,0.0005503075663000345,5.844093539053574e-05
262749243_right_subarticular_stenosis_l4_l5,0.9239915013313293,0.07431446760892868,0.0016940705245360732
262749243_right_subarticular_stenosis_l5_s1,0.9018091559410095,0.09485487639904022,0.0033359231892973185
262749243_spinal_canal_stenosis_l1_l2,0.9999749064445496,1.4824579920968972e-05,1.0300957910658326e-05
262749243_spinal_canal_stenosis_l2_l3,0.9999794960021973,1.2789904758392368e-05,7.718165761616547e-06
262749243_spinal_canal_stenosis_l3_l4,0.9999663233757019,2.347035479033366e-05,1.0245248631690629e-05
262749243_spinal_canal_stenosis_l4_l5,0.9999322295188904,5.082191637484357e-05,1.697895822871942e-05
262749243_spinal_canal_stenosis_l5_s1,0.9999624490737915,2.158750794478692e-05,1.600281939317938e-05
26342422_left_neural_foraminal_narrowing_l1_l2,0.9999366998672485,5.36443549208343e-05,9.629066880734172e-06
26342422_left_neural_foraminal_narrowing_l2_l3,0.9998931884765625,0.00010004598152590916,6.770643267373089e-06
26342422_left_neural_foraminal_narrowing_l3_l4,0.9919481873512268,0.007998960092663765,5.2862200391246006e-05
26342422_left_neural_foraminal_narrowing_l4_l5,0.9901000261306763,0.009739596396684647,0.00016041044727899134
26342422_left_neural_foraminal_narrowing_l5_s1,0.996087908744812,0.0037344133015722036,0.00017763828509487212
26342422_left_subarticular_stenosis_l1_l2,0.9999028444290161,3.4565586247481406e-05,6.255814514588565e-05
26342422_left_subarticular_stenosis_l2_l3,0.999894917011261,5.7147488405462354e-05,4.790456659975462e-05
26342422_left_subarticular_stenosis_l3_l4,0.9992034435272217,0.0007355119450949132,6.0987764300080016e-05
26342422_left_subarticular_stenosis_l4_l5,0.9962921738624573,0.0035065216943621635,0.00020138901891186833
26342422_left_subarticular_stenosis_l5_s1,0.9985098838806152,0.001285218633711338,0.00020487216534093022
26342422_right_neural_foraminal_narrowing_l1_l2,0.9999135136604309,7.783866749377921e-05,8.616032573627308e-06
26342422_right_neural_foraminal_narrowing_l2_l3,0.9998285174369812,0.00016217856318689883,9.269422662327997e-06
26342422_right_neural_foraminal_narrowing_l3_l4,0.9949581027030945,0.004981675185263157,6.017639680067077e-05
26342422_right_neural_foraminal_narrowing_l4_l5,0.9729945659637451,0.02652464620769024,0.00048072912613861263
26342422_right_neural_foraminal_narrowing_l5_s1,0.9958733320236206,0.003903320524841547,0.00022330369392875582
26342422_right_subarticular_stenosis_l1_l2,0.9998875856399536,4.508936035563238e-05,6.734285852871835e-05
26342422_right_subarticular_stenosis_l2_l3,0.9998892545700073,6.740669050486758e-05,4.3322917917976156e-05
26342422_right_subarticular_stenosis_l3_l4,0.9990882277488708,0.0008335738675668836,7.820854079909623e-05
26342422_right_subarticular_stenosis_l4_l5,0.9933176040649414,0.006366435904055834,0.00031591361039318144
26342422_right_subarticular_stenosis_l5_s1,0.9979919791221619,0.0017717578448355198,0.00023636560945305973
26342422_spinal_canal_stenosis_l1_l2,0.9999865889549255,6.024262347636977e-06,7.416363587253727e-06
26342422_spinal_canal_stenosis_l2_l3,0.9999892711639404,5.923453500145115e-06,4.84250904264627e-06
26342422_spinal_canal_stenosis_l3_l4,0.9999890923500061,6.3833617787167896e-06,4.584534508467186e-06
26342422_spinal_canal_stenosis_l4_l5,0.9999881982803345,5.375744876801036e-06,6.475891950685764e-06
26342422_spinal_canal_stenosis_l5_s1,0.9999791979789734,9.680449693405535e-06,1.1110349987575319e-05
264945797_left_neural_foraminal_narrowing_l1_l2,0.5633692145347595,0.4313727617263794,0.005258029326796532
264945797_left_neural_foraminal_narrowing_l2_l3,0.8097811341285706,0.18925896286964417,0.0009598439792171121
264945797_left_neural_foraminal_narrowing_l3_l4,0.5698915123939514,0.4278443157672882,0.002264203503727913
264945797_left_neural_foraminal_narrowing_l4_l5,0.5184071660041809,0.47587212920188904,0.005720687564462423
264945797_left_neural_foraminal_narrowing_l5_s1,0.0013643355341628194,0.1628635823726654,0.8357720971107483
264945797_left_subarticular_stenosis_l1_l2,0.12483517825603485,0.5948241353034973,0.28034067153930664
264945797_left_subarticular_stenosis_l2_l3,0.5627357363700867,0.42491066455841064,0.01235367264598608
264945797_left_subarticular_stenosis_l3_l4,0.5433464050292969,0.44616833329200745,0.010485232807695866
264945797_left_subarticular_stenosis_l4_l5,0.7880595922470093,0.2049015313386917,0.007038882467895746
264945797_left_subarticular_stenosis_l5_s1,0.2627761662006378,0.5120532512664795,0.2251705825328827
264945797_right_neural_foraminal_narrowing_l1_l2,0.8834244608879089,0.11531534045934677,0.0012602240312844515
264945797_right_neural_foraminal_narrowing_l2_l3,0.7945193648338318,0.20463010668754578,0.0008505437872372568
264945797_right_neural_foraminal_narrowing_l3_l4,0.2830515503883362,0.7090916037559509,0.007856810465455055
264945797_right_neural_foraminal_narrowing_l4_l5,0.21077176928520203,0.7640908360481262,0.0251374039798975
264945797_right_neural_foraminal_narrowing_l5_s1,0.00208151713013649,0.3676297068595886,0.6302887797355652
264945797_right_subarticular_stenosis_l1_l2,0.13311761617660522,0.5935247540473938,0.2733575999736786
264945797_right_subarticular_stenosis_l2_l3,0.575029730796814,0.4136674106121063,0.01130291260778904
264945797_right_subarticular_stenosis_l3_l4,0.33841872215270996,0.6172792315483093,0.044301990419626236
264945797_right_subarticular_stenosis_l4_l5,0.30149027705192566,0.6089677810668945,0.08954193443059921
264945797_right_subarticular_stenosis_l5_s1,0.34945881366729736,0.5058515667915344,0.1446896195411682
264945797_spinal_canal_stenosis_l1_l2,0.02874670922756195,0.5006891489028931,0.4705641567707062
264945797_spinal_canal_stenosis_l2_l3,0.9996004700660706,0.00036359590012580156,3.602021388360299e-05
264945797_spinal_canal_stenosis_l3_l4,0.9999275207519531,6.0363854572642595e-05,1.2167818567832e-05
264945797_spinal_canal_stenosis_l4_l5,0.9999273419380188,5.328819315764122e-05,1.9299573978059925e-05
264945797_spinal_canal_stenosis_l5_s1,0.9999323487281799,4.217752939439379e-05,2.5470922992099077e-05
265570475_left_neural_foraminal_narrowing_l1_l2,0.9997581243515015,0.0002283248322783038,1.3525912436307408e-05
265570475_left_neural_foraminal_narrowing_l2_l3,0.99948650598526,0.0004919761558994651,2.1596604710794054e-05
265570475_left_neural_foraminal_narrowing_l3_l4,0.9981024861335754,0.0018482068553566933,4.936574259772897e-05
265570475_left_neural_foraminal_narrowing_l4_l5,0.987256646156311,0.012548831291496754,0.000194517444469966
265570475_left_neural_foraminal_narrowing_l5_s1,0.9965060949325562,0.003358833957463503,0.00013511438737623394
265570475_left_subarticular_stenosis_l1_l2,0.9996748566627502,0.00023315128055401146,9.20347374631092e-05
265570475_left_subarticular_stenosis_l2_l3,0.9996135830879211,0.0003001044678967446,8.630363299744204e-05
265570475_left_subarticular_stenosis_l3_l4,0.996861457824707,0.002948580076918006,0.00018992072727996856
265570475_left_subarticular_stenosis_l4_l5,0.9756478071212769,0.023631364107131958,0.0007208879687823355
265570475_left_subarticular_stenosis_l5_s1,0.9883441925048828,0.010763253085315228,0.0008925925358198583
265570475_right_neural_foraminal_narrowing_l1_l2,0.9998331069946289,0.00015783259004820138,9.05015167518286e-06
265570475_right_neural_foraminal_narrowing_l2_l3,0.999801516532898,0.00019018174498341978,8.35755872685695e-06
265570475_right_neural_foraminal_narrowing_l3_l4,0.9936183094978333,0.006317696068435907,6.405285967048258e-05
265570475_right_neural_foraminal_narrowing_l4_l5,0.9974342584609985,0.0024993109982460737,6.646842666668817e-05
265570475_right_neural_foraminal_narrowing_l5_s1,0.9864902496337891,0.01320011168718338,0.00030965625774115324
265570475_right_subarticular_stenosis_l1_l2,0.9998606443405151,8.297900785692036e-05,5.636383139062673e-05
265570475_right_subarticular_stenosis_l2_l3,0.9998376369476318,0.00012146726658102125,4.090598304173909e-05
265570475_right_subarticular_stenosis_l3_l4,0.6854649186134338,0.3089785873889923,0.005556571763008833
265570475_right_subarticular_stenosis_l4_l5,0.994914710521698,0.004825869109481573,0.0002593961835373193
265570475_right_subarticular_stenosis_l5_s1,0.9262771606445312,0.07122164964675903,0.0025012001860886812
265570475_spinal_canal_stenosis_l1_l2,0.9999879002571106,6.052815933799138e-06,6.07099718763493e-06
265570475_spinal_canal_stenosis_l2_l3,0.9999861717224121,8.055394573602825e-06,5.804980446555419e-06
265570475_spinal_canal_stenosis_l3_l4,0.9999843835830688,1.0550342267379165e-05,5.065280674898531e-06
265570475_spinal_canal_stenosis_l4_l5,0.9999904036521912,4.810171958524734e-06,4.761836407851661e-06
265570475_spinal_canal_stenosis_l5_s1,0.9999762177467346,1.420181888533989e-05,9.53980088524986e-06
267842058_left_neural_foraminal_narrowing_l1_l2,0.9330329895019531,0.06614287942647934,0.0008241106406785548
267842058_left_neural_foraminal_narrowing_l2_l3,0.02498614601790905,0.8112640976905823,0.16374972462654114
267842058_left_neural_foraminal_narrowing_l3_l4,0.0015783534618094563,0.244125097990036,0.754296600818634
267842058_left_neural_foraminal_narrowing_l4_l5,0.011256827972829342,0.647249162197113,0.34149396419525146
267842058_left_neural_foraminal_narrowing_l5_s1,0.00107512844260782,0.0950775146484375,0.903847336769104
267842058_left_subarticular_stenosis_l1_l2,0.3593781888484955,0.54384446144104,0.0967772826552391
267842058_left_subarticular_stenosis_l2_l3,0.003512385068461299,0.28974753618240356,0.7067400813102722
267842058_left_subarticular_stenosis_l3_l4,0.003342842450365424,0.16202153265476227,0.8346356153488159
267842058_left_subarticular_stenosis_l4_l5,0.017509300261735916,0.39983195066452026,0.5826587677001953
267842058_left_subarticular_stenosis_l5_s1,0.047539178282022476,0.3350035548210144,0.6174572706222534
267842058_right_neural_foraminal_narrowing_l1_l2,0.9681985974311829,0.03141770511865616,0.00038367221713997424
267842058_right_neural_foraminal_narrowing_l2_l3,0.9279904961585999,0.07157591730356216,0.00043356898822821677
267842058_right_neural_foraminal_narrowing_l3_l4,0.019859515130519867,0.754284143447876,0.22585630416870117
267842058_right_neural_foraminal_narrowing_l4_l5,0.0002989109780173749,0.08247681707143784,0.9172242879867554
267842058_right_neural_foraminal_narrowing_l5_s1,0.0005002294201403856,0.0455746129155159,0.9539251327514648
267842058_right_subarticular_stenosis_l1_l2,0.2414322942495346,0.5867770910263062,0.17179061472415924
267842058_right_subarticular_stenosis_l2_l3,0.08240015804767609,0.673647403717041,0.2439524084329605
267842058_right_subarticular_stenosis_l3_l4,0.00013088046398479491,0.02154504880309105,0.9783241152763367
267842058_right_subarticular_stenosis_l4_l5,0.0001981225359486416,0.0433727465569973,0.956429123878479
267842058_right_subarticular_stenosis_l5_s1,0.08679022639989853,0.3921070694923401,0.5211026668548584
267842058_spinal_canal_stenosis_l1_l2,0.02232450060546398,0.8056730628013611,0.17200243473052979
267842058_spinal_canal_stenosis_l2_l3,0.024347547441720963,0.8506675362586975,0.1249849870800972
267842058_spinal_canal_stenosis_l3_l4,0.0018174453871324658,0.05244477093219757,0.9457377791404724
267842058_spinal_canal_stenosis_l4_l5,0.39655065536499023,0.5506952404975891,0.052754104137420654
267842058_spinal_canal_stenosis_l5_s1,0.9964560866355896,0.0028487760573625565,0.0006951542454771698
267989673_left_neural_foraminal_narrowing_l1_l2,0.9998892545700073,0.00010376927093602717,6.975047199375695e-06
267989673_left_neural_foraminal_narrowing_l2_l3,0.9998648166656494,0.0001297932758461684,5.3772300816490315e-06
267989673_left_neural_foraminal_narrowing_l3_l4,0.9951804876327515,0.004792252089828253,2.7210136977373622e-05
267989673_left_neural_foraminal_narrowing_l4_l5,0.8222160339355469,0.17706181108951569,0.0007221543346531689
267989673_left_neural_foraminal_narrowing_l5_s1,0.9419661164283752,0.05724969878792763,0.0007842176128178835
267989673_left_subarticular_stenosis_l1_l2,0.9998765587806702,5.890415923204273e-05,6.457055133068934e-05
267989673_left_subarticular_stenosis_l2_l3,0.9998465776443481,9.409299673279747e-05,5.933205466135405e-05
267989673_left_subarticular_stenosis_l3_l4,0.9634426236152649,0.03561295568943024,0.0009444041643291712
267989673_left_subarticular_stenosis_l4_l5,0.5111743807792664,0.4721240699291229,0.01670154742896557
267989673_left_subarticular_stenosis_l5_s1,0.9898349642753601,0.009562216699123383,0.0006028777570463717
267989673_right_neural_foraminal_narrowing_l1_l2,0.999886155128479,0.00010453698632773012,9.325248356617521e-06
267989673_right_neural_foraminal_narrowing_l2_l3,0.9998645186424255,0.00012756815704051405,7.902016477601137e-06
267989673_right_neural_foraminal_narrowing_l3_l4,0.9890247583389282,0.010922546498477459,5.266595690045506e-05
267989673_right_neural_foraminal_narrowing_l4_l5,0.8730687499046326,0.1263890266418457,0.0005421663518063724
267989673_right_neural_foraminal_narrowing_l5_s1,0.9191223978996277,0.0796133503317833,0.0012642790097743273
267989673_right_subarticular_stenosis_l1_l2,0.9998890161514282,5.5651671573286876e-05,5.530830821953714e-05
267989673_right_subarticular_stenosis_l2_l3,0.9998951554298401,6.454563845181838e-05,4.030626223539002e-05
267989673_right_subarticular_stenosis_l3_l4,0.9781509041786194,0.021438730880618095,0.00041041188524104655
267989673_right_subarticular_stenosis_l4_l5,0.8780479431152344,0.11965344846248627,0.0022986207623034716
267989673_right_subarticular_stenosis_l5_s1,0.9819033145904541,0.017278999090194702,0.0008176933042705059
267989673_spinal_canal_stenosis_l1_l2,0.9999694228172302,1.4866815945424605e-05,1.5681951481383294e-05
267989673_spinal_canal_stenosis_l2_l3,0.9999718070030212,1.7526956071378663e-05,1.0718883459048811e-05
267989673_spinal_canal_stenosis_l3_l4,0.9998635649681091,0.00011723722127499059,1.9145034457324073e-05
267989673_spinal_canal_stenosis_l4_l5,0.9998305439949036,0.000131779263028875,3.772536001633853e-05
267989673_spinal_canal_stenosis_l5_s1,0.9999441504478455,3.470748561085202e-05,2.1149278836674057e-05
269259654_left_neural_foraminal_narrowing_l1_l2,0.9998326301574707,0.00015716372581664473,1.0202205885434523e-05
269259654_left_neural_foraminal_narrowing_l2_l3,0.9997178316116333,0.0002716702001634985,1.0489333362784237e-05
269259654_left_neural_foraminal_narrowing_l3_l4,0.9993832111358643,0.0006042927852831781,1.2574054380820598e-05
269259654_left_neural_foraminal_narrowing_l4_l5,0.936778724193573,0.06287062913179398,0.000350552232703194
269259654_left_neural_foraminal_narrowing_l5_s1,0.46253547072410583,0.5238678455352783,0.013596699573099613
269259654_left_subarticular_stenosis_l1_l2,0.9998615980148315,7.869788532843813e-05,5.972864892100915e-05
269259654_left_subarticular_stenosis_l2_l3,0.9998733997344971,8.685389184392989e-05,3.97464245907031e-05
269259654_left_subarticular_stenosis_l3_l4,0.9991013407707214,0.0008117386023513973,8.687221998116001e-05
269259654_left_subarticular_stenosis_l4_l5,0.886481761932373,0.11141140758991241,0.0021068770438432693
269259654_left_subarticular_stenosis_l5_s1,0.9252797365188599,0.07167787849903107,0.0030423698481172323
269259654_right_neural_foraminal_narrowing_l1_l2,0.999789297580719,0.0001992627076106146,1.1441410606494173e-05
269259654_right_neural_foraminal_narrowing_l2_l3,0.9994667768478394,0.0005211603129282594,1.2035709005431272e-05
269259654_right_neural_foraminal_narrowing_l3_l4,0.9378966093063354,0.061749547719955444,0.0003537749871611595
269259654_right_neural_foraminal_narrowing_l4_l5,0.8581526875495911,0.140899196267128,0.0009481220622546971
269259654_right_neural_foraminal_narrowing_l5_s1,0.6983880400657654,0.2959047853946686,0.005707173608243465
269259654_right_subarticular_stenosis_l1_l2,0.9998310208320618,0.00011810692376457155,5.090692866360769e-05
269259654_right_subarticular_stenosis_l2_l3,0.9997891783714294,0.00017051257600542158,4.031106800539419e-05
269259654_right_subarticular_stenosis_l3_l4,0.9091172218322754,0.08879242837429047,0.002090330934152007
269259654_right_subarticular_stenosis_l4_l5,0.9224744439125061,0.07555614411830902,0.0019694571383297443
269259654_right_subarticular_stenosis_l5_s1,0.9668515920639038,0.031616657972335815,0.0015318026999011636
269259654_spinal_canal_stenosis_l1_l2,0.9999786019325256,1.2057943422405515e-05,9.328598935098853e-06
269259654_spinal_canal_stenosis_l2_l3,0.9999844431877136,9.143152055912651e-06,6.429449513234431e-06
269259654_spinal_canal_stenosis_l3_l4,0.9999344348907471,5.2045539632672444e-05,1.342420273431344e-05
269259654_spinal_canal_stenosis_l4_l5,0.9999412298202515,4.2842559196287766e-05,1.5943161997711286e-05
269259654_spinal_canal_stenosis_l5_s1,0.9999628067016602,2.380426121817436e-05,1.3448931895254645e-05
270031150_left_neural_foraminal_narrowing_l1_l2,0.9999077320098877,8.053278725128621e-05,1.1759833796531893e-05
270031150_left_neural_foraminal_narrowing_l2_l3,0.9997562170028687,0.00023003146634437144,1.370061727357097e-05
270031150_left_neural_foraminal_narrowing_l3_l4,0.9725805521011353,0.02725624479353428,0.00016319053247570992
270031150_left_neural_foraminal_narrowing_l4_l5,0.6381389498710632,0.3597746789455414,0.0020863169338554144
270031150_left_neural_foraminal_narrowing_l5_s1,0.882297158241272,0.11618025600910187,0.0015226410469040275
270031150_left_subarticular_stenosis_l1_l2,0.9998821020126343,4.6287943405332044e-05,7.156573701649904e-05
270031150_left_subarticular_stenosis_l2_l3,0.999508798122406,0.00038820193731226027,0.00010294999810867012
270031150_left_subarticular_stenosis_l3_l4,0.8670896291732788,0.1308099627494812,0.00210046605207026
270031150_left_subarticular_stenosis_l4_l5,0.18638941645622253,0.7035423517227173,0.11006823182106018
270031150_left_subarticular_stenosis_l5_s1,0.7882661819458008,0.20183788239955902,0.009895923547446728
270031150_right_neural_foraminal_narrowing_l1_l2,0.9998965263366699,9.550205140840262e-05,7.973245374159887e-06
270031150_right_neural_foraminal_narrowing_l2_l3,0.9998196363449097,0.00017202933668158948,8.307699317811057e-06
270031150_right_neural_foraminal_narrowing_l3_l4,0.9966898560523987,0.0032755499705672264,3.460731022641994e-05
270031150_right_neural_foraminal_narrowing_l4_l5,0.5865731239318848,0.4112364947795868,0.002190324245020747
270031150_right_neural_foraminal_narrowing_l5_s1,0.8820594549179077,0.11613927781581879,0.0018012408399954438
270031150_right_subarticular_stenosis_l1_l2,0.9998756647109985,5.4888696467969567e-05,6.943340122234076e-05
270031150_right_subarticular_stenosis_l2_l3,0.999779462814331,0.0001567410072311759,6.382574792951345e-05
270031150_right_subarticular_stenosis_l3_l4,0.9760223627090454,0.023369010537862778,0.0006086098728701472
270031150_right_subarticular_stenosis_l4_l5,0.12267837673425674,0.699669599533081,0.177652046084404
270031150_right_subarticular_stenosis_l5_s1,0.6060789823532104,0.3756972849369049,0.018223736435174942
270031150_spinal_canal_stenosis_l1_l2,0.9999788999557495,1.0356243365094997e-05,1.071097267413279e-05
270031150_spinal_canal_stenosis_l2_l3,0.9999765753746033,1.3239384315966163e-05,1.0217156159342267e-05
270031150_spinal_canal_stenosis_l3_l4,0.9998233914375305,0.00015073741087689996,2.592316741356626e-05
270031150_spinal_canal_stenosis_l4_l5,0.9994779229164124,0.00042277295142412186,9.926735219778493e-05
270031150_spinal_canal_stenosis_l5_s1,0.9999323487281799,4.646573506761342e-05,2.1105346604599617e-05
271796630_left_neural_foraminal_narrowing_l1_l2,0.999928891658783,6.318157102214172e-05,7.936492693261243e-06
271796630_left_neural_foraminal_narrowing_l2_l3,0.9998337626457214,0.00015837649698369205,7.835063115635421e-06
271796630_left_neural_foraminal_narrowing_l3_l4,0.9951958060264587,0.004748382139950991,5.577589399763383e-05
271796630_left_neural_foraminal_narrowing_l4_l5,0.8898076415061951,0.10848676413297653,0.001705711241811514
271796630_left_neural_foraminal_narrowing_l5_s1,0.9918203353881836,0.0078115141950547695,0.00036808778531849384
271796630_left_subarticular_stenosis_l1_l2,0.9998918175697327,5.359670103644021e-05,5.4586580517934635e-05
271796630_left_subarticular_stenosis_l2_l3,0.9997271299362183,0.0002125688042724505,6.032048258930445e-05
271796630_left_subarticular_stenosis_l3_l4,0.9983450174331665,0.0015172413550317287,0.00013773562386631966
271796630_left_subarticular_stenosis_l4_l5,0.13838623464107513,0.7051972150802612,0.15641656517982483
271796630_left_subarticular_stenosis_l5_s1,0.9921514987945557,0.0072442516684532166,0.0006042250315658748
271796630_right_neural_foraminal_narrowing_l1_l2,0.999889075756073,0.00010186192957917228,9.080844392883591e-06
271796630_right_neural_foraminal_narrowing_l2_l3,0.9998313188552856,0.00015973027620930225,8.961100320448168e-06
271796630_right_neural_foraminal_narrowing_l3_l4,0.9985595345497131,0.0014096575323492289,3.072873369092122e-05
271796630_right_neural_foraminal_narrowing_l4_l5,0.9167041182518005,0.08219072967767715,0.0011050880420953035
271796630_right_neural_foraminal_narrowing_l5_s1,0.9965829849243164,0.0032841747161000967,0.00013284386659506708
271796630_right_subarticular_stenosis_l1_l2,0.9998146891593933,0.00010957584891002625,7.574268965981901e-05
271796630_right_subarticular_stenosis_l2_l3,0.9995430111885071,0.0003562787896953523,0.00010074014426209033
271796630_right_subarticular_stenosis_l3_l4,0.9990103840827942,0.0008757201721891761,0.00011388347047613934
271796630_right_subarticular_stenosis_l4_l5,0.5003770589828491,0.4762120246887207,0.023410910740494728
271796630_right_subarticular_stenosis_l5_s1,0.993401825428009,0.006107323337346315,0.0004908713162876666
271796630_spinal_canal_stenosis_l1_l2,0.9999921321868896,3.823822680715239e-06,4.0429540604236536e-06
271796630_spinal_canal_stenosis_l2_l3,0.9999921321868896,4.5110878090781625e-06,3.3845665257103974e-06
271796630_spinal_canal_stenosis_l3_l4,0.9999893307685852,6.895511887705652e-06,3.813787316175876e-06
271796630_spinal_canal_stenosis_l4_l5,0.9970503449440002,0.0026646375190466642,0.0002850511227734387
271796630_spinal_canal_stenosis_l5_s1,0.9999664425849915,2.0177505575702526e-05,1.33396415549214e-05
273701476_left_neural_foraminal_narrowing_l1_l2,0.9998980760574341,9.357471572002396e-05,8.363600500160828e-06
273701476_left_neural_foraminal_narrowing_l2_l3,0.9996060729026794,0.0003818908298853785,1.2028745913994499e-05
273701476_left_neural_foraminal_narrowing_l3_l4,0.9741479754447937,0.025737719610333443,0.00011427463323343545
273701476_left_neural_foraminal_narrowing_l4_l5,0.8976909518241882,0.10163157433271408,0.0006774734356440604
273701476_left_neural_foraminal_narrowing_l5_s1,0.9443307518959045,0.05483614653348923,0.0008331037824973464
273701476_left_subarticular_stenosis_l1_l2,0.9999024868011475,4.512658415478654e-05,5.241677718004212e-05
273701476_left_subarticular_stenosis_l2_l3,0.9998052716255188,0.00015055415860842913,4.415042349137366e-05
273701476_left_subarticular_stenosis_l3_l4,0.9977819919586182,0.0021246462129056454,9.336549555882812e-05
273701476_left_subarticular_stenosis_l4_l5,0.9852011799812317,0.014282962307333946,0.0005158676067367196
273701476_left_subarticular_stenosis_l5_s1,0.9909843802452087,0.008620521984994411,0.0003950658719986677
273701476_right_neural_foraminal_narrowing_l1_l2,0.99991774559021,7.384320633718744e-05,8.387974958168343e-06
273701476_right_neural_foraminal_narrowing_l2_l3,0.999826967716217,0.00016512822185177356,7.920919415482786e-06
273701476_right_neural_foraminal_narrowing_l3_l4,0.9957647323608398,0.004182144533842802,5.323606819729321e-05
273701476_right_neural_foraminal_narrowing_l4_l5,0.957955539226532,0.04169922322034836,0.00034516945015639067
273701476_right_neural_foraminal_narrowing_l5_s1,0.9498687982559204,0.049337707459926605,0.0007935250760056078
273701476_right_subarticular_stenosis_l1_l2,0.99989914894104,4.5052540372125804e-05,5.581360892392695e-05
273701476_right_subarticular_stenosis_l2_l3,0.9998116493225098,0.00013698262046091259,5.136006438988261e-05
273701476_right_subarticular_stenosis_l3_l4,0.9987680315971375,0.001156374579295516,7.566658314317465e-05
273701476_right_subarticular_stenosis_l4_l5,0.9937030673027039,0.00601406954228878,0.0002829269506037235
273701476_right_subarticular_stenosis_l5_s1,0.9928454160690308,0.006805503275245428,0.0003491159004624933
273701476_spinal_canal_stenosis_l1_l2,0.9999834895133972,8.513954526279122e-06,7.940345312817954e-06
273701476_spinal_canal_stenosis_l2_l3,0.9999852776527405,8.284521754831076e-06,6.381826551660197e-06
273701476_spinal_canal_stenosis_l3_l4,0.999986469745636,8.142233127728105e-06,5.397550012276042e-06
273701476_spinal_canal_stenosis_l4_l5,0.9999865889549255,6.562205271620769e-06,6.840382411610335e-06
273701476_spinal_canal_stenosis_l5_s1,0.9999723434448242,1.5913612514850684e-05,1.1714843822119292e-05
276432797_left_neural_foraminal_narrowing_l1_l2,0.9999406337738037,5.390156002249569e-05,5.500668976310408e-06
276432797_left_neural_foraminal_narrowing_l2_l3,0.9998671412467957,0.00012674588651861995,6.022810794092948e-06
276432797_left_neural_foraminal_narrowing_l3_l4,0.9993804693222046,0.0006087794899940491,1.0718536941567436e-05
276432797_left_neural_foraminal_narrowing_l4_l5,0.7376856803894043,0.26116806268692017,0.0011462742695584893
276432797_left_neural_foraminal_narrowing_l5_s1,0.9330337047576904,0.06597385555505753,0.000992361456155777
276432797_left_subarticular_stenosis_l1_l2,0.9998446702957153,8.813359454507008e-05,6.718056101817638e-05
276432797_left_subarticular_stenosis_l2_l3,0.999707043170929,0.0002241723268525675,6.881033186800778e-05
276432797_left_subarticular_stenosis_l3_l4,0.9984679818153381,0.001354218227788806,0.0001778079167706892
276432797_left_subarticular_stenosis_l4_l5,0.22775408625602722,0.7012671828269958,0.07097875326871872
276432797_left_subarticular_stenosis_l5_s1,0.9899206161499023,0.009686094708740711,0.00039331530570052564
276432797_right_neural_foraminal_narrowing_l1_l2,0.9998944997787476,9.833869262365624e-05,7.154711056500673e-06
276432797_right_neural_foraminal_narrowing_l2_l3,0.9994081854820251,0.0005803182139061391,1.1541314961505122e-05
276432797_right_neural_foraminal_narrowing_l3_l4,0.9940711259841919,0.005875533912330866,5.3242300054989755e-05
276432797_right_neural_foraminal_narrowing_l4_l5,0.3012339770793915,0.691912055015564,0.006853998638689518
276432797_right_neural_foraminal_narrowing_l5_s1,0.3592413663864136,0.6155651211738586,0.025193504989147186
276432797_right_subarticular_stenosis_l1_l2,0.9998822808265686,5.9083718952024356e-05,5.866059291292913e-05
276432797_right_subarticular_stenosis_l2_l3,0.9989925622940063,0.0009029248030856252,0.0001045307726599276
276432797_right_subarticular_stenosis_l3_l4,0.9964013695716858,0.003323042532429099,0.0002755514287855476
276432797_right_subarticular_stenosis_l4_l5,0.19805863499641418,0.6719270348548889,0.1300143450498581
276432797_right_subarticular_stenosis_l5_s1,0.9312774538993835,0.06467564404010773,0.004046865273267031
276432797_spinal_canal_stenosis_l1_l2,0.9999848008155823,7.980118425621185e-06,7.271300546562998e-06
276432797_spinal_canal_stenosis_l2_l3,0.9999829530715942,1.0568578545644414e-05,6.5196709329029545e-06
276432797_spinal_canal_stenosis_l3_l4,0.9999897480010986,6.1884670685685705e-06,4.086158241989324e-06
276432797_spinal_canal_stenosis_l4_l5,0.9999087452888489,7.681638817302883e-05,1.4460224520007614e-05
276432797_spinal_canal_stenosis_l5_s1,0.9999890327453613,5.196894107939443e-06,5.771767519036075e-06
282036903_left_neural_foraminal_narrowing_l1_l2,0.999923050403595,7.189279131125659e-05,5.049316769145662e-06
282036903_left_neural_foraminal_narrowing_l2_l3,0.9998062252998352,0.00018812264897860587,5.544012310565449e-06
282036903_left_neural_foraminal_narrowing_l3_l4,0.9971712231636047,0.002804491901770234,2.422928264422808e-05
282036903_left_neural_foraminal_narrowing_l4_l5,0.9130347371101379,0.08654171228408813,0.0004234877123963088
282036903_left_neural_foraminal_narrowing_l5_s1,0.9127675294876099,0.08613814413547516,0.0010943417437374592
282036903_left_subarticular_stenosis_l1_l2,0.9998984932899475,5.556032556341961e-05,4.596016515279189e-05
282036903_left_subarticular_stenosis_l2_l3,0.9995432496070862,0.00037755502853542566,7.914924208307639e-05
282036903_left_subarticular_stenosis_l3_l4,0.9518926739692688,0.047131385654211044,0.0009759027743712068
282036903_left_subarticular_stenosis_l4_l5,0.7683364748954773,0.2264602929353714,0.005203260574489832
282036903_left_subarticular_stenosis_l5_s1,0.8599506616592407,0.13482269644737244,0.005226694513112307
282036903_right_neural_foraminal_narrowing_l1_l2,0.9999206066131592,7.422571798088029e-05,5.203139608056517e-06
282036903_right_neural_foraminal_narrowing_l2_l3,0.999781608581543,0.0002123384620063007,6.1383884712995496e-06
282036903_right_neural_foraminal_narrowing_l3_l4,0.9949747323989868,0.004993942100554705,3.1293267966248095e-05
282036903_right_neural_foraminal_narrowing_l4_l5,0.8205837607383728,0.17850838601589203,0.000907895271666348
282036903_right_neural_foraminal_narrowing_l5_s1,0.9405173063278198,0.05878068134188652,0.0007019966142252088
282036903_right_subarticular_stenosis_l1_l2,0.999884307384491,6.539868627442047e-05,5.032100671087392e-05
282036903_right_subarticular_stenosis_l2_l3,0.9994390606880188,0.0004824621428269893,7.851772534195334e-05
282036903_right_subarticular_stenosis_l3_l4,0.9878115057945251,0.01181691326200962,0.0003716519277077168
282036903_right_subarticular_stenosis_l4_l5,0.819425106048584,0.1763993501663208,0.004175587557256222
282036903_right_subarticular_stenosis_l5_s1,0.9358091354370117,0.06196601688861847,0.002224850468337536
282036903_spinal_canal_stenosis_l1_l2,0.9999767541885376,1.5215084204101004e-05,8.068400347838178e-06
282036903_spinal_canal_stenosis_l2_l3,0.999957263469696,3.307712177047506e-05,9.687949386716355e-06
282036903_spinal_canal_stenosis_l3_l4,0.9999254941940308,6.162180216051638e-05,1.2913286809634883e-05
282036903_spinal_canal_stenosis_l4_l5,0.9998999834060669,8.355171303264797e-05,1.6417940059909597e-05
282036903_spinal_canal_stenosis_l5_s1,0.9999653697013855,2.2271986381383613e-05,1.237513788510114e-05
283265383_left_neural_foraminal_narrowing_l1_l2,0.999715268611908,0.00026398253976367414,2.0813868104596622e-05
283265383_left_neural_foraminal_narrowing_l2_l3,0.9982142448425293,0.0017431291053071618,4.266227188054472e-05
283265383_left_neural_foraminal_narrowing_l3_l4,0.9292399883270264,0.06930029392242432,0.0014596880646422505
283265383_left_neural_foraminal_narrowing_l4_l5,0.0006999818724580109,0.08201182633638382,0.9172881841659546
283265383_left_neural_foraminal_narrowing_l5_s1,0.05710124224424362,0.5077157020568848,0.4351831376552582
283265383_left_subarticular_stenosis_l1_l2,0.9997128248214722,0.00015591342526022345,0.00013125030091032386
283265383_left_subarticular_stenosis_l2_l3,0.9924700260162354,0.007070119492709637,0.00045983705786056817
283265383_left_subarticular_stenosis_l3_l4,0.6877286434173584,0.2989841401576996,0.013287216424942017
283265383_left_subarticular_stenosis_l4_l5,0.06294804811477661,0.3499775528907776,0.5870743989944458
283265383_left_subarticular_stenosis_l5_s1,0.6560746431350708,0.284095823764801,0.05982948839664459
283265383_right_neural_foraminal_narrowing_l1_l2,0.9997379779815674,0.0002367998386034742,2.5207405997207388e-05
283265383_right_neural_foraminal_narrowing_l2_l3,0.9987258911132812,0.0012285670964047313,4.555319173960015e-05
283265383_right_neural_foraminal_narrowing_l3_l4,0.7972860336303711,0.1950676590204239,0.0076462868601083755
283265383_right_neural_foraminal_narrowing_l4_l5,0.9912300109863281,0.008483883924782276,0.0002861223474610597
283265383_right_neural_foraminal_narrowing_l5_s1,0.9939571619033813,0.005791572388261557,0.00025128276320174336
283265383_right_subarticular_stenosis_l1_l2,0.999743640422821,0.00014613561506848782,0.0001102688183891587
283265383_right_subarticular_stenosis_l2_l3,0.9923179149627686,0.007126545999199152,0.0005555400275625288
283265383_right_subarticular_stenosis_l3_l4,0.4607548713684082,0.5004532337188721,0.038791902363300323
283265383_right_subarticular_stenosis_l4_l5,0.7982965111732483,0.18983368575572968,0.011869755573570728
283265383_right_subarticular_stenosis_l5_s1,0.9639133810997009,0.034005340188741684,0.0020812933798879385
283265383_spinal_canal_stenosis_l1_l2,0.9999774694442749,1.3216048500908073e-05,9.26608481677249e-06
283265383_spinal_canal_stenosis_l2_l3,0.9999387264251709,4.3153482693014666e-05,1.8061253285850398e-05
283265383_spinal_canal_stenosis_l3_l4,0.9992631077766418,0.0006356147932820022,0.00010133616888197139
283265383_spinal_canal_stenosis_l4_l5,0.9993361234664917,0.0005518185207620263,0.00011202885070815682
283265383_spinal_canal_stenosis_l5_s1,0.9998676776885986,9.376045636599883e-05,3.8518395740538836e-05
286903519_left_neural_foraminal_narrowing_l1_l2,0.9971420168876648,0.002785878488793969,7.21862306818366e-05
286903519_left_neural_foraminal_narrowing_l2_l3,0.878010630607605,0.12028218060731888,0.0017071900656446815
286903519_left_neural_foraminal_narrowing_l3_l4,0.28735458850860596,0.6820579767227173,0.030587507411837578
286903519_left_neural_foraminal_narrowing_l4_l5,0.01565750315785408,0.25375601649284363,0.7305864691734314
286903519_left_neural_foraminal_narrowing_l5_s1,0.7124491333961487,0.26379042863845825,0.023760447278618813
286903519_left_subarticular_stenosis_l1_l2,0.8935034275054932,0.10182613879442215,0.004670494236052036
286903519_left_subarticular_stenosis_l2_l3,0.07831422984600067,0.6885870695114136,0.23309873044490814
286903519_left_subarticular_stenosis_l3_l4,0.042204055935144424,0.5134590864181519,0.444336861371994
286903519_left_subarticular_stenosis_l4_l5,3.543815546436235e-05,0.004994957707822323,0.9949696063995361
286903519_left_subarticular_stenosis_l5_s1,0.1984686702489853,0.5538039207458496,0.2477273792028427
286903519_right_neural_foraminal_narrowing_l1_l2,0.8200636506080627,0.1660740077495575,0.013862384483218193
286903519_right_neural_foraminal_narrowing_l2_l3,0.31824108958244324,0.6464219689369202,0.03533700108528137
286903519_right_neural_foraminal_narrowing_l3_l4,0.769191324710846,0.2289007306098938,0.001907950616441667
286903519_right_neural_foraminal_narrowing_l4_l5,0.9031867980957031,0.09506325423717499,0.0017499402165412903
286903519_right_neural_foraminal_narrowing_l5_s1,0.7484560012817383,0.24678465723991394,0.00475935498252511
286903519_right_subarticular_stenosis_l1_l2,0.641210675239563,0.32488664984703064,0.033902596682310104
286903519_right_subarticular_stenosis_l2_l3,0.029578272253274918,0.5844531059265137,0.3859686851501465
286903519_right_subarticular_stenosis_l3_l4,0.2543300986289978,0.6254358887672424,0.12023406475782394
286903519_right_subarticular_stenosis_l4_l5,0.00034691739710979164,0.0434887669980526,0.9561643004417419
286903519_right_subarticular_stenosis_l5_s1,0.38778483867645264,0.5403679609298706,0.07184725999832153
286903519_spinal_canal_stenosis_l1_l2,0.9009268879890442,0.09430970996618271,0.004763481207191944
286903519_spinal_canal_stenosis_l2_l3,0.035803213715553284,0.8925483822822571,0.07164844125509262
286903519_spinal_canal_stenosis_l3_l4,0.3548918068408966,0.5362210869789124,0.10888709872961044
286903519_spinal_canal_stenosis_l4_l5,0.0006343945278786123,0.011497569270431995,0.987868070602417
286903519_spinal_canal_stenosis_l5_s1,0.9943729043006897,0.004481108859181404,0.0011460277019068599
287921610_left_neural_foraminal_narrowing_l1_l2,0.9999463558197021,4.648522372008301e-05,7.145753443182912e-06
287921610_left_neural_foraminal_narrowing_l2_l3,0.9999086260795593,8.452714246232063e-05,6.804991699027596e-06
287921610_left_neural_foraminal_narrowing_l3_l4,0.9996839165687561,0.000307686161249876,8.313059879583307e-06
287921610_left_neural_foraminal_narrowing_l4_l5,0.6975013613700867,0.3011813461780548,0.0013172467006370425
287921610_left_neural_foraminal_narrowing_l5_s1,0.9795839786529541,0.019835731014609337,0.0005803423118777573
287921610_left_subarticular_stenosis_l1_l2,0.9999290108680725,2.6082969270646572e-05,4.486830948735587e-05
287921610_left_subarticular_stenosis_l2_l3,0.9999090433120728,6.177753675729036e-05,2.918902646342758e-05
287921610_left_subarticular_stenosis_l3_l4,0.9998294711112976,0.00013785304327029735,3.2639985874993727e-05
287921610_left_subarticular_stenosis_l4_l5,0.9169551134109497,0.0816439688205719,0.001400867709890008
287921610_left_subarticular_stenosis_l5_s1,0.9882168173789978,0.011228864081203938,0.0005543148727156222
287921610_right_neural_foraminal_narrowing_l1_l2,0.9999377131462097,5.5985899962252006e-05,6.344448138406733e-06
287921610_right_neural_foraminal_narrowing_l2_l3,0.9999040961265564,9.069658699445426e-05,5.215025339566637e-06
287921610_right_neural_foraminal_narrowing_l3_l4,0.9994886517524719,0.0005006137653253973,1.0758463758975267e-05
287921610_right_neural_foraminal_narrowing_l4_l5,0.5877489447593689,0.40996378660202026,0.00228734128177166
287921610_right_neural_foraminal_narrowing_l5_s1,0.8511801362037659,0.1458025723695755,0.0030172565020620823
287921610_right_subarticular_stenosis_l1_l2,0.9999242424964905,2.8651651518885046e-05,4.70936756755691e-05
287921610_right_subarticular_stenosis_l2_l3,0.999911904335022,5.398433859227225e-05,3.410306089790538e-05
287921610_right_subarticular_stenosis_l3_l4,0.9998040795326233,0.00016360571316909045,3.233128154533915e-05
287921610_right_subarticular_stenosis_l4_l5,0.9523975253105164,0.04640425741672516,0.0011981908464804292
287921610_right_subarticular_stenosis_l5_s1,0.9404787421226501,0.05745841935276985,0.00206279125995934
287921610_spinal_canal_stenosis_l1_l2,0.9999929070472717,2.8097658741899068e-06,4.25975713369553e-06
287921610_spinal_canal_stenosis_l2_l3,0.9999932050704956,3.434570089666522e-06,3.389734729353222e-06
287921610_spinal_canal_stenosis_l3_l4,0.9999939799308777,2.6846958007809008e-06,3.3564065233804286e-06
287921610_spinal_canal_stenosis_l4_l5,0.9999916553497314,4.251549853506731e-06,4.081668521394022e-06
287921610_spinal_canal_stenosis_l5_s1,0.9999811053276062,1.0427128472656477e-05,8.49302341521252e-06
289846404_left_neural_foraminal_narrowing_l1_l2,0.9998143911361694,0.00017620537255425006,9.366483936901204e-06
289846404_left_neural_foraminal_narrowing_l2_l3,0.9994810223579407,0.0005052377819083631,1.3738150300923735e-05
289846404_left_neural_foraminal_narrowing_l3_l4,0.7880452871322632,0.2106943428516388,0.0012603617506101727
289846404_left_neural_foraminal_narrowing_l4_l5,0.11994887888431549,0.8022527694702148,0.07779837399721146
289846404_left_neural_foraminal_narrowing_l5_s1,0.6951748728752136,0.2945823073387146,0.010242845863103867
289846404_left_subarticular_stenosis_l1_l2,0.9994592070579529,0.0004296425904612988,0.00011116129462607205
289846404_left_subarticular_stenosis_l2_l3,0.9987725019454956,0.0010900365887209773,0.0001375512802042067
289846404_left_subarticular_stenosis_l3_l4,0.3258430063724518,0.6337258219718933,0.04043116420507431
289846404_left_subarticular_stenosis_l4_l5,0.00014698435552418232,0.04150877520442009,0.9583442211151123
289846404_left_subarticular_stenosis_l5_s1,0.7276046276092529,0.2300049215555191,0.04239048808813095
289846404_right_neural_foraminal_narrowing_l1_l2,0.9998646378517151,0.0001266063773073256,8.767697181610856e-06
289846404_right_neural_foraminal_narrowing_l2_l3,0.9995902180671692,0.00039588709478266537,1.3889263755118009e-05
289846404_right_neural_foraminal_narrowing_l3_l4,0.9068987369537354,0.0922938883304596,0.0008073279750533402
289846404_right_neural_foraminal_narrowing_l4_l5,0.04281234368681908,0.7810613512992859,0.17612625658512115
289846404_right_neural_foraminal_narrowing_l5_s1,0.8779850006103516,0.11802071332931519,0.003994280472397804
289846404_right_subarticular_stenosis_l1_l2,0.999772310256958,0.00015880925639066845,6.892575038364157e-05
289846404_right_subarticular_stenosis_l2_l3,0.9989874362945557,0.0008662167238071561,0.00014640546578448266
289846404_right_subarticular_stenosis_l3_l4,0.2660999596118927,0.6828891634941101,0.05101091414690018
289846404_right_subarticular_stenosis_l4_l5,0.005009735934436321,0.2907616198062897,0.7042286396026611
289846404_right_subarticular_stenosis_l5_s1,0.8499095439910889,0.1318943202495575,0.018196171149611473
289846404_spinal_canal_stenosis_l1_l2,0.999959409236908,2.8069565814803354e-05,1.2524702469818294e-05
289846404_spinal_canal_stenosis_l2_l3,0.9999605417251587,2.8985818062210456e-05,1.054247059073532e-05
289846404_spinal_canal_stenosis_l3_l4,0.9992256760597229,0.0006938712322153151,8.046569564612582e-05
289846404_spinal_canal_stenosis_l4_l5,0.001247087842784822,0.09278149902820587,0.9059714078903198
289846404_spinal_canal_stenosis_l5_s1,0.9753254652023315,0.018603377044200897,0.006071208976209164
293713262_left_neural_foraminal_narrowing_l1_l2,0.9999457001686096,4.948028072249144e-05,4.804683612746885e-06
293713262_left_neural_foraminal_narrowing_l2_l3,0.9993975162506104,0.0005908432649448514,1.172029078588821e-05
293713262_left_neural_foraminal_narrowing_l3_l4,0.06206561252474785,0.8920992016792297,0.04583516716957092
293713262_left_neural_foraminal_narrowing_l4_l5,0.02980651706457138,0.8441916704177856,0.12600183486938477
293713262_left_neural_foraminal_narrowing_l5_s1,0.9820884466171265,0.017417164519429207,0.0004944136017002165
293713262_left_subarticular_stenosis_l1_l2,0.999862551689148,0.00010525082325330004,3.2182844734052196e-05
293713262_left_subarticular_stenosis_l2_l3,0.999188244342804,0.0007177328807301819,9.40625905059278e-05
293713262_left_subarticular_stenosis_l3_l4,0.0030906498432159424,0.2579036355018616,0.7390057444572449
293713262_left_subarticular_stenosis_l4_l5,0.001823639846406877,0.23460932075977325,0.7635670304298401
293713262_left_subarticular_stenosis_l5_s1,0.9710108637809753,0.027570638805627823,0.001418517204001546
293713262_right_neural_foraminal_narrowing_l1_l2,0.9999256134033203,6.933308759471402e-05,5.026783583161887e-06
293713262_right_neural_foraminal_narrowing_l2_l3,0.9994727969169617,0.000515780586283654,1.143839290307369e-05
293713262_right_neural_foraminal_narrowing_l3_l4,0.2892187535762787,0.7043054103851318,0.0064758495427668095
293713262_right_neural_foraminal_narrowing_l4_l5,0.03858949616551399,0.846503496170044,0.11490704864263535
293713262_right_neural_foraminal_narrowing_l5_s1,0.9522022008895874,0.046785563230514526,0.0010122568346560001
293713262_right_subarticular_stenosis_l1_l2,0.99994957447052,3.924582779291086e-05,1.121410332416417e-05
293713262_right_subarticular_stenosis_l2_l3,0.9980179667472839,0.0018779491074383259,0.00010412968549644575
293713262_right_subarticular_stenosis_l3_l4,0.006948367226868868,0.43621575832366943,0.5568358302116394
293713262_right_subarticular_stenosis_l4_l5,0.00199324544519186,0.23017601668834686,0.7678307890892029
293713262_right_subarticular_stenosis_l5_s1,0.904725968837738,0.09113331139087677,0.004140643402934074
293713262_spinal_canal_stenosis_l1_l2,0.9998012185096741,0.00010281749564455822,9.595746087143198e-05
293713262_spinal_canal_stenosis_l2_l3,0.9998745322227478,7.272006041603163e-05,5.266739026410505e-05
293713262_spinal_canal_stenosis_l3_l4,0.4579223394393921,0.5256480574607849,0.016429558396339417
293713262_spinal_canal_stenosis_l4_l5,0.9846142530441284,0.013025470077991486,0.0023602608125656843
293713262_spinal_canal_stenosis_l5_s1,0.9998462796211243,0.0001111842502723448,4.2499901610426605e-05
296083289_left_neural_foraminal_narrowing_l1_l2,0.99872887134552,0.0012502497993409634,2.0844609025516547e-05
296083289_left_neural_foraminal_narrowing_l2_l3,0.8151187896728516,0.18402136862277985,0.0008598833228461444
296083289_left_neural_foraminal_narrowing_l3_l4,0.23592083156108856,0.7539360523223877,0.01014315988868475
296083289_left_neural_foraminal_narrowing_l4_l5,0.045165229588747025,0.8770816922187805,0.07775309681892395
296083289_left_neural_foraminal_narrowing_l5_s1,0.0003544411447364837,0.08314358443021774,0.9165019989013672
296083289_left_subarticular_stenosis_l1_l2,0.9929621815681458,0.006570915691554546,0.00046688757720403373
296083289_left_subarticular_stenosis_l2_l3,0.1915932148694992,0.7095517516136169,0.09885501116514206
296083289_left_subarticular_stenosis_l3_l4,0.00046270701568573713,0.12700124084949493,0.8725361227989197
296083289_left_subarticular_stenosis_l4_l5,0.00020666306954808533,0.07271347939968109,0.9270798563957214
296083289_left_subarticular_stenosis_l5_s1,0.01755974255502224,0.3480450510978699,0.6343952417373657
296083289_right_neural_foraminal_narrowing_l1_l2,0.9608361124992371,0.03903809189796448,0.00012583978241309524
296083289_right_neural_foraminal_narrowing_l2_l3,0.6825057864189148,0.31643176078796387,0.0010624207789078355
296083289_right_neural_foraminal_narrowing_l3_l4,0.6134064793586731,0.3849777281284332,0.0016157480422407389
296083289_right_neural_foraminal_narrowing_l4_l5,0.07295064628124237,0.8824091553688049,0.0446401871740818
296083289_right_neural_foraminal_narrowing_l5_s1,0.000557499413844198,0.2260555475950241,0.7733870148658752
296083289_right_subarticular_stenosis_l1_l2,0.9691902995109558,0.030109155923128128,0.0007004425278864801
296083289_right_subarticular_stenosis_l2_l3,0.5294304490089417,0.450166255235672,0.02040325291454792
296083289_right_subarticular_stenosis_l3_l4,0.004396457225084305,0.34464287757873535,0.6509606242179871
296083289_right_subarticular_stenosis_l4_l5,0.0011469097808003426,0.17289221286773682,0.8259608745574951
296083289_right_subarticular_stenosis_l5_s1,0.034233950078487396,0.5008553266525269,0.46491074562072754
296083289_spinal_canal_stenosis_l1_l2,0.8941232562065125,0.10484452545642853,0.00103221635799855
296083289_spinal_canal_stenosis_l2_l3,0.6669658422470093,0.32679107785224915,0.006243051029741764
296083289_spinal_canal_stenosis_l3_l4,0.0019094430608674884,0.27760741114616394,0.7204831838607788
296083289_spinal_canal_stenosis_l4_l5,0.006443389691412449,0.6132519245147705,0.3803046643733978
296083289_spinal_canal_stenosis_l5_s1,0.9989046454429626,0.0008814626489765942,0.00021393281349446625
296284854_left_neural_foraminal_narrowing_l1_l2,0.9999024271965027,9.243605745723471e-05,5.082381903775968e-06
296284854_left_neural_foraminal_narrowing_l2_l3,0.9908137321472168,0.009131520986557007,5.474393765325658e-05
296284854_left_neural_foraminal_narrowing_l3_l4,0.5915764570236206,0.40685829520225525,0.0015652670990675688
296284854_left_neural_foraminal_narrowing_l4_l5,0.2575489282608032,0.731356680393219,0.011094404384493828
296284854_left_neural_foraminal_narrowing_l5_s1,0.010888156481087208,0.6509782671928406,0.3381335735321045
296284854_left_subarticular_stenosis_l1_l2,0.9999443888664246,4.497207919484936e-05,1.0666980415408034e-05
296284854_left_subarticular_stenosis_l2_l3,0.9867514967918396,0.01295569445937872,0.0002928422181867063
296284854_left_subarticular_stenosis_l3_l4,0.5178789496421814,0.4705893397331238,0.011531722731888294
296284854_left_subarticular_stenosis_l4_l5,0.004958105273544788,0.3349325656890869,0.6601094007492065
296284854_left_subarticular_stenosis_l5_s1,0.05031473562121391,0.5254583954811096,0.42422688007354736
296284854_right_neural_foraminal_narrowing_l1_l2,0.9999377727508545,5.791041621705517e-05,4.2319570638937876e-06
296284854_right_neural_foraminal_narrowing_l2_l3,0.9839324951171875,0.01594283990561962,0.00012464303290471435
296284854_right_neural_foraminal_narrowing_l3_l4,0.45609450340270996,0.5403130650520325,0.00359239405952394
296284854_right_neural_foraminal_narrowing_l4_l5,0.2248113751411438,0.7635282278060913,0.01166040264070034
296284854_right_neural_foraminal_narrowing_l5_s1,0.544699490070343,0.4468041956424713,0.008496337570250034
296284854_right_subarticular_stenosis_l1_l2,0.9997629523277283,0.00019403293845243752,4.307626295485534e-05
296284854_right_subarticular_stenosis_l2_l3,0.9661229252815247,0.03303353115916252,0.0008435552008450031
296284854_right_subarticular_stenosis_l3_l4,0.5565075278282166,0.42868322134017944,0.014809233136475086
296284854_right_subarticular_stenosis_l4_l5,0.0011630577500909567,0.22274214029312134,0.7760947346687317
296284854_right_subarticular_stenosis_l5_s1,0.856249988079071,0.13814963400363922,0.005600426346063614
296284854_spinal_canal_stenosis_l1_l2,0.9999710321426392,9.278942343371455e-06,1.9642560801003128e-05
296284854_spinal_canal_stenosis_l2_l3,0.9999728798866272,2.0298259187256917e-05,6.749194653821178e-06
296284854_spinal_canal_stenosis_l3_l4,0.9996199011802673,0.00033374634222127497,4.63716423837468e-05
296284854_spinal_canal_stenosis_l4_l5,0.007756511215120554,0.6218143105506897,0.370429128408432
296284854_spinal_canal_stenosis_l5_s1,0.9992614984512329,0.0006105268257670105,0.0001280572614632547
296314829_left_neural_foraminal_narrowing_l1_l2,0.9999153017997742,7.746118353679776e-05,7.1912745625013486e-06
296314829_left_neural_foraminal_narrowing_l2_l3,0.9995393753051758,0.0004476653703022748,1.2948432413395494e-05
296314829_left_neural_foraminal_narrowing_l3_l4,0.9449247717857361,0.05468759313225746,0.00038760597817599773
296314829_left_neural_foraminal_narrowing_l4_l5,0.6566271185874939,0.34025782346725464,0.0031151138246059418
296314829_left_neural_foraminal_narrowing_l5_s1,0.015208154916763306,0.5404526591300964,0.44433915615081787
296314829_left_subarticular_stenosis_l1_l2,0.9998986721038818,4.744660691358149e-05,5.3879572078585625e-05
296314829_left_subarticular_stenosis_l2_l3,0.9997281432151794,0.00022319753770716488,4.860840999754146e-05
296314829_left_subarticular_stenosis_l3_l4,0.9779584407806396,0.021421128883957863,0.0006204553646966815
296314829_left_subarticular_stenosis_l4_l5,0.6725765466690063,0.31844019889831543,0.008983288891613483
296314829_left_subarticular_stenosis_l5_s1,0.7748087048530579,0.20703883469104767,0.018152445554733276
296314829_right_neural_foraminal_narrowing_l1_l2,0.99989914894104,9.151073754765093e-05,9.375478839501739e-06
296314829_right_neural_foraminal_narrowing_l2_l3,0.9994755983352661,0.0005095106898806989,1.4883529729559086e-05
296314829_right_neural_foraminal_narrowing_l3_l4,0.9126125574111938,0.08684761077165604,0.0005397783825173974
296314829_right_neural_foraminal_narrowing_l4_l5,0.5622321963310242,0.4342094957828522,0.0035583286080509424
296314829_right_neural_foraminal_narrowing_l5_s1,0.16077615320682526,0.7735468149185181,0.06567703187465668
296314829_right_subarticular_stenosis_l1_l2,0.9998990297317505,5.004006379749626e-05,5.08924676978495e-05
296314829_right_subarticular_stenosis_l2_l3,0.999678909778595,0.00027364911511540413,4.738641655421816e-05
296314829_right_subarticular_stenosis_l3_l4,0.9945070147514343,0.005297653377056122,0.0001952939055627212
296314829_right_subarticular_stenosis_l4_l5,0.9005458950996399,0.09730193763971329,0.00215218891389668
296314829_right_subarticular_stenosis_l5_s1,0.9062626361846924,0.08946813642978668,0.0042692916467785835
296314829_spinal_canal_stenosis_l1_l2,0.9999591112136841,2.658129233168438e-05,1.4358667613123544e-05
296314829_spinal_canal_stenosis_l2_l3,0.9999443888664246,4.363419793662615e-05,1.1939358955714852e-05
296314829_spinal_canal_stenosis_l3_l4,0.9999474883079529,4.085693581146188e-05,1.1683257071126718e-05
296314829_spinal_canal_stenosis_l4_l5,0.9999537467956543,3.104281859123148e-05,1.5224823073367588e-05
296314829_spinal_canal_stenosis_l5_s1,0.9999208450317383,4.974575494998135e-05,2.9444534447975457e-05
29931867_left_neural_foraminal_narrowing_l1_l2,0.9876274466514587,0.012176144868135452,0.00019640989194158465
29931867_left_neural_foraminal_narrowing_l2_l3,0.9101183414459229,0.08936657756567001,0.0005150160868652165
29931867_left_neural_foraminal_narrowing_l3_l4,0.6813740134239197,0.3160055875778198,0.002620407147333026
29931867_left_neural_foraminal_narrowing_l4_l5,0.01670059561729431,0.7266510128974915,0.25664836168289185
29931867_left_neural_foraminal_narrowing_l5_s1,0.0006549671525135636,0.17793221771717072,0.8214128613471985
29931867_left_subarticular_stenosis_l1_l2,0.8527738451957703,0.1394900381565094,0.007736045867204666
29931867_left_subarticular_stenosis_l2_l3,0.4714305102825165,0.5024281144142151,0.026141401380300522
29931867_left_subarticular_stenosis_l3_l4,0.006143978331238031,0.388258159160614,0.6055977940559387
29931867_left_subarticular_stenosis_l4_l5,0.035221319645643234,0.48127996921539307,0.4834986627101898
29931867_left_subarticular_stenosis_l5_s1,0.09616827219724655,0.5974482893943787,0.3063833713531494
29931867_right_neural_foraminal_narrowing_l1_l2,0.9994048476219177,0.0005699465982615948,2.5143368475255556e-05
29931867_right_neural_foraminal_narrowing_l2_l3,0.9542812705039978,0.045267749577760696,0.0004509651625994593
29931867_right_neural_foraminal_narrowing_l3_l4,0.12269501388072968,0.8466695547103882,0.03063543140888214
29931867_right_neural_foraminal_narrowing_l4_l5,0.2251649796962738,0.7376493811607361,0.037185631692409515
29931867_right_neural_foraminal_narrowing_l5_s1,0.027050582692027092,0.7940513491630554,0.17889812588691711
29931867_right_subarticular_stenosis_l1_l2,0.9919678568840027,0.007118092849850655,0.0009141116752289236
29931867_right_subarticular_stenosis_l2_l3,0.4647103250026703,0.5009875297546387,0.03430217504501343
29931867_right_subarticular_stenosis_l3_l4,0.002980276942253113,0.2523973286151886,0.7446224093437195
29931867_right_subarticular_stenosis_l4_l5,0.33834171295166016,0.5990498661994934,0.06260847300291061
29931867_right_subarticular_stenosis_l5_s1,0.16314496099948883,0.6306006908416748,0.20625439286231995
29931867_spinal_canal_stenosis_l1_l2,0.9972518086433411,0.0024794999044388533,0.0002687173255253583
29931867_spinal_canal_stenosis_l2_l3,0.4687440097332001,0.5197425484657288,0.011513428762555122
29931867_spinal_canal_stenosis_l3_l4,0.006230322644114494,0.60986328125,0.38390639424324036
29931867_spinal_canal_stenosis_l4_l5,0.9982369542121887,0.0015698197530582547,0.0001931815641000867
29931867_spinal_canal_stenosis_l5_s1,0.9998767375946045,8.743927901377901e-05,3.573628782760352e-05
305101752_left_neural_foraminal_narrowing_l1_l2,0.9934478998184204,0.006470003630965948,8.219376468332484e-05
305101752_left_neural_foraminal_narrowing_l2_l3,0.8724207282066345,0.12693282961845398,0.0006464560283347964
305101752_left_neural_foraminal_narrowing_l3_l4,0.3386639952659607,0.6549175977706909,0.006418359465897083
305101752_left_neural_foraminal_narrowing_l4_l5,0.0014752503484487534,0.21134907007217407,0.787175714969635
305101752_left_neural_foraminal_narrowing_l5_s1,0.0010081776417791843,0.14543811976909637,0.8535537123680115
305101752_left_subarticular_stenosis_l1_l2,0.9757423400878906,0.02351980283856392,0.0007378752925433218
305101752_left_subarticular_stenosis_l2_l3,0.4554172158241272,0.526794970035553,0.017787840217351913
305101752_left_subarticular_stenosis_l3_l4,0.32720068097114563,0.6019315719604492,0.07086777687072754
305101752_left_subarticular_stenosis_l4_l5,6.551822298206389e-05,0.006620408035814762,0.9933140873908997
305101752_left_subarticular_stenosis_l5_s1,0.12438846379518509,0.47924232482910156,0.3963692784309387
305101752_right_neural_foraminal_narrowing_l1_l2,0.9984290599822998,0.0015306695131585002,4.0231981984106824e-05
305101752_right_neural_foraminal_narrowing_l2_l3,0.9380225539207458,0.061636246740818024,0.0003412524238228798
305101752_right_neural_foraminal_narrowing_l3_l4,0.6533830165863037,0.3437381386756897,0.0028788188938051462
305101752_right_neural_foraminal_narrowing_l4_l5,0.0014387981500476599,0.1844852715730667,0.8140758872032166
305101752_right_neural_foraminal_narrowing_l5_s1,0.022360479459166527,0.6097012758255005,0.36793825030326843
305101752_right_subarticular_stenosis_l1_l2,0.9917120337486267,0.007922179065644741,0.0003657535125967115
305101752_right_subarticular_stenosis_l2_l3,0.6433650255203247,0.34885120391845703,0.007783777080476284
305101752_right_subarticular_stenosis_l3_l4,0.052784983068704605,0.5823101997375488,0.36490482091903687
305101752_right_subarticular_stenosis_l4_l5,7.03207915648818e-05,0.004760059528052807,0.9951695799827576
305101752_right_subarticular_stenosis_l5_s1,0.09680952876806259,0.4526507258415222,0.4505397379398346
305101752_spinal_canal_stenosis_l1_l2,0.9953483939170837,0.004388631321489811,0.0002630087547004223
305101752_spinal_canal_stenosis_l2_l3,0.49987512826919556,0.489297479391098,0.010827404446899891
305101752_spinal_canal_stenosis_l3_l4,0.03194308280944824,0.6925111413002014,0.27554577589035034
305101752_spinal_canal_stenosis_l4_l5,0.0011364421807229519,0.011367865838110447,0.9874957203865051
305101752_spinal_canal_stenosis_l5_s1,0.9993725419044495,0.0004645620356313884,0.00016291004430968314
305152236_left_neural_foraminal_narrowing_l1_l2,0.9863094687461853,0.013544918969273567,0.00014565509627573192
305152236_left_neural_foraminal_narrowing_l2_l3,0.9210407137870789,0.0782451406121254,0.0007141611422412097
305152236_left_neural_foraminal_narrowing_l3_l4,0.4427107274532318,0.5489009618759155,0.008388341404497623
305152236_left_neural_foraminal_narrowing_l4_l5,0.019741719588637352,0.6438108086585999,0.33644747734069824
305152236_left_neural_foraminal_narrowing_l5_s1,0.38810867071151733,0.5895698070526123,0.022321565076708794
305152236_left_subarticular_stenosis_l1_l2,0.9856288433074951,0.01419065147638321,0.00018061997252516448
305152236_left_subarticular_stenosis_l2_l3,0.6513585448265076,0.34039929509162903,0.008242182433605194
305152236_left_subarticular_stenosis_l3_l4,0.26225516200065613,0.6527400612831116,0.08500474691390991
305152236_left_subarticular_stenosis_l4_l5,0.00031491261324845254,0.08545348048210144,0.9142315983772278
305152236_left_subarticular_stenosis_l5_s1,0.2989751398563385,0.6058886647224426,0.09513617306947708
305152236_right_neural_foraminal_narrowing_l1_l2,0.99787837266922,0.002090737922117114,3.088014273089357e-05
305152236_right_neural_foraminal_narrowing_l2_l3,0.8349488377571106,0.1644396036863327,0.000611489696893841
305152236_right_neural_foraminal_narrowing_l3_l4,0.4322289228439331,0.5617844462394714,0.0059867058880627155
305152236_right_neural_foraminal_narrowing_l4_l5,0.0025913703721016645,0.29344791173934937,0.7039607167243958
305152236_right_neural_foraminal_narrowing_l5_s1,0.0014467074070125818,0.07266807556152344,0.9258852005004883
305152236_right_subarticular_stenosis_l1_l2,0.9990505576133728,0.0008832961902953684,6.617229519179091e-05
305152236_right_subarticular_stenosis_l2_l3,0.8623142838478088,0.13350212574005127,0.004183552693575621
305152236_right_subarticular_stenosis_l3_l4,0.2753235101699829,0.6425241231918335,0.08215240389108658
305152236_right_subarticular_stenosis_l4_l5,4.5784061512677e-05,0.010108940303325653,0.9898452758789062
305152236_right_subarticular_stenosis_l5_s1,0.03628218546509743,0.22138670086860657,0.7423311471939087
305152236_spinal_canal_stenosis_l1_l2,0.9999387860298157,2.5827754143392667e-05,3.541925616445951e-05
305152236_spinal_canal_stenosis_l2_l3,0.9999158978462219,6.323231355054304e-05,2.082006903947331e-05
305152236_spinal_canal_stenosis_l3_l4,0.9966437220573425,0.002982993610203266,0.0003732756886165589
305152236_spinal_canal_stenosis_l4_l5,0.0007435748120769858,0.01835676096379757,0.9808996319770813
305152236_spinal_canal_stenosis_l5_s1,0.34899428486824036,0.6020617485046387,0.048944003880023956
305320071_left_neural_foraminal_narrowing_l1_l2,0.9141396880149841,0.08524764329195023,0.000612680974882096
305320071_left_neural_foraminal_narrowing_l2_l3,0.9624583125114441,0.037285495549440384,0.0002561781438998878
305320071_left_neural_foraminal_narrowing_l3_l4,0.4842699468135834,0.511621356010437,0.0041086673736572266
305320071_left_neural_foraminal_narrowing_l4_l5,0.49939602613449097,0.4953908920288086,0.005213090218603611
305320071_left_neural_foraminal_narrowing_l5_s1,0.6973777413368225,0.298065185546875,0.0045570991933345795
305320071_left_subarticular_stenosis_l1_l2,0.45485201478004456,0.5108928084373474,0.03425515443086624
305320071_left_subarticular_stenosis_l2_l3,0.7852434515953064,0.2098700851202011,0.0048865037970244884
305320071_left_subarticular_stenosis_l3_l4,0.0008017840445972979,0.10233575850725174,0.8968625068664551
305320071_left_subarticular_stenosis_l4_l5,0.00448183948174119,0.36734911799430847,0.6281690001487732
305320071_left_subarticular_stenosis_l5_s1,0.49791160225868225,0.4564354121685028,0.04565296322107315
305320071_right_neural_foraminal_narrowing_l1_l2,0.9443250894546509,0.05544579401612282,0.00022914778674021363
305320071_right_neural_foraminal_narrowing_l2_l3,0.9774391651153564,0.022436995059251785,0.00012382680142764002
305320071_right_neural_foraminal_narrowing_l3_l4,0.4884396195411682,0.5078430771827698,0.0037172914016991854
305320071_right_neural_foraminal_narrowing_l4_l5,0.5276721119880676,0.46789780259132385,0.004430121276527643
305320071_right_neural_foraminal_narrowing_l5_s1,0.23971715569496155,0.7165296077728271,0.0437532402575016
305320071_right_subarticular_stenosis_l1_l2,0.8600985407829285,0.1363266110420227,0.003574830014258623
305320071_right_subarticular_stenosis_l2_l3,0.831990659236908,0.16479085385799408,0.0032184626907110214
305320071_right_subarticular_stenosis_l3_l4,0.0002446306752972305,0.03714343532919884,0.962611973285675
305320071_right_subarticular_stenosis_l4_l5,0.00477740028873086,0.36620280146598816,0.6290197968482971
305320071_right_subarticular_stenosis_l5_s1,0.544344425201416,0.40803614258766174,0.04761941358447075
305320071_spinal_canal_stenosis_l1_l2,0.9950082898139954,0.004701274912804365,0.0002903706335928291
305320071_spinal_canal_stenosis_l2_l3,0.9990244507789612,0.0008739314507693052,0.00010166259744437411
305320071_spinal_canal_stenosis_l3_l4,0.0007369018858298659,0.01807147078216076,0.9811916351318359
305320071_spinal_canal_stenosis_l4_l5,0.7662304639816284,0.22265702486038208,0.011112500913441181
305320071_spinal_canal_stenosis_l5_s1,0.9999486207962036,3.4432167012710124e-05,1.6916303138714284e-05
305402206_left_neural_foraminal_narrowing_l1_l2,0.9998350739479065,0.00015365566650871187,1.1281921615591273e-05
305402206_left_neural_foraminal_narrowing_l2_l3,0.7810077667236328,0.2177259474992752,0.0012662276858463883
305402206_left_neural_foraminal_narrowing_l3_l4,0.13719388842582703,0.8379654288291931,0.024840660393238068
305402206_left_neural_foraminal_narrowing_l4_l5,0.024928046390414238,0.8008562922477722,0.1742156594991684
305402206_left_neural_foraminal_narrowing_l5_s1,0.13914626836776733,0.713728666305542,0.14712509512901306
305402206_left_subarticular_stenosis_l1_l2,0.9998199939727783,0.00010919864143943414,7.082981755957007e-05
305402206_left_subarticular_stenosis_l2_l3,0.1915678083896637,0.7296825051307678,0.07874969393014908
305402206_left_subarticular_stenosis_l3_l4,0.0012323131086304784,0.22822746634483337,0.7705402374267578
305402206_left_subarticular_stenosis_l4_l5,0.002669388661161065,0.269607275724411,0.7277233004570007
305402206_left_subarticular_stenosis_l5_s1,0.4999799430370331,0.4387882649898529,0.061231829226017
305402206_right_neural_foraminal_narrowing_l1_l2,0.9998763203620911,0.00011519197141751647,8.467747647955548e-06
305402206_right_neural_foraminal_narrowing_l2_l3,0.9554108381271362,0.04433220997452736,0.0002569593780208379
305402206_right_neural_foraminal_narrowing_l3_l4,0.0469110906124115,0.8695201873779297,0.0835687592625618
305402206_right_neural_foraminal_narrowing_l4_l5,0.271589457988739,0.7051529884338379,0.023257587105035782
305402206_right_neural_foraminal_narrowing_l5_s1,0.019917400553822517,0.6594431400299072,0.3206394612789154
305402206_right_subarticular_stenosis_l1_l2,0.9997795224189758,0.00014477512740995735,7.570438901893795e-05
305402206_right_subarticular_stenosis_l2_l3,0.4826330840587616,0.4978681206703186,0.019498838111758232
305402206_right_subarticular_stenosis_l3_l4,0.00021088554058223963,0.09449990093708038,0.9052892327308655
305402206_right_subarticular_stenosis_l4_l5,0.0031158332712948322,0.27710607647895813,0.7197780609130859
305402206_right_subarticular_stenosis_l5_s1,0.4134659767150879,0.486012727022171,0.10052134841680527
305402206_spinal_canal_stenosis_l1_l2,0.9999762773513794,1.617520501895342e-05,7.624274530826369e-06
305402206_spinal_canal_stenosis_l2_l3,0.06692057102918625,0.89453125,0.038548197597265244
305402206_spinal_canal_stenosis_l3_l4,0.0005798193160444498,0.026580622419714928,0.9728395938873291
305402206_spinal_canal_stenosis_l4_l5,0.1103023961186409,0.5193372368812561,0.370360404253006
305402206_spinal_canal_stenosis_l5_s1,0.999889075756073,7.507691043429077e-05,3.5896056942874566e-05
308645397_left_neural_foraminal_narrowing_l1_l2,0.9998345375061035,0.0001575659407535568,7.908582119853236e-06
308645397_left_neural_foraminal_narrowing_l2_l3,0.9984396696090698,0.0015392438508570194,2.1132067558937706e-05
308645397_left_neural_foraminal_narrowing_l3_l4,0.9780376553535461,0.02182309702038765,0.00013920576020609587
308645397_left_neural_foraminal_narrowing_l4_l5,0.7724516987800598,0.22599443793296814,0.0015538886655122042
308645397_left_neural_foraminal_narrowing_l5_s1,0.9218805432319641,0.07498319447040558,0.003136334242299199
308645397_left_subarticular_stenosis_l1_l2,0.999813973903656,0.00010329145879950374,8.275599975604564e-05
308645397_left_subarticular_stenosis_l2_l3,0.9992811679840088,0.0006282601389102638,9.053589747054502e-05
308645397_left_subarticular_stenosis_l3_l4,0.9959881901741028,0.0038530356250703335,0.00015874009113758802
308645397_left_subarticular_stenosis_l4_l5,0.7929003834724426,0.20270857214927673,0.004391031805425882
308645397_left_subarticular_stenosis_l5_s1,0.9326179027557373,0.06337233632802963,0.004009866621345282
308645397_right_neural_foraminal_narrowing_l1_l2,0.9998501539230347,0.00014123036817181855,8.664320375828538e-06
308645397_right_neural_foraminal_narrowing_l2_l3,0.9994605183601379,0.0005261010373942554,1.340861308563035e-05
308645397_right_neural_foraminal_narrowing_l3_l4,0.9675869941711426,0.03218928351998329,0.00022363945026881993
308645397_right_neural_foraminal_narrowing_l4_l5,0.620346188545227,0.3765528202056885,0.0031009851954877377
308645397_right_neural_foraminal_narrowing_l5_s1,0.8555685877799988,0.14115044474601746,0.0032809413969516754
308645397_right_subarticular_stenosis_l1_l2,0.9998111724853516,0.00011963377619395033,6.919167208252475e-05
308645397_right_subarticular_stenosis_l2_l3,0.9995483160018921,0.0003755341749638319,7.617619121447206e-05
308645397_right_subarticular_stenosis_l3_l4,0.994598388671875,0.005236818455159664,0.0001648667675908655
308645397_right_subarticular_stenosis_l4_l5,0.7219602465629578,0.27066296339035034,0.007376885507255793
308645397_right_subarticular_stenosis_l5_s1,0.7244139909744263,0.2598098814487457,0.01577615551650524
308645397_spinal_canal_stenosis_l1_l2,0.9999428987503052,3.7283771234797314e-05,1.973089274542872e-05
308645397_spinal_canal_stenosis_l2_l3,0.9999442100524902,4.0848088247003034e-05,1.4957870916987304e-05
308645397_spinal_canal_stenosis_l3_l4,0.9999814033508301,1.0720890713855624e-05,7.905790880613495e-06
308645397_spinal_canal_stenosis_l4_l5,0.9999595880508423,2.6200121283181943e-05,1.4129230294201989e-05
308645397_spinal_canal_stenosis_l5_s1,0.9997749924659729,0.00014479266246780753,8.026298746699467e-05
309197706_left_neural_foraminal_narrowing_l1_l2,0.9998648762702942,0.00011592682858463377,1.9249509932706133e-05
309197706_left_neural_foraminal_narrowing_l2_l3,0.9989935159683228,0.000968308886513114,3.811313581536524e-05
309197706_left_neural_foraminal_narrowing_l3_l4,0.5548684000968933,0.44079914689064026,0.0043324064463377
309197706_left_neural_foraminal_narrowing_l4_l5,0.8742064237594604,0.12339402735233307,0.0023995565716177225
309197706_left_neural_foraminal_narrowing_l5_s1,0.5999372005462646,0.37805116176605225,0.02201169729232788
309197706_left_subarticular_stenosis_l1_l2,0.9998756051063538,8.15994935692288e-05,4.2824711272260174e-05
309197706_left_subarticular_stenosis_l2_l3,0.9950137138366699,0.004749635234475136,0.00023668180801905692
309197706_left_subarticular_stenosis_l3_l4,0.5320842266082764,0.44807517528533936,0.01984059065580368
309197706_left_subarticular_stenosis_l4_l5,0.5775104761123657,0.40366923809051514,0.018820278346538544
309197706_left_subarticular_stenosis_l5_s1,0.9347995519638062,0.061688825488090515,0.0035116802901029587
309197706_right_neural_foraminal_narrowing_l1_l2,0.9997739791870117,0.00019666214939206839,2.928198045992758e-05
309197706_right_neural_foraminal_narrowing_l2_l3,0.9994885325431824,0.0004871649434790015,2.4367629521293566e-05
309197706_right_neural_foraminal_narrowing_l3_l4,0.6410055756568909,0.35397499799728394,0.0050194151699543
309197706_right_neural_foraminal_narrowing_l4_l5,0.7560505270957947,0.23927469551563263,0.004674747120589018
309197706_right_neural_foraminal_narrowing_l5_s1,0.937902569770813,0.058894529938697815,0.0032028816640377045
309197706_right_subarticular_stenosis_l1_l2,0.9998371601104736,0.00010692904470488429,5.591010631178506e-05
309197706_right_subarticular_stenosis_l2_l3,0.999455451965332,0.0004899852792732418,5.4561598517466336e-05
309197706_right_subarticular_stenosis_l3_l4,0.5377354621887207,0.44156306982040405,0.020701449364423752
309197706_right_subarticular_stenosis_l4_l5,0.6004593968391418,0.38212233781814575,0.01741826720535755
309197706_right_subarticular_stenosis_l5_s1,0.9551339745521545,0.04222727194428444,0.0026387011166661978
309197706_spinal_canal_stenosis_l1_l2,0.9999824166297913,9.308886546932627e-06,8.328289368364494e-06
309197706_spinal_canal_stenosis_l2_l3,0.9999757409095764,1.590341707924381e-05,8.322235771629494e-06
309197706_spinal_canal_stenosis_l3_l4,0.9861596822738647,0.012912983074784279,0.0009274033945985138
309197706_spinal_canal_stenosis_l4_l5,0.9938502311706543,0.005470372270792723,0.0006793899810872972
309197706_spinal_canal_stenosis_l5_s1,0.9999628663063049,1.7732041669660248e-05,1.9447026716079563e-05
309209456_left_neural_foraminal_narrowing_l1_l2,0.9984691739082336,0.001504998654127121,2.5902741981553845e-05
309209456_left_neural_foraminal_narrowing_l2_l3,0.9276506304740906,0.07205807417631149,0.00029135405202396214
309209456_left_neural_foraminal_narrowing_l3_l4,0.10475628077983856,0.8641151189804077,0.031128576025366783
309209456_left_neural_foraminal_narrowing_l4_l5,0.1814393550157547,0.8035934567451477,0.014967151917517185
309209456_left_neural_foraminal_narrowing_l5_s1,0.2591913342475891,0.6844313740730286,0.05637730285525322
309209456_left_subarticular_stenosis_l1_l2,0.9838734865188599,0.015425652265548706,0.0007008287939243019
309209456_left_subarticular_stenosis_l2_l3,0.24802786111831665,0.7065306305885315,0.04544149711728096
309209456_left_subarticular_stenosis_l3_l4,0.00018784064741339535,0.08186369389295578,0.9179484844207764
309209456_left_subarticular_stenosis_l4_l5,0.020369334146380424,0.5140421390533447,0.4655885398387909
309209456_left_subarticular_stenosis_l5_s1,0.4737478196620941,0.48516249656677246,0.041089680045843124
309209456_right_neural_foraminal_narrowing_l1_l2,0.9981738924980164,0.001802387647330761,2.3754642825224437e-05
309209456_right_neural_foraminal_narrowing_l2_l3,0.4400314688682556,0.5566703677177429,0.003298078430816531
309209456_right_neural_foraminal_narrowing_l3_l4,0.09034565091133118,0.8615038990974426,0.04815042391419411
309209456_right_neural_foraminal_narrowing_l4_l5,0.000294105353532359,0.10859159380197525,0.891114354133606
309209456_right_neural_foraminal_narrowing_l5_s1,0.17110832035541534,0.6906365156173706,0.13825520873069763
309209456_right_subarticular_stenosis_l1_l2,0.9972464442253113,0.0025869417004287243,0.0001666427997406572
309209456_right_subarticular_stenosis_l2_l3,0.36325374245643616,0.6076930165290833,0.02905327081680298
309209456_right_subarticular_stenosis_l3_l4,0.00039306734106503427,0.11757208406925201,0.8820348381996155
309209456_right_subarticular_stenosis_l4_l5,0.00010949381976388395,0.04276703670620918,0.9571235179901123
309209456_right_subarticular_stenosis_l5_s1,0.31807437539100647,0.5494421720504761,0.13248348236083984
309209456_spinal_canal_stenosis_l1_l2,0.999962329864502,2.9050690500298515e-05,8.602302841609344e-06
309209456_spinal_canal_stenosis_l2_l3,0.9900630116462708,0.009651553817093372,0.00028539588674902916
309209456_spinal_canal_stenosis_l3_l4,0.0007505291723646224,0.025395141914486885,0.9738543629646301
309209456_spinal_canal_stenosis_l4_l5,0.47631004452705383,0.49014073610305786,0.033549219369888306
309209456_spinal_canal_stenosis_l5_s1,0.9999078512191772,6.222291267476976e-05,2.994653368659783e-05
311205484_left_neural_foraminal_narrowing_l1_l2,0.999885082244873,0.00010511533764656633,9.84810230875155e-06
311205484_left_neural_foraminal_narrowing_l2_l3,0.9997569918632507,0.0002321338834008202,1.0895085324591491e-05
311205484_left_neural_foraminal_narrowing_l3_l4,0.9988423585891724,0.0011331939604133368,2.4431839847238734e-05
311205484_left_neural_foraminal_narrowing_l4_l5,0.9450680613517761,0.05436902865767479,0.0005628159851767123
311205484_left_neural_foraminal_narrowing_l5_s1,0.9401784539222717,0.05736856907606125,0.0024529951624572277
311205484_left_subarticular_stenosis_l1_l2,0.9998965263366699,4.8549456550972536e-05,5.493753633345477e-05
311205484_left_subarticular_stenosis_l2_l3,0.9998690485954285,8.31080469652079e-05,4.784775956068188e-05
311205484_left_subarticular_stenosis_l3_l4,0.9995300769805908,0.0003886776103172451,8.12237776699476e-05
311205484_left_subarticular_stenosis_l4_l5,0.9276002049446106,0.07070963829755783,0.0016901938943192363
311205484_left_subarticular_stenosis_l5_s1,0.9939729571342468,0.005665660370141268,0.0003614362212829292
311205484_right_neural_foraminal_narrowing_l1_l2,0.9998195767402649,0.0001603301498107612,2.0072562620043755e-05
311205484_right_neural_foraminal_narrowing_l2_l3,0.9996891021728516,0.00029219008865766227,1.8717017155722715e-05
311205484_right_neural_foraminal_narrowing_l3_l4,0.9980455636978149,0.0019140407675877213,4.041802094434388e-05
311205484_right_neural_foraminal_narrowing_l4_l5,0.9533110857009888,0.046026233583688736,0.0006627502734772861
311205484_right_neural_foraminal_narrowing_l5_s1,0.925999104976654,0.07035825401544571,0.003642740659415722
311205484_right_subarticular_stenosis_l1_l2,0.9998903274536133,4.495929533732124e-05,6.475375994341448e-05
311205484_right_subarticular_stenosis_l2_l3,0.9998762607574463,6.954887066967785e-05,5.418067303253338e-05
311205484_right_subarticular_stenosis_l3_l4,0.999591052532196,0.00035166455199941993,5.720365516026504e-05
311205484_right_subarticular_stenosis_l4_l5,0.9809502959251404,0.01849829964339733,0.0005514674121513963
311205484_right_subarticular_stenosis_l5_s1,0.9873086810112,0.01197004783898592,0.0007212479831650853
311205484_spinal_canal_stenosis_l1_l2,0.9999828338623047,9.0443754743319e-06,8.16109331935877e-06
311205484_spinal_canal_stenosis_l2_l3,0.9999826550483704,1.1176070984220132e-05,6.107855824666331e-06
311205484_spinal_canal_stenosis_l3_l4,0.9999810457229614,1.1901728612428997e-05,7.032503617665498e-06
311205484_spinal_canal_stenosis_l4_l5,0.9999567270278931,2.9693559554289095e-05,1.3581252460426185e-05
311205484_spinal_canal_stenosis_l5_s1,0.9999481439590454,3.5071512684226036e-05,1.683672599028796e-05
314041963_left_neural_foraminal_narrowing_l1_l2,0.9998325109481812,0.00015696216723881662,1.0571708116913214e-05
314041963_left_neural_foraminal_narrowing_l2_l3,0.9993932247161865,0.0005923894350416958,1.4378924788616132e-05
314041963_left_neural_foraminal_narrowing_l3_l4,0.991718590259552,0.008144926279783249,0.00013647771265823394
314041963_left_neural_foraminal_narrowing_l4_l5,0.7080119252204895,0.29039639234542847,0.00159159442409873
314041963_left_neural_foraminal_narrowing_l5_s1,0.5741392374038696,0.411528617143631,0.014332207851111889
314041963_left_subarticular_stenosis_l1_l2,0.9997491240501404,0.0001859311742009595,6.498285074485466e-05
314041963_left_subarticular_stenosis_l2_l3,0.9855097532272339,0.01411186158657074,0.00037843239260837436
314041963_left_subarticular_stenosis_l3_l4,0.9454255700111389,0.05252666026353836,0.0020477883517742157
314041963_left_subarticular_stenosis_l4_l5,0.5239840745925903,0.4563421607017517,0.01967383362352848
314041963_left_subarticular_stenosis_l5_s1,0.6402397751808167,0.33519554138183594,0.024564679712057114
314041963_right_neural_foraminal_narrowing_l1_l2,0.999874472618103,0.0001169988900073804,8.526688361598644e-06
314041963_right_neural_foraminal_narrowing_l2_l3,0.9991732835769653,0.0008124769083224237,1.4285519682744052e-05
314041963_right_neural_foraminal_narrowing_l3_l4,0.9939451217651367,0.005961024668067694,9.38489829422906e-05
314041963_right_neural_foraminal_narrowing_l4_l5,0.9881855249404907,0.011686666868627071,0.00012785728904418647
314041963_right_neural_foraminal_narrowing_l5_s1,0.8067044615745544,0.1889628916978836,0.004332623444497585
314041963_right_subarticular_stenosis_l1_l2,0.9998196959495544,0.00011836345947813243,6.191905413288623e-05
314041963_right_subarticular_stenosis_l2_l3,0.9838266372680664,0.01575005240738392,0.00042328331619501114
314041963_right_subarticular_stenosis_l3_l4,0.9672531485557556,0.031731169670820236,0.0010157318320125341
314041963_right_subarticular_stenosis_l4_l5,0.8242064714431763,0.17169471085071564,0.004098818171769381
314041963_right_subarticular_stenosis_l5_s1,0.8683928847312927,0.1263074278831482,0.0052996473386883736
314041963_spinal_canal_stenosis_l1_l2,0.9999864101409912,8.727879503567237e-06,4.8436295401188545e-06
314041963_spinal_canal_stenosis_l2_l3,0.9999687671661377,2.4391989427385852e-05,6.8140020630380604e-06
314041963_spinal_canal_stenosis_l3_l4,0.9999735355377197,1.7276690414291807e-05,9.185412636725232e-06
314041963_spinal_canal_stenosis_l4_l5,0.9998937845230103,8.181769953807816e-05,2.4492326701874845e-05
314041963_spinal_canal_stenosis_l5_s1,0.9999549984931946,2.662630140548572e-05,1.8415565136820078e-05
316662180_left_neural_foraminal_narrowing_l1_l2,0.999897837638855,9.19374797376804e-05,1.0278550689690746e-05
316662180_left_neural_foraminal_narrowing_l2_l3,0.9998896718025208,0.00010226209997199476,8.035719474719372e-06
316662180_left_neural_foraminal_narrowing_l3_l4,0.9973356127738953,0.002626642119139433,3.777396705118008e-05
316662180_left_neural_foraminal_narrowing_l4_l5,0.14619648456573486,0.8316333889961243,0.022170118987560272
316662180_left_neural_foraminal_narrowing_l5_s1,0.504499077796936,0.4874049127101898,0.008096032775938511
316662180_left_subarticular_stenosis_l1_l2,0.9997742772102356,0.00010910729179158807,0.00011664377962006256
316662180_left_subarticular_stenosis_l2_l3,0.9998401403427124,9.767901065060869e-05,6.219797069206834e-05
316662180_left_subarticular_stenosis_l3_l4,0.9974227547645569,0.0024352767504751682,0.00014194624964147806
316662180_left_subarticular_stenosis_l4_l5,0.09744454175233841,0.7188102602958679,0.18374517560005188
316662180_left_subarticular_stenosis_l5_s1,0.03168066218495369,0.5924678444862366,0.3758515417575836
316662180_right_neural_foraminal_narrowing_l1_l2,0.9999048113822937,8.525907469447702e-05,9.94253878161544e-06
316662180_right_neural_foraminal_narrowing_l2_l3,0.9998817443847656,0.00011083787103416398,7.40112409403082e-06
316662180_right_neural_foraminal_narrowing_l3_l4,0.9914470911026001,0.008471771143376827,8.12102880445309e-05
316662180_right_neural_foraminal_narrowing_l4_l5,0.7868438363075256,0.21122021973133087,0.0019359095022082329
316662180_right_neural_foraminal_narrowing_l5_s1,0.18496175110340118,0.7732380628585815,0.041800208389759064
316662180_right_subarticular_stenosis_l1_l2,0.9998494982719421,6.828619370935485e-05,8.219862502301112e-05
316662180_right_subarticular_stenosis_l2_l3,0.9998751282691956,7.937728514662012e-05,4.5469663746189326e-05
316662180_right_subarticular_stenosis_l3_l4,0.9602175354957581,0.03897995501756668,0.0008024763665162027
316662180_right_subarticular_stenosis_l4_l5,0.2417898327112198,0.6961168646812439,0.06209326162934303
316662180_right_subarticular_stenosis_l5_s1,0.00204085442237556,0.26589784026145935,0.7320612668991089
316662180_spinal_canal_stenosis_l1_l2,0.9999595880508423,2.2560432626050897e-05,1.784844607755076e-05
316662180_spinal_canal_stenosis_l2_l3,0.9999667406082153,2.1525418560486287e-05,1.1732298844435718e-05
316662180_spinal_canal_stenosis_l3_l4,0.9998536705970764,0.00012197066826047376,2.4373832275159657e-05
316662180_spinal_canal_stenosis_l4_l5,0.5331082940101624,0.4547906816005707,0.012101049534976482
316662180_spinal_canal_stenosis_l5_s1,0.053913556039333344,0.8521514534950256,0.09393501281738281
322285839_left_neural_foraminal_narrowing_l1_l2,0.9997095465660095,0.00028011464746668935,1.0359077350585721e-05
322285839_left_neural_foraminal_narrowing_l2_l3,0.8136968612670898,0.185176819562912,0.00112630776129663
322285839_left_neural_foraminal_narrowing_l3_l4,0.24679920077323914,0.7278736233711243,0.025327175855636597
322285839_left_neural_foraminal_narrowing_l4_l5,0.010585702955722809,0.4931850731372833,0.49622923135757446
322285839_left_neural_foraminal_narrowing_l5_s1,0.8371344208717346,0.15244361758232117,0.010421878658235073
322285839_left_subarticular_stenosis_l1_l2,0.9998067617416382,0.00014490466855932027,4.836629523197189e-05
322285839_left_subarticular_stenosis_l2_l3,0.6392284035682678,0.35089969635009766,0.009871898218989372
322285839_left_subarticular_stenosis_l3_l4,0.29521164298057556,0.6113515496253967,0.09343677759170532
322285839_left_subarticular_stenosis_l4_l5,0.00020033020700793713,0.04293019324541092,0.9568694233894348
322285839_left_subarticular_stenosis_l5_s1,0.7912920117378235,0.19611670076847076,0.01259129960089922
322285839_right_neural_foraminal_narrowing_l1_l2,0.9998021721839905,0.00018526070925872773,1.259995133295888e-05
322285839_right_neural_foraminal_narrowing_l2_l3,0.9487191438674927,0.05089094117283821,0.00038987150765024126
322285839_right_neural_foraminal_narrowing_l3_l4,0.5847314596176147,0.4087230861186981,0.006545437499880791
322285839_right_neural_foraminal_narrowing_l4_l5,0.005448251962661743,0.4099350869655609,0.5846166610717773
322285839_right_neural_foraminal_narrowing_l5_s1,0.5724822282791138,0.3864806592464447,0.04103710874915123
322285839_right_subarticular_stenosis_l1_l2,0.9998077154159546,0.00011662838369375095,7.561913662357256e-05
322285839_right_subarticular_stenosis_l2_l3,0.5294344425201416,0.45457032322883606,0.015995291993021965
322285839_right_subarticular_stenosis_l3_l4,0.4297966957092285,0.5370244979858398,0.03317883983254433
322285839_right_subarticular_stenosis_l4_l5,0.0007392201805487275,0.0909363403916359,0.9083244204521179
322285839_right_subarticular_stenosis_l5_s1,0.8020296692848206,0.18176722526550293,0.016203133389353752
322285839_spinal_canal_stenosis_l1_l2,0.9999758005142212,1.472335043217754e-05,9.484394468017854e-06
322285839_spinal_canal_stenosis_l2_l3,0.999567985534668,0.00039787060813978314,3.414605089346878e-05
322285839_spinal_canal_stenosis_l3_l4,0.9950894117355347,0.004575598053634167,0.00033502859878353775
322285839_spinal_canal_stenosis_l4_l5,0.028450030833482742,0.7714351415634155,0.20011483132839203
322285839_spinal_canal_stenosis_l5_s1,0.999485433101654,0.0003628171107266098,0.00015176369925029576
324739602_left_neural_foraminal_narrowing_l1_l2,0.9999148845672607,7.854359864722937e-05,6.560087513207691e-06
324739602_left_neural_foraminal_narrowing_l2_l3,0.995421290397644,0.004535819869488478,4.293494566809386e-05
324739602_left_neural_foraminal_narrowing_l3_l4,0.943443775177002,0.05609031394124031,0.00046584950177930295
324739602_left_neural_foraminal_narrowing_l4_l5,0.4416150152683258,0.5469563007354736,0.011428724974393845
324739602_left_neural_foraminal_narrowing_l5_s1,0.9837926626205444,0.015428142622113228,0.0007792210672050714
324739602_left_subarticular_stenosis_l1_l2,0.9998994469642639,5.412973041529767e-05,4.644836008083075e-05
324739602_left_subarticular_stenosis_l2_l3,0.9849109053611755,0.014776796102523804,0.0003121861082036048
324739602_left_subarticular_stenosis_l3_l4,0.8959492444992065,0.10238680243492126,0.001663867849856615
324739602_left_subarticular_stenosis_l4_l5,0.3702535331249237,0.5883935689926147,0.04135291278362274
324739602_left_subarticular_stenosis_l5_s1,0.9532361030578613,0.04390234872698784,0.0028615917544811964
324739602_right_neural_foraminal_narrowing_l1_l2,0.9999147653579712,7.862115307943895e-05,6.639183084189426e-06
324739602_right_neural_foraminal_narrowing_l2_l3,0.9983318448066711,0.0016432658303529024,2.4870050765457563e-05
324739602_right_neural_foraminal_narrowing_l3_l4,0.8066602349281311,0.1917337030172348,0.0016060502966865897
324739602_right_neural_foraminal_narrowing_l4_l5,0.3963674306869507,0.5866302847862244,0.017002379521727562
324739602_right_neural_foraminal_narrowing_l5_s1,0.9350007176399231,0.059881508350372314,0.005117739085108042
324739602_right_subarticular_stenosis_l1_l2,0.9999215006828308,3.805580490734428e-05,4.044466550112702e-05
324739602_right_subarticular_stenosis_l2_l3,0.9972076416015625,0.002688283333554864,0.0001040854913298972
324739602_right_subarticular_stenosis_l3_l4,0.7867538928985596,0.20842422544956207,0.004821930080652237
324739602_right_subarticular_stenosis_l4_l5,0.6207033395767212,0.3596861660480499,0.019610483199357986
324739602_right_subarticular_stenosis_l5_s1,0.883812665939331,0.10700546205043793,0.00918187852948904
324739602_spinal_canal_stenosis_l1_l2,0.9999822974205017,1.1614832146733534e-05,6.1265568547241855e-06
324739602_spinal_canal_stenosis_l2_l3,0.9999609589576721,3.047764766961336e-05,8.619671461929101e-06
324739602_spinal_canal_stenosis_l3_l4,0.999951958656311,3.682747410493903e-05,1.1240684216318186e-05
324739602_spinal_canal_stenosis_l4_l5,0.9999401569366455,4.412855560076423e-05,1.572680594108533e-05
324739602_spinal_canal_stenosis_l5_s1,0.9997628331184387,0.00017402383673470467,6.315454811556265e-05
325485990_left_neural_foraminal_narrowing_l1_l2,0.811565101146698,0.1863870471715927,0.0020478637889027596
325485990_left_neural_foraminal_narrowing_l2_l3,0.8773949146270752,0.12120652198791504,0.0013985713012516499
325485990_left_neural_foraminal_narrowing_l3_l4,0.7951766848564148,0.2028774619102478,0.001945782219991088
325485990_left_neural_foraminal_narrowing_l4_l5,0.15710626542568207,0.8049728870391846,0.03792089223861694
325485990_left_neural_foraminal_narrowing_l5_s1,0.33837416768074036,0.6319618225097656,0.029663994908332825
325485990_left_subarticular_stenosis_l1_l2,0.761069655418396,0.23130300641059875,0.0076274327002465725
325485990_left_subarticular_stenosis_l2_l3,0.21317633986473083,0.7086097002029419,0.07821396738290787
325485990_left_subarticular_stenosis_l3_l4,0.008552759885787964,0.3892703652381897,0.6021768450737
325485990_left_subarticular_stenosis_l4_l5,0.027937615290284157,0.5596597790718079,0.4124026596546173
325485990_left_subarticular_stenosis_l5_s1,0.0025183362886309624,0.2276819497346878,0.7697996497154236
325485990_right_neural_foraminal_narrowing_l1_l2,0.9172235727310181,0.08167894184589386,0.0010975133627653122
325485990_right_neural_foraminal_narrowing_l2_l3,0.941048800945282,0.05850575119256973,0.000445359677542001
325485990_right_neural_foraminal_narrowing_l3_l4,0.655850887298584,0.3416624367237091,0.002486687619239092
325485990_right_neural_foraminal_narrowing_l4_l5,0.7431204915046692,0.2543874979019165,0.002492025960236788
325485990_right_neural_foraminal_narrowing_l5_s1,0.40477433800697327,0.5693082213401794,0.025917453691363335
325485990_right_subarticular_stenosis_l1_l2,0.9194259643554688,0.07752898335456848,0.003045054618269205
325485990_right_subarticular_stenosis_l2_l3,0.6778092980384827,0.3142186999320984,0.007971993647515774
325485990_right_subarticular_stenosis_l3_l4,0.0037539941258728504,0.3112143576145172,0.6850316524505615
325485990_right_subarticular_stenosis_l4_l5,0.008983522653579712,0.40675538778305054,0.5842610597610474
325485990_right_subarticular_stenosis_l5_s1,0.03769638389348984,0.5118176937103271,0.4504859447479248
325485990_spinal_canal_stenosis_l1_l2,0.9999131560325623,7.185511640273035e-05,1.4951747289160267e-05
325485990_spinal_canal_stenosis_l2_l3,0.9210021495819092,0.07619760185480118,0.002800327492877841
325485990_spinal_canal_stenosis_l3_l4,0.001305712852627039,0.131175696849823,0.8675186634063721
325485990_spinal_canal_stenosis_l4_l5,0.5748721957206726,0.3979487121105194,0.02717910148203373
325485990_spinal_canal_stenosis_l5_s1,0.5602053999900818,0.3912068009376526,0.04858778417110443
326589617_left_neural_foraminal_narrowing_l1_l2,0.9999092817306519,8.45606264192611e-05,6.139492143120151e-06
326589617_left_neural_foraminal_narrowing_l2_l3,0.999855637550354,0.00013849843526259065,5.855566087120678e-06
326589617_left_neural_foraminal_narrowing_l3_l4,0.9901847243309021,0.009748967364430428,6.634546298300847e-05
326589617_left_neural_foraminal_narrowing_l4_l5,0.8178303837776184,0.18119844794273376,0.0009711782913655043
326589617_left_neural_foraminal_narrowing_l5_s1,0.9318988919258118,0.0666162371635437,0.0014849270228296518
326589617_left_subarticular_stenosis_l1_l2,0.9998877644538879,5.8880312280962244e-05,5.3322659368859604e-05
326589617_left_subarticular_stenosis_l2_l3,0.9998605251312256,9.739156666910276e-05,4.208221798762679e-05
326589617_left_subarticular_stenosis_l3_l4,0.7798246741294861,0.21695107221603394,0.0032242576126009226
326589617_left_subarticular_stenosis_l4_l5,0.6281971335411072,0.3637573719024658,0.008045520633459091
326589617_left_subarticular_stenosis_l5_s1,0.929375946521759,0.06822782754898071,0.002396272262558341
326589617_right_neural_foraminal_narrowing_l1_l2,0.9999104738235474,7.900188938947394e-05,1.0544191354711074e-05
326589617_right_neural_foraminal_narrowing_l2_l3,0.9998734593391418,0.0001167952359537594,9.734241757541895e-06
326589617_right_neural_foraminal_narrowing_l3_l4,0.9975035786628723,0.0024488691706210375,4.763923425343819e-05
326589617_right_neural_foraminal_narrowing_l4_l5,0.9075691103935242,0.09183070063591003,0.0006001990986987948
326589617_right_neural_foraminal_narrowing_l5_s1,0.3414003551006317,0.637974739074707,0.020624887198209763
326589617_right_subarticular_stenosis_l1_l2,0.9998257756233215,0.00010000812471844256,7.420158362947404e-05
326589617_right_subarticular_stenosis_l2_l3,0.9997373819351196,0.00020837293413933367,5.4280011681839824e-05
326589617_right_subarticular_stenosis_l3_l4,0.9293471574783325,0.06948406249284744,0.0011687554651871324
326589617_right_subarticular_stenosis_l4_l5,0.7423993945121765,0.25241708755493164,0.005183489993214607
326589617_right_subarticular_stenosis_l5_s1,0.23409342765808105,0.6439119577407837,0.12199458479881287
326589617_spinal_canal_stenosis_l1_l2,0.9999611377716064,2.1505347831407562e-05,1.7390409993822686e-05
326589617_spinal_canal_stenosis_l2_l3,0.9999698996543884,1.9569868527469225e-05,1.0608529009914491e-05
326589617_spinal_canal_stenosis_l3_l4,0.9998871088027954,9.681723895482719e-05,1.6108615454868414e-05
326589617_spinal_canal_stenosis_l4_l5,0.9998490810394287,0.0001274061214644462,2.3493621483794414e-05
326589617_spinal_canal_stenosis_l5_s1,0.9998504519462585,0.00011204886686755344,3.7495523429242894e-05
329807127_left_neural_foraminal_narrowing_l1_l2,0.9992481470108032,0.0007271734066307545,2.4665534510859288e-05
329807127_left_neural_foraminal_narrowing_l2_l3,0.8150080442428589,0.18348020315170288,0.0015117870643734932
329807127_left_neural_foraminal_narrowing_l3_l4,0.15455567836761475,0.796027421951294,0.049416884779930115
329807127_left_neural_foraminal_narrowing_l4_l5,0.05194332078099251,0.6735981702804565,0.27445852756500244
329807127_left_neural_foraminal_narrowing_l5_s1,0.008214968256652355,0.2672986686229706,0.7244863510131836
329807127_left_subarticular_stenosis_l1_l2,0.9997227191925049,0.00021850233315490186,5.876884824829176e-05
329807127_left_subarticular_stenosis_l2_l3,0.7191749811172485,0.2737710177898407,0.007053932175040245
329807127_left_subarticular_stenosis_l3_l4,0.1309676319360733,0.6527427434921265,0.21628963947296143
329807127_left_subarticular_stenosis_l4_l5,0.24186956882476807,0.520336925983429,0.23779349029064178
329807127_left_subarticular_stenosis_l5_s1,0.5246055126190186,0.3531742990016937,0.12222021818161011
329807127_right_neural_foraminal_narrowing_l1_l2,0.9971888065338135,0.0027186910156160593,9.247260459233075e-05
329807127_right_neural_foraminal_narrowing_l2_l3,0.5894918441772461,0.4052605926990509,0.005247572436928749
329807127_right_neural_foraminal_narrowing_l3_l4,0.25374355912208557,0.7296501994132996,0.016606267541646957
329807127_right_neural_foraminal_narrowing_l4_l5,0.010000734589993954,0.5101585984230042,0.4798406958580017
329807127_right_neural_foraminal_narrowing_l5_s1,0.0017337886383756995,0.1745631843805313,0.8237030506134033
329807127_right_subarticular_stenosis_l1_l2,0.999718189239502,0.00020198726269882172,7.983209798112512e-05
329807127_right_subarticular_stenosis_l2_l3,0.8652916550636292,0.13163062930107117,0.0030776949133723974
329807127_right_subarticular_stenosis_l3_l4,0.3723759055137634,0.5937889218330383,0.033835187554359436
329807127_right_subarticular_stenosis_l4_l5,0.06103498488664627,0.5123386383056641,0.4266264736652374
329807127_right_subarticular_stenosis_l5_s1,0.24576188623905182,0.3883323669433594,0.3659057021141052
329807127_spinal_canal_stenosis_l1_l2,0.9999833106994629,8.95329867489636e-06,7.725589057372417e-06
329807127_spinal_canal_stenosis_l2_l3,0.9999678730964661,2.5641864340286702e-05,6.498813945654547e-06
329807127_spinal_canal_stenosis_l3_l4,0.9999366402626038,4.7465528041357175e-05,1.5893354429863393e-05
329807127_spinal_canal_stenosis_l4_l5,0.9996546506881714,0.0002810654987115413,6.420678255381063e-05
329807127_spinal_canal_stenosis_l5_s1,0.9999411702156067,3.964941424783319e-05,1.9202767362003215e-05
330764538_left_neural_foraminal_narrowing_l1_l2,0.9999099969863892,8.159131539287046e-05,8.417724529863335e-06
330764538_left_neural_foraminal_narrowing_l2_l3,0.9993929266929626,0.0005932513158768415,1.3787355783279054e-05
330764538_left_neural_foraminal_narrowing_l3_l4,0.9975482225418091,0.0024149140808731318,3.6783858377020806e-05
330764538_left_neural_foraminal_narrowing_l4_l5,0.902471661567688,0.09678288549184799,0.0007454736041836441
330764538_left_neural_foraminal_narrowing_l5_s1,0.15670926868915558,0.783989429473877,0.05930134281516075
330764538_left_subarticular_stenosis_l1_l2,0.9999103546142578,4.703181184595451e-05,4.2600473534548655e-05
330764538_left_subarticular_stenosis_l2_l3,0.9994672536849976,0.00047792631085030735,5.483908535097726e-05
330764538_left_subarticular_stenosis_l3_l4,0.9983360767364502,0.001560410251840949,0.00010349966760259122
330764538_left_subarticular_stenosis_l4_l5,0.9253948330879211,0.07303254306316376,0.0015726231504231691
330764538_left_subarticular_stenosis_l5_s1,0.18412908911705017,0.6397517919540405,0.17611908912658691
330764538_right_neural_foraminal_narrowing_l1_l2,0.9999209046363831,7.118197390809655e-05,7.897851901361719e-06
330764538_right_neural_foraminal_narrowing_l2_l3,0.9996740818023682,0.00031637196661904454,9.569891517458018e-06
330764538_right_neural_foraminal_narrowing_l3_l4,0.9924585819244385,0.007459881249815226,8.155048999469727e-05
330764538_right_neural_foraminal_narrowing_l4_l5,0.8956189155578613,0.1035088449716568,0.0008722294005565345
330764538_right_neural_foraminal_narrowing_l5_s1,0.672906219959259,0.3237907886505127,0.0033028791658580303
330764538_right_subarticular_stenosis_l1_l2,0.9998948574066162,5.492135460372083e-05,5.026650251238607e-05
330764538_right_subarticular_stenosis_l2_l3,0.9996740818023682,0.00027816888177767396,4.7800618631299585e-05
330764538_right_subarticular_stenosis_l3_l4,0.9881479740142822,0.01146332174539566,0.00038871928700245917
330764538_right_subarticular_stenosis_l4_l5,0.8721721768379211,0.12516501545906067,0.0026627497281879187
330764538_right_subarticular_stenosis_l5_s1,0.6710892915725708,0.31825217604637146,0.010658570565283298
330764538_spinal_canal_stenosis_l1_l2,0.9999656677246094,2.242783193651121e-05,1.1976399036939256e-05
330764538_spinal_canal_stenosis_l2_l3,0.9999597668647766,2.9162418286432512e-05,1.110221455746796e-05
330764538_spinal_canal_stenosis_l3_l4,0.999954342842102,3.479098450043239e-05,1.0818314876814838e-05
330764538_spinal_canal_stenosis_l4_l5,0.9998929500579834,8.795555186225101e-05,1.9100427380180918e-05
330764538_spinal_canal_stenosis_l5_s1,0.9999324083328247,4.828515011467971e-05,1.9334467651788145e-05
330993169_left_neural_foraminal_narrowing_l1_l2,0.9999328255653381,6.164965452626348e-05,5.5464706747443415e-06
330993169_left_neural_foraminal_narrowing_l2_l3,0.9997389912605286,0.00025228579761460423,8.695961696503218e-06
330993169_left_neural_foraminal_narrowing_l3_l4,0.9817060232162476,0.01819700375199318,9.692920866655186e-05
330993169_left_neural_foraminal_narrowing_l4_l5,0.7162690758705139,0.28066638112068176,0.0030645490624010563
330993169_left_neural_foraminal_narrowing_l5_s1,0.8592397570610046,0.1361687332391739,0.004591511096805334
330993169_left_subarticular_stenosis_l1_l2,0.9998788833618164,6.63559912936762e-05,5.478053572005592e-05
330993169_left_subarticular_stenosis_l2_l3,0.9996601343154907,0.00028188820579089224,5.8002853620564565e-05
330993169_left_subarticular_stenosis_l3_l4,0.9231085181236267,0.07507820427417755,0.0018133304547518492
330993169_left_subarticular_stenosis_l4_l5,0.012572708539664745,0.42000752687454224,0.5674197673797607
330993169_left_subarticular_stenosis_l5_s1,0.9663148522377014,0.03177798539400101,0.0019072135910391808
330993169_right_neural_foraminal_narrowing_l1_l2,0.9998964071273804,9.695219341665506e-05,6.601786481041927e-06
330993169_right_neural_foraminal_narrowing_l2_l3,0.9993789792060852,0.0006072621326893568,1.3875411241315305e-05
330993169_right_neural_foraminal_narrowing_l3_l4,0.9942426681518555,0.005690033547580242,6.730706809321418e-05
330993169_right_neural_foraminal_narrowing_l4_l5,0.2444421648979187,0.7280300855636597,0.027527784928679466
330993169_right_neural_foraminal_narrowing_l5_s1,0.6915091872215271,0.2833977937698364,0.025093039497733116
330993169_right_subarticular_stenosis_l1_l2,0.999839723110199,0.00010353612015023828,5.677209628629498e-05
330993169_right_subarticular_stenosis_l2_l3,0.998009443283081,0.0018729399889707565,0.00011759224435081705
330993169_right_subarticular_stenosis_l3_l4,0.9644033908843994,0.034798070788383484,0.0007985726115293801
330993169_right_subarticular_stenosis_l4_l5,0.0012074862606823444,0.17174382507801056,0.8270487189292908
330993169_right_subarticular_stenosis_l5_s1,0.9233596920967102,0.06906244903802872,0.007577764336019754
330993169_spinal_canal_stenosis_l1_l2,0.999984860420227,9.225526810041629e-06,5.892924946238054e-06
330993169_spinal_canal_stenosis_l2_l3,0.9999521374702454,3.999884211225435e-05,7.925439604150597e-06
330993169_spinal_canal_stenosis_l3_l4,0.9998939633369446,8.88385548023507e-05,1.716151564323809e-05
330993169_spinal_canal_stenosis_l4_l5,0.9969673156738281,0.002732994966208935,0.00029972230549901724
330993169_spinal_canal_stenosis_l5_s1,0.9995514154434204,0.0003493494004942477,9.911438974086195e-05
331605392_left_neural_foraminal_narrowing_l1_l2,0.999539315700531,0.0004439530603121966,1.6673086065566167e-05
331605392_left_neural_foraminal_narrowing_l2_l3,0.9959388375282288,0.003983645234256983,7.752509554848075e-05
331605392_left_neural_foraminal_narrowing_l3_l4,0.5324897766113281,0.4634023904800415,0.004107838962227106
331605392_left_neural_foraminal_narrowing_l4_l5,0.0007086197729222476,0.08064910024404526,0.9186422824859619
331605392_left_neural_foraminal_narrowing_l5_s1,0.0011668791994452477,0.11724372208118439,0.8815893530845642
331605392_left_subarticular_stenosis_l1_l2,0.9981303215026855,0.0017116832314059138,0.00015805155271664262
331605392_left_subarticular_stenosis_l2_l3,0.9368937015533447,0.061842914670705795,0.0012633806327357888
331605392_left_subarticular_stenosis_l3_l4,0.18152686953544617,0.7373427152633667,0.08113033324480057
331605392_left_subarticular_stenosis_l4_l5,5.647065336233936e-05,0.006082773674279451,0.9938607811927795
331605392_left_subarticular_stenosis_l5_s1,0.003152863122522831,0.1200278103351593,0.8768193125724792
331605392_right_neural_foraminal_narrowing_l1_l2,0.9992737770080566,0.0007079113274812698,1.8377177184447646e-05
331605392_right_neural_foraminal_narrowing_l2_l3,0.9957605004310608,0.00419159559533,4.7930199798429385e-05
331605392_right_neural_foraminal_narrowing_l3_l4,0.5793208479881287,0.41815900802612305,0.002520165638998151
331605392_right_neural_foraminal_narrowing_l4_l5,0.0011432291939854622,0.14105349779129028,0.8578032851219177
331605392_right_neural_foraminal_narrowing_l5_s1,0.0010020529152825475,0.08524328470230103,0.9137546420097351
331605392_right_subarticular_stenosis_l1_l2,0.9961850643157959,0.0036027259193360806,0.00021219269547145814
331605392_right_subarticular_stenosis_l2_l3,0.9738622307777405,0.02555333450436592,0.0005844132392667234
331605392_right_subarticular_stenosis_l3_l4,0.15510843694210052,0.7437491416931152,0.10114245116710663
331605392_right_subarticular_stenosis_l4_l5,4.396985241328366e-05,0.006592951249331236,0.993363082408905
331605392_right_subarticular_stenosis_l5_s1,0.0008675726130604744,0.03725842386484146,0.9618740081787109
331605392_spinal_canal_stenosis_l1_l2,0.9999662041664124,2.286770541104488e-05,1.0866077900573146e-05
331605392_spinal_canal_stenosis_l2_l3,0.9999345541000366,5.4267511586658657e-05,1.1165841897309292e-05
331605392_spinal_canal_stenosis_l3_l4,0.9353160858154297,0.06221510469913483,0.0024687766563147306
331605392_spinal_canal_stenosis_l4_l5,0.0013456103624776006,0.0438358411192894,0.9548184871673584
331605392_spinal_canal_stenosis_l5_s1,0.019014568999409676,0.5094560980796814,0.4715293049812317
331970469_left_neural_foraminal_narrowing_l1_l2,0.9807271361351013,0.018812669441103935,0.00046017792192287743
331970469_left_neural_foraminal_narrowing_l2_l3,0.764524519443512,0.23143121600151062,0.004044294357299805
331970469_left_neural_foraminal_narrowing_l3_l4,0.5890476703643799,0.40324997901916504,0.007702400907874107
331970469_left_neural_foraminal_narrowing_l4_l5,0.4282195568084717,0.5175126194953918,0.05426787957549095
331970469_left_neural_foraminal_narrowing_l5_s1,0.9536109566688538,0.044840142130851746,0.001548898289911449
331970469_left_subarticular_stenosis_l1_l2,0.9106103777885437,0.08649268001317978,0.0028970609419047832
331970469_left_subarticular_stenosis_l2_l3,0.2555515170097351,0.6642401814460754,0.08020824193954468
331970469_left_subarticular_stenosis_l3_l4,0.0005682316841557622,0.12796424329280853,0.8714675307273865
331970469_left_subarticular_stenosis_l4_l5,3.204762833775021e-05,0.005603454075753689,0.9943645000457764
331970469_left_subarticular_stenosis_l5_s1,0.8498811721801758,0.14208604395389557,0.008032837882637978
331970469_right_neural_foraminal_narrowing_l1_l2,0.9945606589317322,0.0053280727006495,0.00011131251812912524
331970469_right_neural_foraminal_narrowing_l2_l3,0.7404854893684387,0.2573017179965973,0.0022128012496978045
331970469_right_neural_foraminal_narrowing_l3_l4,0.3196893334388733,0.6649746894836426,0.015336047857999802
331970469_right_neural_foraminal_narrowing_l4_l5,0.14131905138492584,0.6942462921142578,0.16443458199501038
331970469_right_neural_foraminal_narrowing_l5_s1,0.8775323629379272,0.1189131811261177,0.0035544303245842457
331970469_right_subarticular_stenosis_l1_l2,0.9957959651947021,0.0038761948235332966,0.0003277799114584923
331970469_right_subarticular_stenosis_l2_l3,0.4098401963710785,0.5645976662635803,0.025562085211277008
331970469_right_subarticular_stenosis_l3_l4,0.0003392543294467032,0.053018614649772644,0.9466421604156494
331970469_right_subarticular_stenosis_l4_l5,5.886521830689162e-05,0.006976515520364046,0.9929646253585815
331970469_right_subarticular_stenosis_l5_s1,0.611609697341919,0.3548896014690399,0.03350072354078293
331970469_spinal_canal_stenosis_l1_l2,0.999898374080658,8.408330177189782e-05,1.7559781554155052e-05
331970469_spinal_canal_stenosis_l2_l3,0.9959381222724915,0.0038856342434883118,0.0001761919556884095
331970469_spinal_canal_stenosis_l3_l4,0.0005098957335576415,0.04422987252473831,0.9552602767944336
331970469_spinal_canal_stenosis_l4_l5,0.0005360022187232971,0.022906804457306862,0.976557195186615
331970469_spinal_canal_stenosis_l5_s1,0.9998151659965515,0.00014215637929737568,4.26603110099677e-05
332284668_left_neural_foraminal_narrowing_l1_l2,0.9999061226844788,8.610282384324819e-05,7.766307135170791e-06
332284668_left_neural_foraminal_narrowing_l2_l3,0.9985206723213196,0.0014619689900428057,1.739345316309482e-05
332284668_left_neural_foraminal_narrowing_l3_l4,0.4734826385974884,0.5229832530021667,0.0035341044422239065
332284668_left_neural_foraminal_narrowing_l4_l5,0.1911451369524002,0.7915230989456177,0.017331840470433235
332284668_left_neural_foraminal_narrowing_l5_s1,0.004840631037950516,0.4599683880805969,0.535190999507904
332284668_left_subarticular_stenosis_l1_l2,0.9999229907989502,4.359774538897909e-05,3.341740011819638e-05
332284668_left_subarticular_stenosis_l2_l3,0.9994498491287231,0.0004863714275415987,6.383120489772409e-05
332284668_left_subarticular_stenosis_l3_l4,0.7923137545585632,0.20237328112125397,0.005312926601618528
332284668_left_subarticular_stenosis_l4_l5,0.15404707193374634,0.7229301333427429,0.12302277237176895
332284668_left_subarticular_stenosis_l5_s1,0.5274240374565125,0.4166731536388397,0.05590276047587395
332284668_right_neural_foraminal_narrowing_l1_l2,0.9998890161514282,0.00010264314914820716,8.330222954100464e-06
332284668_right_neural_foraminal_narrowing_l2_l3,0.9988089799880981,0.0011754899751394987,1.5498511857003905e-05
332284668_right_neural_foraminal_narrowing_l3_l4,0.6525859236717224,0.3460429906845093,0.0013710691127926111
332284668_right_neural_foraminal_narrowing_l4_l5,0.5012661218643188,0.49431052803993225,0.00442335894331336
332284668_right_neural_foraminal_narrowing_l5_s1,0.715216338634491,0.27930936217308044,0.0054743424989283085
332284668_right_subarticular_stenosis_l1_l2,0.9999158978462219,5.105445598019287e-05,3.3041651477105916e-05
332284668_right_subarticular_stenosis_l2_l3,0.9995295405387878,0.0004104403778910637,5.9962076193187386e-05
332284668_right_subarticular_stenosis_l3_l4,0.3441157042980194,0.6249037384986877,0.030980510637164116
332284668_right_subarticular_stenosis_l4_l5,0.14743687212467194,0.7350887060165405,0.11747444421052933
332284668_right_subarticular_stenosis_l5_s1,0.8855371475219727,0.11064396798610687,0.003818909637629986
332284668_spinal_canal_stenosis_l1_l2,0.9999926686286926,4.06187109547318e-06,3.2814300539030228e-06
332284668_spinal_canal_stenosis_l2_l3,0.9999900460243225,6.3818597482168116e-06,3.5265677524876082e-06
332284668_spinal_canal_stenosis_l3_l4,0.9994896650314331,0.0004672336799558252,4.3187159462831914e-05
332284668_spinal_canal_stenosis_l4_l5,0.9995723366737366,0.0003865697071887553,4.113846443942748e-05
332284668_spinal_canal_stenosis_l5_s1,0.9998270869255066,0.00013186210708227009,4.1058199713006616e-05
335455502_left_neural_foraminal_narrowing_l1_l2,0.9998246431350708,0.00016410148236900568,1.1273005839029793e-05
335455502_left_neural_foraminal_narrowing_l2_l3,0.996988832950592,0.002954814350232482,5.6282828154508024e-05
335455502_left_neural_foraminal_narrowing_l3_l4,0.9444240927696228,0.0552559532225132,0.0003199644561391324
335455502_left_neural_foraminal_narrowing_l4_l5,0.4435121417045593,0.5494286417961121,0.007059252355247736
335455502_left_neural_foraminal_narrowing_l5_s1,0.9201210737228394,0.07494249194860458,0.004936525132507086
335455502_left_subarticular_stenosis_l1_l2,0.9997204542160034,0.0002078410325339064,7.170824392233044e-05
335455502_left_subarticular_stenosis_l2_l3,0.9733458757400513,0.025627436116337776,0.0010266848839819431
335455502_left_subarticular_stenosis_l3_l4,0.7666921019554138,0.22822989523410797,0.0050780209712684155
335455502_left_subarticular_stenosis_l4_l5,0.34388646483421326,0.5934740304946899,0.06263948231935501
335455502_left_subarticular_stenosis_l5_s1,0.9443842768669128,0.050828106701374054,0.0047875759191811085
335455502_right_neural_foraminal_narrowing_l1_l2,0.9998437762260437,0.00014443446707446128,1.1778095540648792e-05
335455502_right_neural_foraminal_narrowing_l2_l3,0.9981434345245361,0.0018245003884658217,3.2050436857389286e-05
335455502_right_neural_foraminal_narrowing_l3_l4,0.8906698226928711,0.10879987478256226,0.0005303234793245792
335455502_right_neural_foraminal_narrowing_l4_l5,0.6422067880630493,0.35420912504196167,0.0035841066855937243
335455502_right_neural_foraminal_narrowing_l5_s1,0.9541852474212646,0.04454289376735687,0.0012718617217615247
335455502_right_subarticular_stenosis_l1_l2,0.9998218417167664,0.0001241860445588827,5.398301073000766e-05
335455502_right_subarticular_stenosis_l2_l3,0.916060745716095,0.08137332648038864,0.0025659885723143816
335455502_right_subarticular_stenosis_l3_l4,0.8435626029968262,0.15304818749427795,0.0033892288338392973
335455502_right_subarticular_stenosis_l4_l5,0.7961261868476868,0.19806146621704102,0.005812402814626694
335455502_right_subarticular_stenosis_l5_s1,0.9394702315330505,0.0564594492316246,0.004070351365953684
335455502_spinal_canal_stenosis_l1_l2,0.9999921321868896,4.471874035516521e-06,3.386415073691751e-06
335455502_spinal_canal_stenosis_l2_l3,0.9999291896820068,6.078726801206358e-05,9.970406608772464e-06
335455502_spinal_canal_stenosis_l3_l4,0.9999585747718811,3.340572948218323e-05,8.049070856941398e-06
335455502_spinal_canal_stenosis_l4_l5,0.9999741315841675,1.7497701264801435e-05,8.322153917106334e-06
335455502_spinal_canal_stenosis_l5_s1,0.9998945593833923,6.832968938397244e-05,3.704174014274031e-05
336305686_left_neural_foraminal_narrowing_l1_l2,0.9998987317085266,9.445899195270613e-05,6.784177003282821e-06
336305686_left_neural_foraminal_narrowing_l2_l3,0.9978971481323242,0.0020806395914405584,2.2154908947413787e-05
336305686_left_neural_foraminal_narrowing_l3_l4,0.7121026515960693,0.2864726185798645,0.001424717833288014
336305686_left_neural_foraminal_narrowing_l4_l5,0.4930582344532013,0.4946078956127167,0.012333930470049381
336305686_left_neural_foraminal_narrowing_l5_s1,0.8101014494895935,0.17915078997612,0.010747737251222134
336305686_left_subarticular_stenosis_l1_l2,0.9998900294303894,6.0546459280885756e-05,4.9414054956287146e-05
336305686_left_subarticular_stenosis_l2_l3,0.997998833656311,0.0018995879217982292,0.00010162516991840675
336305686_left_subarticular_stenosis_l3_l4,0.5118429064750671,0.4737866222858429,0.014370505698025227
336305686_left_subarticular_stenosis_l4_l5,0.41233155131340027,0.5560186505317688,0.03164976090192795
336305686_left_subarticular_stenosis_l5_s1,0.6114896535873413,0.36506056785583496,0.023449815809726715
336305686_right_neural_foraminal_narrowing_l1_l2,0.9998992085456848,9.038063581101596e-05,1.0420360013085883e-05
336305686_right_neural_foraminal_narrowing_l2_l3,0.9991742968559265,0.00080385513138026,2.181841955462005e-05
336305686_right_neural_foraminal_narrowing_l3_l4,0.6459702253341675,0.3515908718109131,0.0024389373138546944
336305686_right_neural_foraminal_narrowing_l4_l5,0.4649274945259094,0.5173875689506531,0.017684968188405037
336305686_right_neural_foraminal_narrowing_l5_s1,0.6539263725280762,0.3236634135246277,0.022410202771425247
336305686_right_subarticular_stenosis_l1_l2,0.9998940825462341,4.5457520172931254e-05,6.045299960533157e-05
336305686_right_subarticular_stenosis_l2_l3,0.99973064661026,0.00020678759028669447,6.256579945329577e-05
336305686_right_subarticular_stenosis_l3_l4,0.5588912963867188,0.4289699196815491,0.012138796970248222
336305686_right_subarticular_stenosis_l4_l5,0.4883805215358734,0.48969510197639465,0.021924426779150963
336305686_right_subarticular_stenosis_l5_s1,0.7319793701171875,0.2570341229438782,0.010986538603901863
336305686_spinal_canal_stenosis_l1_l2,0.9999797940254211,1.1434855878178496e-05,8.717922355572227e-06
336305686_spinal_canal_stenosis_l2_l3,0.9999522566795349,3.77950600523036e-05,9.987021257984452e-06
336305686_spinal_canal_stenosis_l3_l4,0.9994077086448669,0.0005410415469668806,5.1291121053509414e-05
336305686_spinal_canal_stenosis_l4_l5,0.9994493722915649,0.000489223632030189,6.138510070741177e-05
336305686_spinal_canal_stenosis_l5_s1,0.9996715188026428,0.0002690353721845895,5.944798976997845e-05
33736057_left_neural_foraminal_narrowing_l1_l2,0.9999107122421265,8.149421773850918e-05,7.805443601682782e-06
33736057_left_neural_foraminal_narrowing_l2_l3,0.9998682737350464,0.000124872982269153,6.8586532506742515e-06
33736057_left_neural_foraminal_narrowing_l3_l4,0.9997481107711792,0.00024165777722373605,1.0257055691909045e-05
33736057_left_neural_foraminal_narrowing_l4_l5,0.9911168217658997,0.008757716976106167,0.0001254280359717086
33736057_left_neural_foraminal_narrowing_l5_s1,0.9704084992408752,0.029007764533162117,0.0005837373901158571
33736057_left_subarticular_stenosis_l1_l2,0.9999220967292786,3.486838977551088e-05,4.303331661503762e-05
33736057_left_subarticular_stenosis_l2_l3,0.9999125003814697,4.833103594137356e-05,3.91773646697402e-05
33736057_left_subarticular_stenosis_l3_l4,0.9998207092285156,0.00013716916146222502,4.2112784285563976e-05
33736057_left_subarticular_stenosis_l4_l5,0.9383205771446228,0.06034870445728302,0.0013307776534929872
33736057_left_subarticular_stenosis_l5_s1,0.9490000605583191,0.04927017167210579,0.001729739480651915
33736057_right_neural_foraminal_narrowing_l1_l2,0.9999051094055176,8.466653525829315e-05,1.0229451618215535e-05
33736057_right_neural_foraminal_narrowing_l2_l3,0.9999129772186279,8.041719411266968e-05,6.590650627913419e-06
33736057_right_neural_foraminal_narrowing_l3_l4,0.9996567368507385,0.0003315341891720891,1.1624598300841171e-05
33736057_right_neural_foraminal_narrowing_l4_l5,0.9905169010162354,0.009368469007313251,0.00011461541726021096
33736057_right_neural_foraminal_narrowing_l5_s1,0.9712274074554443,0.028326526284217834,0.00044612513738684356
33736057_right_subarticular_stenosis_l1_l2,0.999918520450592,3.796366945607588e-05,4.3528303649509326e-05
33736057_right_subarticular_stenosis_l2_l3,0.9999133348464966,4.801416798727587e-05,3.860561264446005e-05
33736057_right_subarticular_stenosis_l3_l4,0.9998065829277039,0.0001578545052325353,3.563605059753172e-05
33736057_right_subarticular_stenosis_l4_l5,0.9710407853126526,0.02822468988597393,0.0007345410413108766
33736057_right_subarticular_stenosis_l5_s1,0.9518958330154419,0.04631378501653671,0.0017903880216181278
33736057_spinal_canal_stenosis_l1_l2,0.999991238117218,4.217800324113341e-06,4.514952252065996e-06
33736057_spinal_canal_stenosis_l2_l3,0.999991774559021,4.602932676789351e-06,3.6627282042900333e-06
33736057_spinal_canal_stenosis_l3_l4,0.9999861717224121,7.954002285259776e-06,5.872661859029904e-06
33736057_spinal_canal_stenosis_l4_l5,0.9998885989189148,8.547806646674871e-05,2.584912181191612e-05
33736057_spinal_canal_stenosis_l5_s1,0.9992393255233765,0.0006251874729059637,0.0001354699779767543
339664659_left_neural_foraminal_narrowing_l1_l2,0.9991386532783508,0.0008349883137270808,2.6359883122495376e-05
339664659_left_neural_foraminal_narrowing_l2_l3,0.9990071654319763,0.0009737997315824032,1.90189039130928e-05
339664659_left_neural_foraminal_narrowing_l3_l4,0.9995073080062866,0.00048251537373289466,1.0189402019022964e-05
339664659_left_neural_foraminal_narrowing_l4_l5,0.9850502610206604,0.01481586042791605,0.0001338887814199552
339664659_left_neural_foraminal_narrowing_l5_s1,0.16996903717517853,0.7345513105392456,0.09547962248325348
339664659_left_subarticular_stenosis_l1_l2,0.9917777180671692,0.0079189483076334,0.0003032769891433418
339664659_left_subarticular_stenosis_l2_l3,0.9959633350372314,0.0038710921071469784,0.00016560792573727667
339664659_left_subarticular_stenosis_l3_l4,0.9992341995239258,0.0006839827983640134,8.179405267583206e-05
339664659_left_subarticular_stenosis_l4_l5,0.8856191635131836,0.11173883825540543,0.0026419470086693764
339664659_left_subarticular_stenosis_l5_s1,0.2378791719675064,0.6013426184654236,0.16077814996242523
339664659_right_neural_foraminal_narrowing_l1_l2,0.998610258102417,0.0013533063465729356,3.643452873802744e-05
339664659_right_neural_foraminal_narrowing_l2_l3,0.9995347261428833,0.0004541926318779588,1.1112651918665506e-05
339664659_right_neural_foraminal_narrowing_l3_l4,0.9983027577400208,0.0016755382530391216,2.1649631889886223e-05
339664659_right_neural_foraminal_narrowing_l4_l5,0.9127223491668701,0.0869535505771637,0.0003241833474021405
339664659_right_neural_foraminal_narrowing_l5_s1,0.7410813570022583,0.25654202699661255,0.0023765848018229008
339664659_right_subarticular_stenosis_l1_l2,0.9891219735145569,0.010491698049008846,0.00038631833740510046
339664659_right_subarticular_stenosis_l2_l3,0.9995707869529724,0.00035901955561712384,7.022453792160377e-05
339664659_right_subarticular_stenosis_l3_l4,0.9928691387176514,0.006835710722953081,0.00029504610574804246
339664659_right_subarticular_stenosis_l4_l5,0.6739271879196167,0.31802693009376526,0.008045936934649944
339664659_right_subarticular_stenosis_l5_s1,0.8965931534767151,0.09997007250785828,0.003436779836192727
339664659_spinal_canal_stenosis_l1_l2,0.9999381303787231,4.684381929109804e-05,1.5070017070684116e-05
339664659_spinal_canal_stenosis_l2_l3,0.9999740123748779,1.753573633322958e-05,8.485893886245321e-06
339664659_spinal_canal_stenosis_l3_l4,0.9999646544456482,2.5538758563925512e-05,9.788907846086659e-06
339664659_spinal_canal_stenosis_l4_l5,0.999944806098938,4.159396485192701e-05,1.3628328815684654e-05
339664659_spinal_canal_stenosis_l5_s1,0.999894917011261,6.920652958797291e-05,3.58508805220481e-05
341051344_left_neural_foraminal_narrowing_l1_l2,0.43718746304512024,0.5440888404846191,0.01872369274497032
341051344_left_neural_foraminal_narrowing_l2_l3,0.814910352230072,0.18367882072925568,0.0014108457835391164
341051344_left_neural_foraminal_narrowing_l3_l4,0.17319129407405853,0.7995932102203369,0.027215493842959404
341051344_left_neural_foraminal_narrowing_l4_l5,0.0844321921467781,0.7547245025634766,0.16084329783916473
341051344_left_neural_foraminal_narrowing_l5_s1,0.6093490123748779,0.35249951481819153,0.03815143555402756
341051344_left_subarticular_stenosis_l1_l2,0.0044725327752530575,0.2949884831905365,0.7005389928817749
341051344_left_subarticular_stenosis_l2_l3,0.059883151203393936,0.7120310664176941,0.2280857264995575
341051344_left_subarticular_stenosis_l3_l4,0.0008006251882761717,0.20067672431468964,0.7985225915908813
341051344_left_subarticular_stenosis_l4_l5,0.0005323466612026095,0.06515788286924362,0.9343097805976868
341051344_left_subarticular_stenosis_l5_s1,0.8293725848197937,0.154160737991333,0.01646670326590538
341051344_right_neural_foraminal_narrowing_l1_l2,0.7127792239189148,0.28440162539482117,0.0028191974852234125
341051344_right_neural_foraminal_narrowing_l2_l3,0.3451504409313202,0.643382728099823,0.011466756463050842
341051344_right_neural_foraminal_narrowing_l3_l4,0.1797763854265213,0.7964047193527222,0.02381890080869198
341051344_right_neural_foraminal_narrowing_l4_l5,0.5608024597167969,0.4228194057941437,0.016378184780478477
341051344_right_neural_foraminal_narrowing_l5_s1,0.9145031571388245,0.0791393369436264,0.006357523612678051
341051344_right_subarticular_stenosis_l1_l2,0.02774989791214466,0.54166179895401,0.4305882751941681
341051344_right_subarticular_stenosis_l2_l3,0.002424604259431362,0.33567044138908386,0.6619049310684204
341051344_right_subarticular_stenosis_l3_l4,0.035868048667907715,0.6148614883422852,0.34927040338516235
341051344_right_subarticular_stenosis_l4_l5,0.003094172105193138,0.20308320224285126,0.793822705745697
341051344_right_subarticular_stenosis_l5_s1,0.9479169249534607,0.047342538833618164,0.004740573465824127
341051344_spinal_canal_stenosis_l1_l2,0.001565063837915659,0.17398665845394135,0.82444828748703
341051344_spinal_canal_stenosis_l2_l3,0.4133630394935608,0.564030647277832,0.02260630950331688
341051344_spinal_canal_stenosis_l3_l4,0.2680724263191223,0.6887475252151489,0.04317997768521309
341051344_spinal_canal_stenosis_l4_l5,0.0019490262493491173,0.05771484598517418,0.9403361082077026
341051344_spinal_canal_stenosis_l5_s1,0.9983300566673279,0.000963541038800031,0.0007064140518195927
341058399_left_neural_foraminal_narrowing_l1_l2,0.9596301317214966,0.04020334780216217,0.00016649554891046137
341058399_left_neural_foraminal_narrowing_l2_l3,0.9876661896705627,0.012247944250702858,8.595839608460665e-05
341058399_left_neural_foraminal_narrowing_l3_l4,0.663759171962738,0.3345746397972107,0.0016661270055919886
341058399_left_neural_foraminal_narrowing_l4_l5,0.11526217311620712,0.8379230499267578,0.046814803034067154
341058399_left_neural_foraminal_narrowing_l5_s1,0.48271051049232483,0.4935668408870697,0.02372269704937935
341058399_left_subarticular_stenosis_l1_l2,0.9585955739021301,0.04014915972948074,0.0012552632251754403
341058399_left_subarticular_stenosis_l2_l3,0.9795437455177307,0.01988069713115692,0.0005755226011388004
341058399_left_subarticular_stenosis_l3_l4,0.2848018705844879,0.6680963635444641,0.04710178077220917
341058399_left_subarticular_stenosis_l4_l5,0.005594148766249418,0.4070408046245575,0.5873649716377258
341058399_left_subarticular_stenosis_l5_s1,0.3724912405014038,0.5268778800964355,0.10063087940216064
341058399_right_neural_foraminal_narrowing_l1_l2,0.7663735151290894,0.2314668595790863,0.0021595899015665054
341058399_right_neural_foraminal_narrowing_l2_l3,0.996157169342041,0.0037951539270579815,4.766911661135964e-05
341058399_right_neural_foraminal_narrowing_l3_l4,0.5252501368522644,0.47127264738082886,0.003477228805422783
341058399_right_neural_foraminal_narrowing_l4_l5,0.7975836396217346,0.20079587399959564,0.0016205296851694584
341058399_right_neural_foraminal_narrowing_l5_s1,0.28920331597328186,0.6592281460762024,0.05156860128045082
341058399_right_subarticular_stenosis_l1_l2,0.7841468453407288,0.20636285841464996,0.009490235708653927
341058399_right_subarticular_stenosis_l2_l3,0.992863118648529,0.00688817398622632,0.0002487672318238765
341058399_right_subarticular_stenosis_l3_l4,0.49996715784072876,0.4822543263435364,0.017778491601347923
341058399_right_subarticular_stenosis_l4_l5,0.13353540003299713,0.7232414484024048,0.1432231366634369
341058399_right_subarticular_stenosis_l5_s1,0.18362313508987427,0.6203107237815857,0.19606617093086243
341058399_spinal_canal_stenosis_l1_l2,0.9999484419822693,3.885639307554811e-05,1.274836449738359e-05
341058399_spinal_canal_stenosis_l2_l3,0.999977171421051,1.653258914302569e-05,6.368765752995387e-06
341058399_spinal_canal_stenosis_l3_l4,0.9999557137489319,3.2582207495579496e-05,1.165359208243899e-05
341058399_spinal_canal_stenosis_l4_l5,0.9996878504753113,0.0001867954561021179,0.0001253223599633202
341058399_spinal_canal_stenosis_l5_s1,0.9998730421066284,8.41848086565733e-05,4.2773823224706575e-05
344269999_left_neural_foraminal_narrowing_l1_l2,0.6920251846313477,0.3030920624732971,0.004882735665887594
344269999_left_neural_foraminal_narrowing_l2_l3,0.22499483823776245,0.743133544921875,0.03187158703804016
344269999_left_neural_foraminal_narrowing_l3_l4,0.6137393712997437,0.3775915801525116,0.008668993599712849
344269999_left_neural_foraminal_narrowing_l4_l5,0.9125247001647949,0.08524172753095627,0.0022336046677082777
344269999_left_neural_foraminal_narrowing_l5_s1,0.9886443018913269,0.0108086122199893,0.0005470839096233249
344269999_left_subarticular_stenosis_l1_l2,0.6877534985542297,0.29447704553604126,0.01776944287121296
344269999_left_subarticular_stenosis_l2_l3,0.6607294082641602,0.3243229389190674,0.014947592280805111
344269999_left_subarticular_stenosis_l3_l4,0.7747119665145874,0.21832774579524994,0.006960219703614712
344269999_left_subarticular_stenosis_l4_l5,0.9514503479003906,0.046878278255462646,0.0016713581280782819
344269999_left_subarticular_stenosis_l5_s1,0.9919182062149048,0.007532427553087473,0.0005493795615620911
344269999_right_neural_foraminal_narrowing_l1_l2,0.2648278474807739,0.688779890537262,0.0463922917842865
344269999_right_neural_foraminal_narrowing_l2_l3,0.352150559425354,0.6228795051574707,0.024969931691884995
344269999_right_neural_foraminal_narrowing_l3_l4,0.6614640951156616,0.3232082724571228,0.015327631495893002
344269999_right_neural_foraminal_narrowing_l4_l5,0.976751983165741,0.022553928196430206,0.0006941452738828957
344269999_right_neural_foraminal_narrowing_l5_s1,0.9965003132820129,0.003298536641523242,0.000201067203306593
344269999_right_subarticular_stenosis_l1_l2,0.297428160905838,0.5939671993255615,0.10860460996627808
344269999_right_subarticular_stenosis_l2_l3,0.6805347204208374,0.30285727977752686,0.01660800538957119
344269999_right_subarticular_stenosis_l3_l4,0.7964494824409485,0.19355151057243347,0.009998994879424572
344269999_right_subarticular_stenosis_l4_l5,0.9361644387245178,0.061748385429382324,0.0020871972665190697
344269999_right_subarticular_stenosis_l5_s1,0.9952481985092163,0.004290989600121975,0.0004607375303748995
344269999_spinal_canal_stenosis_l1_l2,0.9973261952400208,0.002446106169372797,0.000227662967517972
344269999_spinal_canal_stenosis_l2_l3,0.9999080896377563,7.352823013206944e-05,1.8402472051093355e-05
344269999_spinal_canal_stenosis_l3_l4,0.9999690055847168,2.1008954718126915e-05,9.99734129436547e-06
344269999_spinal_canal_stenosis_l4_l5,0.9999747276306152,1.6584235709160566e-05,8.718553544895258e-06
344269999_spinal_canal_stenosis_l5_s1,0.999977707862854,1.036182129610097e-05,1.1898387128894683e-05
344297746_left_neural_foraminal_narrowing_l1_l2,0.9979168176651001,0.0020349589176476,4.825789437745698e-05
344297746_left_neural_foraminal_narrowing_l2_l3,0.21556107699871063,0.7552366852760315,0.0292022954672575
344297746_left_neural_foraminal_narrowing_l3_l4,0.04311147332191467,0.8258542418479919,0.1310342401266098
344297746_left_neural_foraminal_narrowing_l4_l5,0.0005141039728187025,0.1102789118885994,0.8892069458961487
344297746_left_neural_foraminal_narrowing_l5_s1,0.0008460953249596059,0.2477363646030426,0.7514175772666931
344297746_left_subarticular_stenosis_l1_l2,0.744342029094696,0.2431316077709198,0.012526363134384155
344297746_left_subarticular_stenosis_l2_l3,0.0015686562983319163,0.2105749100446701,0.78785640001297
344297746_left_subarticular_stenosis_l3_l4,0.18391305208206177,0.624546468257904,0.1915404498577118
344297746_left_subarticular_stenosis_l4_l5,0.005116654094308615,0.19326844811439514,0.8016148209571838
344297746_left_subarticular_stenosis_l5_s1,0.07170100510120392,0.4622100591659546,0.4660889506340027
344297746_right_neural_foraminal_narrowing_l1_l2,0.8310797810554504,0.16823384165763855,0.0006864317110739648
344297746_right_neural_foraminal_narrowing_l2_l3,0.8342305421829224,0.16484102606773376,0.0009285152773372829
344297746_right_neural_foraminal_narrowing_l3_l4,0.03589624539017677,0.8292614221572876,0.13484232127666473
344297746_right_neural_foraminal_narrowing_l4_l5,0.0007527463021688163,0.16320818662643433,0.8360390067100525
344297746_right_neural_foraminal_narrowing_l5_s1,0.001221726299263537,0.250496506690979,0.7482817769050598
344297746_right_subarticular_stenosis_l1_l2,0.230296790599823,0.6240988373756409,0.14560434222221375
344297746_right_subarticular_stenosis_l2_l3,0.03228392079472542,0.5153307318687439,0.4523853063583374
344297746_right_subarticular_stenosis_l3_l4,0.08833175152540207,0.535375714302063,0.37629249691963196
344297746_right_subarticular_stenosis_l4_l5,0.032265789806842804,0.32657742500305176,0.6411567330360413
344297746_right_subarticular_stenosis_l5_s1,0.06426100432872772,0.4678981304168701,0.46784093976020813
344297746_spinal_canal_stenosis_l1_l2,0.1890283226966858,0.764003574848175,0.04696805402636528
344297746_spinal_canal_stenosis_l2_l3,0.0011131422361359,0.1237938329577446,0.8750930428504944
344297746_spinal_canal_stenosis_l3_l4,0.9979633092880249,0.0017539281398057938,0.00028269339236430824
344297746_spinal_canal_stenosis_l4_l5,0.29868385195732117,0.6385778784751892,0.06273822486400604
344297746_spinal_canal_stenosis_l5_s1,0.9960446357727051,0.003516588592901826,0.0004387448716443032
347228139_left_neural_foraminal_narrowing_l1_l2,0.9993948936462402,0.0005793605814687908,2.5754250600584783e-05
347228139_left_neural_foraminal_narrowing_l2_l3,0.9979168772697449,0.0020360613707453012,4.708175401901826e-05
347228139_left_neural_foraminal_narrowing_l3_l4,0.9388278722763062,0.060513049364089966,0.0006591216078959405
347228139_left_neural_foraminal_narrowing_l4_l5,0.4389174282550812,0.5518035292625427,0.009279021061956882
347228139_left_neural_foraminal_narrowing_l5_s1,0.4184712767601013,0.5496834516525269,0.03184527903795242
347228139_left_subarticular_stenosis_l1_l2,0.9995766878128052,0.0003177379840053618,0.00010556758206803352
347228139_left_subarticular_stenosis_l2_l3,0.99867844581604,0.0011930502951145172,0.00012860489368904382
347228139_left_subarticular_stenosis_l3_l4,0.9375895261764526,0.060528166592121124,0.001882260199636221
347228139_left_subarticular_stenosis_l4_l5,0.5097736716270447,0.45945584774017334,0.030770495533943176
347228139_left_subarticular_stenosis_l5_s1,0.872929573059082,0.1191549152135849,0.007915590889751911
347228139_right_neural_foraminal_narrowing_l1_l2,0.9998480081558228,0.00014011707389727235,1.1851166163978633e-05
347228139_right_neural_foraminal_narrowing_l2_l3,0.998645544052124,0.0013306980254128575,2.36873711401131e-05
347228139_right_neural_foraminal_narrowing_l3_l4,0.39092645049095154,0.6045442223548889,0.004529292695224285
347228139_right_neural_foraminal_narrowing_l4_l5,0.006309496704488993,0.5059640407562256,0.48772647976875305
347228139_right_neural_foraminal_narrowing_l5_s1,0.02455914206802845,0.6990610957145691,0.27637967467308044
347228139_right_subarticular_stenosis_l1_l2,0.9998618960380554,8.021197572816163e-05,5.785717075923458e-05
347228139_right_subarticular_stenosis_l2_l3,0.9996703267097473,0.00028137685148976743,4.8271318519255146e-05
347228139_right_subarticular_stenosis_l3_l4,0.8842416405677795,0.11156049370765686,0.00419786898419261
347228139_right_subarticular_stenosis_l4_l5,0.16500936448574066,0.6235321164131165,0.21145853400230408
347228139_right_subarticular_stenosis_l5_s1,0.46373942494392395,0.46628400683403015,0.06997659057378769
347228139_spinal_canal_stenosis_l1_l2,0.9997361302375793,0.0001848981191869825,7.892955181887373e-05
347228139_spinal_canal_stenosis_l2_l3,0.9998617768287659,0.00010030389239545912,3.7965121009619907e-05
347228139_spinal_canal_stenosis_l3_l4,0.9997242093086243,0.00022203547996468842,5.37175583303906e-05
347228139_spinal_canal_stenosis_l4_l5,0.9992501139640808,0.0006217011250555515,0.00012827382306568325
347228139_spinal_canal_stenosis_l5_s1,0.9999276995658875,4.2797404603334144e-05,2.9415159588097595e-05
349723373_left_neural_foraminal_narrowing_l1_l2,0.9997784495353699,0.0002056263037957251,1.5988027371349744e-05
349723373_left_neural_foraminal_narrowing_l2_l3,0.9946391582489014,0.005297730211168528,6.307765579549596e-05
349723373_left_neural_foraminal_narrowing_l3_l4,0.65282142162323,0.34380537271499634,0.0033732170704752207
349723373_left_neural_foraminal_narrowing_l4_l5,0.1834065020084381,0.7523645162582397,0.06422897428274155
349723373_left_neural_foraminal_narrowing_l5_s1,0.8464491367340088,0.14852917194366455,0.005021686665713787
349723373_left_subarticular_stenosis_l1_l2,0.9998845458030701,6.114674761192873e-05,5.4312033171299845e-05
349723373_left_subarticular_stenosis_l2_l3,0.7681717276573181,0.22750364243984222,0.004324557259678841
349723373_left_subarticular_stenosis_l3_l4,0.14450056850910187,0.7104109525680542,0.14508843421936035
349723373_left_subarticular_stenosis_l4_l5,0.00032477849163115025,0.09708572179079056,0.9025895595550537
349723373_left_subarticular_stenosis_l5_s1,0.6300098299980164,0.35272595286369324,0.017264192923903465
349723373_right_neural_foraminal_narrowing_l1_l2,0.9998177886009216,0.00016880413750186563,1.3401094292930793e-05
349723373_right_neural_foraminal_narrowing_l2_l3,0.9903354644775391,0.009551635012030602,0.00011292687122477219
349723373_right_neural_foraminal_narrowing_l3_l4,0.3764347732067108,0.6126793622970581,0.010885816067457199
349723373_right_neural_foraminal_narrowing_l4_l5,0.16148056089878082,0.7859921455383301,0.052527353167533875
349723373_right_neural_foraminal_narrowing_l5_s1,0.7078798413276672,0.2770841419696808,0.015036053024232388
349723373_right_subarticular_stenosis_l1_l2,0.999767541885376,0.00014658849977422506,8.590672223363072e-05
349723373_right_subarticular_stenosis_l2_l3,0.6637718081474304,0.3296680450439453,0.006560125853866339
349723373_right_subarticular_stenosis_l3_l4,0.0849580317735672,0.6914320588111877,0.22360995411872864
349723373_right_subarticular_stenosis_l4_l5,0.00022750401694793254,0.056530874222517014,0.9432416558265686
349723373_right_subarticular_stenosis_l5_s1,0.6421841382980347,0.33847466111183167,0.0193412434309721
349723373_spinal_canal_stenosis_l1_l2,0.9999887943267822,6.934278644621372e-06,4.238896053720964e-06
349723373_spinal_canal_stenosis_l2_l3,0.99982088804245,0.0001603162963874638,1.888471160782501e-05
349723373_spinal_canal_stenosis_l3_l4,0.9991089701652527,0.0008272262057289481,6.37588746030815e-05
349723373_spinal_canal_stenosis_l4_l5,0.004171291831880808,0.5171828269958496,0.47864583134651184
349723373_spinal_canal_stenosis_l5_s1,0.999862015247345,0.00010573282634140924,3.231871232856065e-05
358286753_left_neural_foraminal_narrowing_l1_l2,0.9989386200904846,0.0010346375638619065,2.685103754629381e-05
358286753_left_neural_foraminal_narrowing_l2_l3,0.9175370931625366,0.08195678144693375,0.0005061174742877483
358286753_left_neural_foraminal_narrowing_l3_l4,0.3831443786621094,0.6098735928535461,0.006981987040489912
358286753_left_neural_foraminal_narrowing_l4_l5,0.03345732018351555,0.73972487449646,0.22681784629821777
358286753_left_neural_foraminal_narrowing_l5_s1,0.0016928322147578,0.23401135206222534,0.7642958760261536
358286753_left_subarticular_stenosis_l1_l2,0.9932170510292053,0.006490235682576895,0.0002927064779214561
358286753_left_subarticular_stenosis_l2_l3,0.6586050391197205,0.3319924473762512,0.009402511641383171
358286753_left_subarticular_stenosis_l3_l4,0.14620718359947205,0.7118257880210876,0.1419670581817627
358286753_left_subarticular_stenosis_l4_l5,0.30573558807373047,0.5906482338905334,0.1036161556839943
358286753_left_subarticular_stenosis_l5_s1,0.012680553831160069,0.31771448254585266,0.669605016708374
358286753_right_neural_foraminal_narrowing_l1_l2,0.9038389325141907,0.094611756503582,0.0015493046957999468
358286753_right_neural_foraminal_narrowing_l2_l3,0.6918908953666687,0.30475494265556335,0.0033541624434292316
358286753_right_neural_foraminal_narrowing_l3_l4,0.5114572048187256,0.4835171699523926,0.005025601480156183
358286753_right_neural_foraminal_narrowing_l4_l5,0.3093838691711426,0.6762802004814148,0.01433592289686203
358286753_right_neural_foraminal_narrowing_l5_s1,0.10872937738895416,0.798433244228363,0.09283741563558578
358286753_right_subarticular_stenosis_l1_l2,0.6232330203056335,0.3596384525299072,0.01712859235703945
358286753_right_subarticular_stenosis_l2_l3,0.18228091299533844,0.7014017701148987,0.11631733179092407
358286753_right_subarticular_stenosis_l3_l4,0.19467368721961975,0.704749584197998,0.10057669878005981
358286753_right_subarticular_stenosis_l4_l5,0.19929416477680206,0.6790668368339539,0.12163896858692169
358286753_right_subarticular_stenosis_l5_s1,0.440805047750473,0.4906436800956726,0.06855130940675735
358286753_spinal_canal_stenosis_l1_l2,0.9997189044952393,0.0002453684282954782,3.577744428184815e-05
358286753_spinal_canal_stenosis_l2_l3,0.4226653575897217,0.5498334765434265,0.02750115655362606
358286753_spinal_canal_stenosis_l3_l4,0.9135624170303345,0.08330535143613815,0.003132251789793372
358286753_spinal_canal_stenosis_l4_l5,0.9998882412910461,8.897693624021485e-05,2.275086626468692e-05
358286753_spinal_canal_stenosis_l5_s1,0.9998637437820435,9.766894072527066e-05,3.8584956200793386e-05
364930790_left_neural_foraminal_narrowing_l1_l2,0.9170103669166565,0.08211412280797958,0.0008755472954362631
364930790_left_neural_foraminal_narrowing_l2_l3,0.24765589833259583,0.7431110739707947,0.009233023971319199
364930790_left_neural_foraminal_narrowing_l3_l4,0.2093932032585144,0.7682153582572937,0.022391393780708313
364930790_left_neural_foraminal_narrowing_l4_l5,0.046605490148067474,0.8676566481590271,0.08573786169290543
364930790_left_neural_foraminal_narrowing_l5_s1,0.3570210933685303,0.6168703436851501,0.026108581572771072
364930790_left_subarticular_stenosis_l1_l2,0.7124236822128296,0.2784658968448639,0.009110468439757824
364930790_left_subarticular_stenosis_l2_l3,0.04930586740374565,0.6615589261054993,0.2891351878643036
364930790_left_subarticular_stenosis_l3_l4,8.501391857862473e-05,0.024057583883404732,0.9758574366569519
364930790_left_subarticular_stenosis_l4_l5,0.15895691514015198,0.6467136740684509,0.19432945549488068
364930790_left_subarticular_stenosis_l5_s1,0.931659460067749,0.0654313713312149,0.0029091613832861185
364930790_right_neural_foraminal_narrowing_l1_l2,0.9879959225654602,0.011787870898842812,0.00021628728427458555
364930790_right_neural_foraminal_narrowing_l2_l3,0.4609595239162445,0.534794270992279,0.004246222786605358
364930790_right_neural_foraminal_narrowing_l3_l4,0.0708993673324585,0.8252211809158325,0.1038793995976448
364930790_right_neural_foraminal_narrowing_l4_l5,0.01665450632572174,0.7769030928611755,0.20644237101078033
364930790_right_neural_foraminal_narrowing_l5_s1,0.37266677618026733,0.5916258692741394,0.03570736572146416
364930790_right_subarticular_stenosis_l1_l2,0.7140117883682251,0.2768898010253906,0.009098426438868046
364930790_right_subarticular_stenosis_l2_l3,0.02850351482629776,0.6361751556396484,0.335321307182312
364930790_right_subarticular_stenosis_l3_l4,6.980574107728899e-05,0.023467225953936577,0.9764629006385803
364930790_right_subarticular_stenosis_l4_l5,0.01254313811659813,0.3981592655181885,0.5892975926399231
364930790_right_subarticular_stenosis_l5_s1,0.8955419063568115,0.0982091873884201,0.006248984020203352
364930790_spinal_canal_stenosis_l1_l2,0.9560517072677612,0.04246709123253822,0.001481235260143876
364930790_spinal_canal_stenosis_l2_l3,0.08732399344444275,0.8786391615867615,0.03403684124350548
364930790_spinal_canal_stenosis_l3_l4,0.0006250918377190828,0.018944326788187027,0.980430543422699
364930790_spinal_canal_stenosis_l4_l5,0.9994235634803772,0.000490540754981339,8.595861436333507e-05
364930790_spinal_canal_stenosis_l5_s1,0.9999861717224121,5.825466814712854e-06,7.934880159155e-06
366818079_left_neural_foraminal_narrowing_l1_l2,0.9998531341552734,0.0001361145405098796,1.077557863027323e-05
366818079_left_neural_foraminal_narrowing_l2_l3,0.9998127222061157,0.00017988606123253703,7.412635113723809e-06
366818079_left_neural_foraminal_narrowing_l3_l4,0.9995327591896057,0.0004570172168314457,1.0265771379636135e-05
366818079_left_neural_foraminal_narrowing_l4_l5,0.9750654101371765,0.024773741140961647,0.00016083428636193275
366818079_left_neural_foraminal_narrowing_l5_s1,0.9869980812072754,0.012705616652965546,0.00029629142954945564
366818079_left_subarticular_stenosis_l1_l2,0.9998785257339478,5.263075581751764e-05,6.885180482640862e-05
366818079_left_subarticular_stenosis_l2_l3,0.9998670220375061,8.030483877519146e-05,5.268160384730436e-05
366818079_left_subarticular_stenosis_l3_l4,0.9996978044509888,0.0002384259714744985,6.375726661644876e-05
366818079_left_subarticular_stenosis_l4_l5,0.9842867255210876,0.015246961265802383,0.00046625139657408
366818079_left_subarticular_stenosis_l5_s1,0.944213330745697,0.05227863788604736,0.0035079370718449354
366818079_right_neural_foraminal_narrowing_l1_l2,0.9998561143875122,0.00013301873696036637,1.0894639672187623e-05
366818079_right_neural_foraminal_narrowing_l2_l3,0.9998400807380676,0.00015160282782744616,8.315422746818513e-06
366818079_right_neural_foraminal_narrowing_l3_l4,0.9995391964912415,0.0004490192513912916,1.1778882253565826e-05
366818079_right_neural_foraminal_narrowing_l4_l5,0.9932131171226501,0.00671036820858717,7.654888759134337e-05
366818079_right_neural_foraminal_narrowing_l5_s1,0.9941141605377197,0.00571933388710022,0.00016646723088342696
366818079_right_subarticular_stenosis_l1_l2,0.9999054670333862,4.2253348510712385e-05,5.229484668234363e-05
366818079_right_subarticular_stenosis_l2_l3,0.9998550415039062,9.218821651302278e-05,5.277382297208533e-05
366818079_right_subarticular_stenosis_l3_l4,0.999643862247467,0.00028541526990011334,7.073932647472247e-05
366818079_right_subarticular_stenosis_l4_l5,0.9916967749595642,0.007939218543469906,0.00036406549043022096
366818079_right_subarticular_stenosis_l5_s1,0.9627131223678589,0.03498648852109909,0.0023003285750746727
366818079_spinal_canal_stenosis_l1_l2,0.9999803900718689,1.0190026841883082e-05,9.417527508048806e-06
366818079_spinal_canal_stenosis_l2_l3,0.9999793767929077,1.3757613487541676e-05,6.8933113652747124e-06
366818079_spinal_canal_stenosis_l3_l4,0.999979555606842,1.253356458619237e-05,7.96879430708941e-06
366818079_spinal_canal_stenosis_l4_l5,0.9999741315841675,1.6347896234947257e-05,9.524057531962171e-06
366818079_spinal_canal_stenosis_l5_s1,0.9997082948684692,0.00022150081349536777,7.01784374541603e-05
368044905_left_neural_foraminal_narrowing_l1_l2,0.9999123811721802,8.132559014484286e-05,6.312413006526185e-06
368044905_left_neural_foraminal_narrowing_l2_l3,0.9998443126678467,0.0001494496682425961,6.227866379049374e-06
368044905_left_neural_foraminal_narrowing_l3_l4,0.9987930059432983,0.001192770549096167,1.4312550774775445e-05
368044905_left_neural_foraminal_narrowing_l4_l5,0.9343430399894714,0.06534021347761154,0.0003166550595778972
368044905_left_neural_foraminal_narrowing_l5_s1,0.6533322930335999,0.3443933129310608,0.002274406375363469
368044905_left_subarticular_stenosis_l1_l2,0.9998642802238464,6.0827638662885875e-05,7.492279837606475e-05
368044905_left_subarticular_stenosis_l2_l3,0.9998021125793457,0.00013544256216846406,6.245774420676753e-05
368044905_left_subarticular_stenosis_l3_l4,0.9987382888793945,0.0011725813383236527,8.913488272810355e-05
368044905_left_subarticular_stenosis_l4_l5,0.9836932420730591,0.01584784686565399,0.00045892049092799425
368044905_left_subarticular_stenosis_l5_s1,0.7478722333908081,0.24689459800720215,0.0052331555634737015
368044905_right_neural_foraminal_narrowing_l1_l2,0.9998665452003479,0.0001241715654032305,9.285816304327454e-06
368044905_right_neural_foraminal_narrowing_l2_l3,0.9997809529304504,0.0002120160061167553,7.0637734097545035e-06
368044905_right_neural_foraminal_narrowing_l3_l4,0.9977369904518127,0.002243668306618929,1.9322136722621508e-05
368044905_right_neural_foraminal_narrowing_l4_l5,0.9414981007575989,0.058202121406793594,0.00029984096181578934
368044905_right_neural_foraminal_narrowing_l5_s1,0.6266798973083496,0.37111520767211914,0.0022049290128052235
368044905_right_subarticular_stenosis_l1_l2,0.9998794198036194,5.860316377948038e-05,6.197539914865047e-05
368044905_right_subarticular_stenosis_l2_l3,0.9998587965965271,9.610017878003418e-05,4.510525468504056e-05
368044905_right_subarticular_stenosis_l3_l4,0.9992303848266602,0.0007072951411828399,6.238100468181074e-05
368044905_right_subarticular_stenosis_l4_l5,0.9630039930343628,0.0361948125064373,0.0008012217003852129
368044905_right_subarticular_stenosis_l5_s1,0.7252059578895569,0.2689378261566162,0.0058562359772622585
368044905_spinal_canal_stenosis_l1_l2,0.9999650120735168,2.0300611140555702e-05,1.4625577932747547e-05
368044905_spinal_canal_stenosis_l2_l3,0.9999420046806335,4.4901993533130735e-05,1.3084614693070762e-05
368044905_spinal_canal_stenosis_l3_l4,0.9999492168426514,4.03734520659782e-05,1.035291552398121e-05
368044905_spinal_canal_stenosis_l4_l5,0.9999367594718933,5.021266406401992e-05,1.3029743058723398e-05
368044905_spinal_canal_stenosis_l5_s1,0.9998956918716431,7.991128222784027e-05,2.4392960767727345e-05
368848859_left_neural_foraminal_narrowing_l1_l2,0.9999459981918335,4.792883919435553e-05,6.13008842265117e-06
368848859_left_neural_foraminal_narrowing_l2_l3,0.9998870491981506,0.00010727508924901485,5.738897925766651e-06
368848859_left_neural_foraminal_narrowing_l3_l4,0.9959553480148315,0.004007208161056042,3.734584970516153e-05
368848859_left_neural_foraminal_narrowing_l4_l5,0.8825939297676086,0.11685647815465927,0.0005495476652868092
368848859_left_neural_foraminal_narrowing_l5_s1,0.7492855191230774,0.24744795262813568,0.0032665273174643517
368848859_left_subarticular_stenosis_l1_l2,0.9999374151229858,4.4551943574333563e-05,1.7946049410966225e-05
368848859_left_subarticular_stenosis_l2_l3,0.999878466129303,0.0001054519452736713,1.6090654753497802e-05
368848859_left_subarticular_stenosis_l3_l4,0.9841780066490173,0.015282239764928818,0.0005398090579546988
368848859_left_subarticular_stenosis_l4_l5,0.023162519559264183,0.5195803046226501,0.4572571814060211
368848859_left_subarticular_stenosis_l5_s1,0.23116548359394073,0.6772889494895935,0.09154558926820755
368848859_right_neural_foraminal_narrowing_l1_l2,0.9999495148658752,4.5143053284846246e-05,5.37823461854714e-06
368848859_right_neural_foraminal_narrowing_l2_l3,0.9998970031738281,9.777881496120244e-05,5.259725185169373e-06
368848859_right_neural_foraminal_narrowing_l3_l4,0.996562659740448,0.0034090974368155003,2.8357513656374067e-05
368848859_right_neural_foraminal_narrowing_l4_l5,0.615351676940918,0.3829750716686249,0.0016732147196307778
368848859_right_neural_foraminal_narrowing_l5_s1,0.6390863060951233,0.3551795780658722,0.005734159145504236
368848859_right_subarticular_stenosis_l1_l2,0.9999332427978516,5.006299033993855e-05,1.6630276149953716e-05
368848859_right_subarticular_stenosis_l2_l3,0.9998867511749268,9.80539116426371e-05,1.5102417819434777e-05
368848859_right_subarticular_stenosis_l3_l4,0.9734891653060913,0.025565072894096375,0.0009457131964154541
368848859_right_subarticular_stenosis_l4_l5,0.0028213129844516516,0.2991656959056854,0.6980129480361938
368848859_right_subarticular_stenosis_l5_s1,0.05877188220620155,0.5966842174530029,0.3445439040660858
368848859_spinal_canal_stenosis_l1_l2,0.9999111890792847,3.473427932476625e-05,5.416633575805463e-05
368848859_spinal_canal_stenosis_l2_l3,0.9998981952667236,7.065138925099745e-05,3.1083680369192734e-05
368848859_spinal_canal_stenosis_l3_l4,0.9998422861099243,0.00013247784227132797,2.5295465093222447e-05
368848859_spinal_canal_stenosis_l4_l5,0.9446350932121277,0.05029502511024475,0.005069843493402004
368848859_spinal_canal_stenosis_l5_s1,0.9446350932121277,0.05029502511024475,0.005069843493402004
372642770_left_neural_foraminal_narrowing_l1_l2,0.9998573660850525,0.00012956203136127442,1.30362595882616e-05
372642770_left_neural_foraminal_narrowing_l2_l3,0.9996064901351929,0.00037907465593889356,1.4440503946389072e-05
372642770_left_neural_foraminal_narrowing_l3_l4,0.9830160140991211,0.016839873045682907,0.00014417115016840398
372642770_left_neural_foraminal_narrowing_l4_l5,0.9687504172325134,0.030729977414011955,0.0005196889978833497
372642770_left_neural_foraminal_narrowing_l5_s1,0.9446350932121277,0.05029502511024475,0.005069843493402004
372642770_left_subarticular_stenosis_l1_l2,0.9998647570610046,7.165494025684893e-05,6.358723476296291e-05
372642770_left_subarticular_stenosis_l2_l3,0.999790370464325,0.00014655081031378359,6.305345596047118e-05
372642770_left_subarticular_stenosis_l3_l4,0.9580055475234985,0.04109058529138565,0.0009038812713697553
372642770_left_subarticular_stenosis_l4_l5,0.7019804120063782,0.2885083258152008,0.009511263109743595
372642770_left_subarticular_stenosis_l5_s1,0.9446350932121277,0.05029502511024475,0.005069843493402004
372642770_right_neural_foraminal_narrowing_l1_l2,0.999835193157196,0.0001498567871749401,1.4974008990975562e-05
372642770_right_neural_foraminal_narrowing_l2_l3,0.9997624754905701,0.00022541898943018168,1.2082799912604969e-05
372642770_right_neural_foraminal_narrowing_l3_l4,0.9900570511817932,0.00980506930500269,0.0001379309978801757
372642770_right_neural_foraminal_narrowing_l4_l5,0.999835193157196,0.0001498567871749401,1.4974008990975562e-05
372642770_right_neural_foraminal_narrowing_l5_s1,0.999835193157196,0.0001498567871749401,1.4974008990975562e-05
372642770_right_subarticular_stenosis_l1_l2,0.9998510479927063,8.781095675658435e-05,6.114665302447975e-05
372642770_right_subarticular_stenosis_l2_l3,0.9997510313987732,0.00019259079999756068,5.638605944113806e-05
372642770_right_subarticular_stenosis_l3_l4,0.9877651929855347,0.011873839423060417,0.00036101380828768015
372642770_right_subarticular_stenosis_l4_l5,0.9446350932121277,0.05029502511024475,0.005069843493402004
372642770_right_subarticular_stenosis_l5_s1,0.9877651929855347,0.011873839423060417,0.00036101380828768015
372642770_spinal_canal_stenosis_l1_l2,0.9999831914901733,8.621159395261202e-06,8.168939530150965e-06
372642770_spinal_canal_stenosis_l2_l3,0.999982476234436,1.0338761057937518e-05,7.22190588930971e-06
372642770_spinal_canal_stenosis_l3_l4,0.9999743103981018,1.8389309843769297e-05,7.317123618122423e-06
372642770_spinal_canal_stenosis_l4_l5,0.9998167753219604,0.00014963756257202476,3.355884473421611e-05
372642770_spinal_canal_stenosis_l5_s1,0.999943733215332,3.750130781554617e-05,1.8723381799645722e-05
375720624_left_neural_foraminal_narrowing_l1_l2,0.999921977519989,6.943492189748213e-05,8.582488590036519e-06
375720624_left_neural_foraminal_narrowing_l2_l3,0.999856173992157,0.0001372173719573766,6.564568138855975e-06
375720624_left_neural_foraminal_narrowing_l3_l4,0.9952652454376221,0.004697175230830908,3.7537603930104524e-05
375720624_left_neural_foraminal_narrowing_l4_l5,0.9466676115989685,0.052983131259679794,0.00034924279316328466
375720624_left_neural_foraminal_narrowing_l5_s1,0.7084545493125916,0.28622937202453613,0.005316127557307482
375720624_left_subarticular_stenosis_l1_l2,0.9998987913131714,5.073039937997237e-05,5.049058381700888e-05
375720624_left_subarticular_stenosis_l2_l3,0.9997663497924805,0.0001852440764196217,4.839633766096085e-05
375720624_left_subarticular_stenosis_l3_l4,0.9957363605499268,0.0040809884667396545,0.00018274805916007608
375720624_left_subarticular_stenosis_l4_l5,0.5749530792236328,0.41344064474105835,0.011606298387050629
375720624_left_subarticular_stenosis_l5_s1,0.04753861203789711,0.4801320731639862,0.4723292887210846
375720624_right_neural_foraminal_narrowing_l1_l2,0.9998582601547241,0.00013424774806480855,7.499862476834096e-06
375720624_right_neural_foraminal_narrowing_l2_l3,0.999812126159668,0.00018196179007645696,5.9478920775291044e-06
375720624_right_neural_foraminal_narrowing_l3_l4,0.9980670213699341,0.0019088324625045061,2.4159820895874873e-05
375720624_right_neural_foraminal_narrowing_l4_l5,0.8545779585838318,0.144660085439682,0.0007619609241373837
375720624_right_neural_foraminal_narrowing_l5_s1,0.9925553202629089,0.007269116584211588,0.0001755470730131492
375720624_right_subarticular_stenosis_l1_l2,0.9999310970306396,3.519528763717972e-05,3.372267019585706e-05
375720624_right_subarticular_stenosis_l2_l3,0.9996445775032043,0.00030062368023209274,5.486521331476979e-05
375720624_right_subarticular_stenosis_l3_l4,0.9915837049484253,0.00814836472272873,0.0002679167373571545
375720624_right_subarticular_stenosis_l4_l5,0.7942410707473755,0.20165912806987762,0.004099822137504816
375720624_right_subarticular_stenosis_l5_s1,0.9366105198860168,0.06033053994178772,0.0030589059460908175
375720624_spinal_canal_stenosis_l1_l2,0.9999797940254211,1.0146169188374188e-05,1.010329469863791e-05
375720624_spinal_canal_stenosis_l2_l3,0.9999778270721436,1.4817203009442892e-05,7.2741745498206e-06
375720624_spinal_canal_stenosis_l3_l4,0.9999362230300903,5.09443307237234e-05,1.2923706890433095e-05
375720624_spinal_canal_stenosis_l4_l5,0.9998570084571838,0.00011427100253058597,2.8735063096974045e-05
375720624_spinal_canal_stenosis_l5_s1,0.9998725652694702,9.076858259504661e-05,3.669124635052867e-05
375877945_left_neural_foraminal_narrowing_l1_l2,0.9996469616889954,0.0003395192325115204,1.3517114894057158e-05
375877945_left_neural_foraminal_narrowing_l2_l3,0.9309546947479248,0.0687362402677536,0.0003090569225605577
375877945_left_neural_foraminal_narrowing_l3_l4,0.9446350932121277,0.05029502511024475,0.005069843493402004
375877945_left_neural_foraminal_narrowing_l4_l5,0.9446350932121277,0.05029502511024475,0.005069843493402004
375877945_left_neural_foraminal_narrowing_l5_s1,0.9446350932121277,0.05029502511024475,0.005069843493402004
375877945_left_subarticular_stenosis_l1_l2,0.9997089505195618,0.0002290029515279457,6.207911064848304e-05
375877945_left_subarticular_stenosis_l2_l3,0.8937771916389465,0.10407678782939911,0.002146044746041298
375877945_left_subarticular_stenosis_l3_l4,0.9877651929855347,0.011873839423060417,0.00036101380828768015
375877945_left_subarticular_stenosis_l4_l5,0.9877651929855347,0.011873839423060417,0.00036101380828768015
375877945_left_subarticular_stenosis_l5_s1,0.7041963338851929,0.27065661549568176,0.025147056207060814
375877945_right_neural_foraminal_narrowing_l1_l2,0.9997580051422119,0.00023370410781353712,8.282948328997009e-06
375877945_right_neural_foraminal_narrowing_l2_l3,0.9980602860450745,0.0019172392785549164,2.2519716367241926e-05
375877945_right_neural_foraminal_narrowing_l3_l4,0.9877651929855347,0.011873839423060417,0.00036101380828768015
375877945_right_neural_foraminal_narrowing_l4_l5,0.9446350932121277,0.05029502511024475,0.005069843493402004
375877945_right_neural_foraminal_narrowing_l5_s1,0.9446350932121277,0.05029502511024475,0.005069843493402004
375877945_right_subarticular_stenosis_l1_l2,0.9998301267623901,0.0001243125443579629,4.5513010263675824e-05
375877945_right_subarticular_stenosis_l2_l3,0.9907974600791931,0.008917064405977726,0.0002855175989679992
375877945_right_subarticular_stenosis_l3_l4,0.9877651929855347,0.011873839423060417,0.00036101380828768015
375877945_right_subarticular_stenosis_l4_l5,0.9877651929855347,0.011873839423060417,0.00036101380828768015
375877945_right_subarticular_stenosis_l5_s1,0.5921791195869446,0.37634196877479553,0.03147881478071213
375877945_spinal_canal_stenosis_l1_l2,0.9999709725379944,1.8080912923323922e-05,1.0935269528999925e-05
375877945_spinal_canal_stenosis_l2_l3,0.99931401014328,0.0006353599019348621,5.061856427346356e-05
375877945_spinal_canal_stenosis_l3_l4,0.5586256980895996,0.431572824716568,0.009801422245800495
375877945_spinal_canal_stenosis_l4_l5,0.5113886594772339,0.45967161655426025,0.02893967740237713
375877945_spinal_canal_stenosis_l5_s1,0.9981319308280945,0.001597163500264287,0.0002708713582251221
376048062_left_neural_foraminal_narrowing_l1_l2,0.9997557401657104,0.0002283302164869383,1.599209826963488e-05
376048062_left_neural_foraminal_narrowing_l2_l3,0.9980277419090271,0.0019292131764814258,4.315417027100921e-05
376048062_left_neural_foraminal_narrowing_l3_l4,0.9939317107200623,0.0060004726983606815,6.787035090383142e-05
376048062_left_neural_foraminal_narrowing_l4_l5,0.6925488114356995,0.30402112007141113,0.0034300899133086205
376048062_left_neural_foraminal_narrowing_l5_s1,0.9736928939819336,0.025096002966165543,0.0012110748793929815
376048062_left_subarticular_stenosis_l1_l2,0.9991227984428406,0.0007594927446916699,0.00011764906230382621
376048062_left_subarticular_stenosis_l2_l3,0.9924235343933105,0.007181452587246895,0.0003949643869418651
376048062_left_subarticular_stenosis_l3_l4,0.9950370192527771,0.004724461585283279,0.00023848871933296323
376048062_left_subarticular_stenosis_l4_l5,0.44880130887031555,0.5133506655693054,0.0378480926156044
376048062_left_subarticular_stenosis_l5_s1,0.9801896810531616,0.018494287505745888,0.0013159728841856122
376048062_right_neural_foraminal_narrowing_l1_l2,0.9994688034057617,0.0005050339386798441,2.6192155928583816e-05
376048062_right_neural_foraminal_narrowing_l2_l3,0.9847196340560913,0.015096127055585384,0.00018421495042275637
376048062_right_neural_foraminal_narrowing_l3_l4,0.981670081615448,0.01817195490002632,0.0001579200179548934
376048062_right_neural_foraminal_narrowing_l4_l5,0.7963908314704895,0.20035351812839508,0.0032557151280343533
376048062_right_neural_foraminal_narrowing_l5_s1,0.9898543953895569,0.009611363522708416,0.0005343118100427091
376048062_right_subarticular_stenosis_l1_l2,0.9983824491500854,0.0014480293029919267,0.0001695152895990759
376048062_right_subarticular_stenosis_l2_l3,0.9839687347412109,0.015350141562521458,0.0006810891791246831
376048062_right_subarticular_stenosis_l3_l4,0.9798603653907776,0.01939953677356243,0.0007400710601359606
376048062_right_subarticular_stenosis_l4_l5,0.5581422448158264,0.41788458824157715,0.023973187431693077
376048062_right_subarticular_stenosis_l5_s1,0.9814068675041199,0.016899963840842247,0.0016931435093283653
376048062_spinal_canal_stenosis_l1_l2,0.999855637550354,0.00011375796748325229,3.0604111088905483e-05
376048062_spinal_canal_stenosis_l2_l3,0.9997016787528992,0.0002582490851636976,4.007768438896164e-05
376048062_spinal_canal_stenosis_l3_l4,0.9999387264251709,4.799060116056353e-05,1.320838782703504e-05
376048062_spinal_canal_stenosis_l4_l5,0.9998636245727539,0.00011266313231317326,2.3742095436318778e-05
376048062_spinal_canal_stenosis_l5_s1,0.9998971819877625,6.726357969455421e-05,3.556464798748493e-05
376657226_left_neural_foraminal_narrowing_l1_l2,0.9998863339424133,0.00010628587915562093,7.404332336591324e-06
376657226_left_neural_foraminal_narrowing_l2_l3,0.9992085695266724,0.0007772443350404501,1.4160218597680796e-05
376657226_left_neural_foraminal_narrowing_l3_l4,0.1692458689212799,0.8209466934204102,0.009807449765503407
376657226_left_neural_foraminal_narrowing_l4_l5,0.6066177487373352,0.389566570520401,0.0038156420923769474
376657226_left_neural_foraminal_narrowing_l5_s1,0.6893761157989502,0.3056343197822571,0.004989550914615393
376657226_left_subarticular_stenosis_l1_l2,0.9999150037765503,4.341208841651678e-05,4.161963443038985e-05
376657226_left_subarticular_stenosis_l2_l3,0.9998283386230469,0.00013499708438757807,3.666954944492318e-05
376657226_left_subarticular_stenosis_l3_l4,0.6312375664710999,0.3592883348464966,0.009474093094468117
376657226_left_subarticular_stenosis_l4_l5,0.8777391314506531,0.11950714141130447,0.002753724344074726
376657226_left_subarticular_stenosis_l5_s1,0.994854748249054,0.004834196530282497,0.00031110155396163464
376657226_right_neural_foraminal_narrowing_l1_l2,0.9999298453330994,6.099056190578267e-05,9.17706529435236e-06
376657226_right_neural_foraminal_narrowing_l2_l3,0.9996612668037415,0.0003274211776442826,1.1330475899740122e-05
376657226_right_neural_foraminal_narrowing_l3_l4,0.5014556646347046,0.49616122245788574,0.002383132930845022
376657226_right_neural_foraminal_narrowing_l4_l5,0.7317626476287842,0.2659606635570526,0.0022767060436308384
376657226_right_neural_foraminal_narrowing_l5_s1,0.8090798258781433,0.1880047768354416,0.0029153330251574516
376657226_right_subarticular_stenosis_l1_l2,0.9999224543571472,3.37251003657002e-05,4.3797735997941345e-05
376657226_right_subarticular_stenosis_l2_l3,0.9998583197593689,0.00011381828517187387,2.7827682060888037e-05
376657226_right_subarticular_stenosis_l3_l4,0.7182340025901794,0.2748732566833496,0.006892751902341843
376657226_right_subarticular_stenosis_l4_l5,0.9296137094497681,0.06860130280256271,0.0017849734285846353
376657226_right_subarticular_stenosis_l5_s1,0.9962589740753174,0.0034679488744586706,0.0002730326959863305
376657226_spinal_canal_stenosis_l1_l2,0.9999861121177673,7.62822992328438e-06,6.216705514816567e-06
376657226_spinal_canal_stenosis_l2_l3,0.9999856352806091,9.877448974293657e-06,4.471380179893458e-06
376657226_spinal_canal_stenosis_l3_l4,0.9998959302902222,9.002652950584888e-05,1.4114828445599414e-05
376657226_spinal_canal_stenosis_l4_l5,0.9999700784683228,2.0601311916834675e-05,9.291617971030064e-06
376657226_spinal_canal_stenosis_l5_s1,0.9999815225601196,8.20465174911078e-06,1.0230385669274256e-05
376723024_left_neural_foraminal_narrowing_l1_l2,0.9999265074729919,6.829395715612918e-05,5.217460056883283e-06
376723024_left_neural_foraminal_narrowing_l2_l3,0.9996447563171387,0.00034362979931756854,1.150491698354017e-05
376723024_left_neural_foraminal_narrowing_l3_l4,0.9902554750442505,0.009651830419898033,9.270376176573336e-05
376723024_left_neural_foraminal_narrowing_l4_l5,0.6137548685073853,0.38325759768486023,0.0029875480104237795
376723024_left_neural_foraminal_narrowing_l5_s1,0.9972606897354126,0.0026379197370260954,0.00010137084609596059
376723024_left_subarticular_stenosis_l1_l2,0.999932587146759,5.512039570021443e-05,1.2257647540536709e-05
376723024_left_subarticular_stenosis_l2_l3,0.9996577501296997,0.0003162012144457549,2.614410550449975e-05
376723024_left_subarticular_stenosis_l3_l4,0.959155261516571,0.03952085226774216,0.0013239572290331125
376723024_left_subarticular_stenosis_l4_l5,0.053529951721429825,0.6507052183151245,0.2957648038864136
376723024_left_subarticular_stenosis_l5_s1,0.9946573376655579,0.004860245157033205,0.0004824365605600178
376723024_right_neural_foraminal_narrowing_l1_l2,0.9999494552612305,4.549188452074304e-05,5.036306902184151e-06
376723024_right_neural_foraminal_narrowing_l2_l3,0.9999000430107117,9.52242044149898e-05,4.785568762599723e-06
376723024_right_neural_foraminal_narrowing_l3_l4,0.9961901307106018,0.0037654011975973845,4.444552541826852e-05
376723024_right_neural_foraminal_narrowing_l4_l5,0.726180911064148,0.27205657958984375,0.0017625258769840002
376723024_right_neural_foraminal_narrowing_l5_s1,0.9956469535827637,0.004224014934152365,0.0001290442596655339
376723024_right_subarticular_stenosis_l1_l2,0.9999272227287292,5.4910513426875696e-05,1.7839438442024402e-05
376723024_right_subarticular_stenosis_l2_l3,0.9998568296432495,0.0001277822011616081,1.542468453408219e-05
376723024_right_subarticular_stenosis_l3_l4,0.9917118549346924,0.007852969691157341,0.00043508646194823086
376723024_right_subarticular_stenosis_l4_l5,0.0037796825636178255,0.31426283717155457,0.6819574236869812
376723024_right_subarticular_stenosis_l5_s1,0.9871112108230591,0.012071729637682438,0.0008171048830263317
376723024_spinal_canal_stenosis_l1_l2,0.9998743534088135,2.5385048502357677e-05,0.00010021579510066658
376723024_spinal_canal_stenosis_l2_l3,0.9999396204948425,2.438480623823125e-05,3.600984564400278e-05
376723024_spinal_canal_stenosis_l3_l4,0.9999694228172302,2.1962572645861655e-05,8.603319656685926e-06
376723024_spinal_canal_stenosis_l4_l5,0.9648605585098267,0.033436428755521774,0.0017031003953889012
376723024_spinal_canal_stenosis_l5_s1,0.9999710917472839,1.675031307968311e-05,1.2117574442527257e-05
377474930_left_neural_foraminal_narrowing_l1_l2,0.9977767467498779,0.0021716959308832884,5.154715836397372e-05
377474930_left_neural_foraminal_narrowing_l2_l3,0.9629107713699341,0.03668137639760971,0.00040781035204418004
377474930_left_neural_foraminal_narrowing_l3_l4,0.06751381605863571,0.831065833568573,0.10142035037279129
377474930_left_neural_foraminal_narrowing_l4_l5,0.012506658211350441,0.4820493757724762,0.5054438710212708
377474930_left_neural_foraminal_narrowing_l5_s1,0.04297928884625435,0.594642162322998,0.3623785078525543
377474930_left_subarticular_stenosis_l1_l2,0.9981974363327026,0.0016526507679373026,0.00014990636555012316
377474930_left_subarticular_stenosis_l2_l3,0.8513819575309753,0.145212322473526,0.0034057239536195993
377474930_left_subarticular_stenosis_l3_l4,0.1252538114786148,0.6679469347000122,0.2067992389202118
377474930_left_subarticular_stenosis_l4_l5,0.000205564996576868,0.022313954308629036,0.9774805307388306
377474930_left_subarticular_stenosis_l5_s1,0.10125125199556351,0.5387421250343323,0.3600066602230072
377474930_right_neural_foraminal_narrowing_l1_l2,0.9996636509895325,0.00031739877886138856,1.8949149307445623e-05
377474930_right_neural_foraminal_narrowing_l2_l3,0.9876378774642944,0.012218843214213848,0.00014332027058117092
377474930_right_neural_foraminal_narrowing_l3_l4,0.9386715292930603,0.060790251940488815,0.0005381843075156212
377474930_right_neural_foraminal_narrowing_l4_l5,0.25768008828163147,0.7101334929466248,0.03218640387058258
377474930_right_neural_foraminal_narrowing_l5_s1,0.0028123734518885612,0.16728121042251587,0.8299064636230469
377474930_right_subarticular_stenosis_l1_l2,0.9995925426483154,0.0003136254090350121,9.385460725752637e-05
377474930_right_subarticular_stenosis_l2_l3,0.8933833241462708,0.10371923446655273,0.002897382015362382
377474930_right_subarticular_stenosis_l3_l4,0.7206507921218872,0.27011290192604065,0.00923631526529789
377474930_right_subarticular_stenosis_l4_l5,0.0008662009495310485,0.08666309714317322,0.9124706983566284
377474930_right_subarticular_stenosis_l5_s1,0.03177008777856827,0.4636100232601166,0.504619836807251
377474930_spinal_canal_stenosis_l1_l2,0.9999567866325378,3.100364483543672e-05,1.2215340575494338e-05
377474930_spinal_canal_stenosis_l2_l3,0.9750758409500122,0.02405509352684021,0.0008689708192832768
377474930_spinal_canal_stenosis_l3_l4,0.5825062394142151,0.40100228786468506,0.016491472721099854
377474930_spinal_canal_stenosis_l4_l5,0.0011583573650568724,0.026403581723570824,0.9724380373954773
377474930_spinal_canal_stenosis_l5_s1,0.7532997727394104,0.20150722563266754,0.04519305005669594
377653138_left_neural_foraminal_narrowing_l1_l2,0.999947726726532,4.955830445396714e-05,2.796647777358885e-06
377653138_left_neural_foraminal_narrowing_l2_l3,0.9955899715423584,0.0043752240017056465,3.4873195545515046e-05
377653138_left_neural_foraminal_narrowing_l3_l4,0.5307124853134155,0.46719327569007874,0.002094160532578826
377653138_left_neural_foraminal_narrowing_l4_l5,0.34304648637771606,0.6497982144355774,0.007155352272093296
377653138_left_neural_foraminal_narrowing_l5_s1,0.8425924777984619,0.15420414507389069,0.003203409956768155
377653138_left_subarticular_stenosis_l1_l2,0.9998565316200256,0.0001258501724805683,1.7682432371657342e-05
377653138_left_subarticular_stenosis_l2_l3,0.8293527364730835,0.16797398030757904,0.0026733246631920338
377653138_left_subarticular_stenosis_l3_l4,0.04632535204291344,0.6716645956039429,0.28201013803482056
377653138_left_subarticular_stenosis_l4_l5,0.000413941394072026,0.14219413697719574,0.8573919534683228
377653138_left_subarticular_stenosis_l5_s1,0.9871535897254944,0.012299616821110249,0.0005468142917379737
377653138_right_neural_foraminal_narrowing_l1_l2,0.999926745891571,6.733835471095517e-05,5.909458195674233e-06
377653138_right_neural_foraminal_narrowing_l2_l3,0.9979873299598694,0.001989280339330435,2.331600626348518e-05
377653138_right_neural_foraminal_narrowing_l3_l4,0.7246679663658142,0.2742413282394409,0.0010906505631282926
377653138_right_neural_foraminal_narrowing_l4_l5,0.1406562477350235,0.8359802961349487,0.023363491520285606
377653138_right_neural_foraminal_narrowing_l5_s1,0.9167434573173523,0.08161783218383789,0.0016386359930038452
377653138_right_subarticular_stenosis_l1_l2,0.9998569488525391,0.00012469597277231514,1.832531597756315e-05
377653138_right_subarticular_stenosis_l2_l3,0.928317666053772,0.07060306519269943,0.0010793200926855206
377653138_right_subarticular_stenosis_l3_l4,0.2017744779586792,0.7433687448501587,0.05485678091645241
377653138_right_subarticular_stenosis_l4_l5,0.0007997116772457957,0.19118501245975494,0.8080152273178101
377653138_right_subarticular_stenosis_l5_s1,0.9542422890663147,0.04426002874970436,0.0014977037208154798
377653138_spinal_canal_stenosis_l1_l2,0.9999773502349854,7.2659340730751865e-06,1.540420089440886e-05
377653138_spinal_canal_stenosis_l2_l3,0.9998840689659119,0.00010376401769462973,1.2127361515013035e-05
377653138_spinal_canal_stenosis_l3_l4,0.9906491637229919,0.008962126448750496,0.0003887141647282988
377653138_spinal_canal_stenosis_l4_l5,0.4188942015171051,0.5544805526733398,0.026625191792845726
377653138_spinal_canal_stenosis_l5_s1,0.9999850392341614,6.849742931080982e-06,8.06900152383605e-06
379677390_left_neural_foraminal_narrowing_l1_l2,0.9999372959136963,5.8723697293316945e-05,3.967028533224948e-06
379677390_left_neural_foraminal_narrowing_l2_l3,0.9997698664665222,0.00022169732255861163,8.447462278127205e-06
379677390_left_neural_foraminal_narrowing_l3_l4,0.9954917430877686,0.004460528027266264,4.772589818458073e-05
379677390_left_neural_foraminal_narrowing_l4_l5,0.7201910018920898,0.2784557044506073,0.0013533473247662187
379677390_left_neural_foraminal_narrowing_l5_s1,0.6573737859725952,0.3377150595188141,0.004911148454993963
379677390_left_subarticular_stenosis_l1_l2,0.9998376369476318,0.00013001270417589694,3.2257386919809505e-05
379677390_left_subarticular_stenosis_l2_l3,0.9998688697814941,8.614399848738685e-05,4.5017965021543205e-05
379677390_left_subarticular_stenosis_l3_l4,0.9997017979621887,0.0002579533902462572,4.027221439173445e-05
379677390_left_subarticular_stenosis_l4_l5,0.9852566123008728,0.014325223863124847,0.00041804619831964374
379677390_left_subarticular_stenosis_l5_s1,0.9691934585571289,0.02969195507466793,0.0011144939344376326
379677390_right_neural_foraminal_narrowing_l1_l2,0.9999224543571472,7.271629146998748e-05,4.7558969527017325e-06
379677390_right_neural_foraminal_narrowing_l2_l3,0.9996437430381775,0.000345592008670792,1.0614856364554726e-05
379677390_right_neural_foraminal_narrowing_l3_l4,0.977780818939209,0.02205083705484867,0.00016835250426083803
379677390_right_neural_foraminal_narrowing_l4_l5,0.8533201813697815,0.1455988734960556,0.0010809520026668906
379677390_right_neural_foraminal_narrowing_l5_s1,0.3580010235309601,0.6133280396461487,0.0286709051579237
379677390_right_subarticular_stenosis_l1_l2,0.9999642968177795,2.9332733902265318e-05,6.358613518386846e-06
379677390_right_subarticular_stenosis_l2_l3,0.9998742341995239,9.739731467561796e-05,2.8354763344395906e-05
379677390_right_subarticular_stenosis_l3_l4,0.9989173412322998,0.0010215124348178506,6.114874122431502e-05
379677390_right_subarticular_stenosis_l4_l5,0.9933361411094666,0.006422430742532015,0.00024147727526724339
379677390_right_subarticular_stenosis_l5_s1,0.971036434173584,0.027822449803352356,0.0011410866864025593
379677390_spinal_canal_stenosis_l1_l2,0.9992067813873291,0.000636362237855792,0.00015689647989347577
379677390_spinal_canal_stenosis_l2_l3,0.9999731183052063,1.785274980647955e-05,8.971281204139814e-06
379677390_spinal_canal_stenosis_l3_l4,0.9999812245368958,1.128440271713771e-05,7.452610589098185e-06
379677390_spinal_canal_stenosis_l4_l5,0.9999809265136719,9.621611752663739e-06,9.418153240403626e-06
379677390_spinal_canal_stenosis_l5_s1,0.9999770522117615,1.0620328794175293e-05,1.2327272088441532e-05
38281420_left_neural_foraminal_narrowing_l1_l2,0.9982736706733704,0.0016971775330603123,2.9191145586082712e-05
38281420_left_neural_foraminal_narrowing_l2_l3,0.9333548545837402,0.06628801673650742,0.0003570516419131309
38281420_left_neural_foraminal_narrowing_l3_l4,0.6805984973907471,0.31788304448127747,0.0015183923533186316
38281420_left_neural_foraminal_narrowing_l4_l5,0.09348767250776291,0.8500434160232544,0.05646893009543419
38281420_left_neural_foraminal_narrowing_l5_s1,0.2370181828737259,0.6842963099479675,0.07868549972772598
38281420_left_subarticular_stenosis_l1_l2,0.9782690405845642,0.020924152806401253,0.000806893571279943
38281420_left_subarticular_stenosis_l2_l3,0.4825865924358368,0.5009110569953918,0.01650240831077099
38281420_left_subarticular_stenosis_l3_l4,0.5099114775657654,0.4746094346046448,0.015479140914976597
38281420_left_subarticular_stenosis_l4_l5,0.006619382183998823,0.3854241669178009,0.6079564690589905
38281420_left_subarticular_stenosis_l5_s1,0.00827233586460352,0.3256724774837494,0.6660552024841309
38281420_right_neural_foraminal_narrowing_l1_l2,0.9972789883613586,0.0026906083803623915,3.0373152185347863e-05
38281420_right_neural_foraminal_narrowing_l2_l3,0.9605571031570435,0.039229635149240494,0.00021334509074222296
38281420_right_neural_foraminal_narrowing_l3_l4,0.8713378310203552,0.1280638426542282,0.0005982674774713814
38281420_right_neural_foraminal_narrowing_l4_l5,0.19720587134361267,0.7864968776702881,0.01629730314016342
38281420_right_neural_foraminal_narrowing_l5_s1,0.01848234049975872,0.5424887537956238,0.43902891874313354
38281420_right_subarticular_stenosis_l1_l2,0.9898350834846497,0.009770954959094524,0.0003939800662919879
38281420_right_subarticular_stenosis_l2_l3,0.4949686527252197,0.4906879663467407,0.01434340886771679
38281420_right_subarticular_stenosis_l3_l4,0.4916948974132538,0.48733338713645935,0.020971661433577538
38281420_right_subarticular_stenosis_l4_l5,0.03737395256757736,0.5898476839065552,0.37277835607528687
38281420_right_subarticular_stenosis_l5_s1,0.003010464832186699,0.23716270923614502,0.7598267793655396
38281420_spinal_canal_stenosis_l1_l2,0.9997580647468567,0.00020965356088709086,3.22564592352137e-05
38281420_spinal_canal_stenosis_l2_l3,0.9997451305389404,0.00022063877258915454,3.419843051233329e-05
38281420_spinal_canal_stenosis_l3_l4,0.9999040961265564,7.786804781062528e-05,1.8091343008563854e-05
38281420_spinal_canal_stenosis_l4_l5,0.9967072606086731,0.0028787299524992704,0.00041406298987567425
38281420_spinal_canal_stenosis_l5_s1,0.9971641898155212,0.0021469828207045794,0.000688852509483695
385414562_left_neural_foraminal_narrowing_l1_l2,0.9998014569282532,0.00018797889060806483,1.0524189747229684e-05
385414562_left_neural_foraminal_narrowing_l2_l3,0.9988579750061035,0.0011211954988539219,2.087942630168982e-05
385414562_left_neural_foraminal_narrowing_l3_l4,0.9842142462730408,0.015640677884221077,0.00014507537707686424
385414562_left_neural_foraminal_narrowing_l4_l5,0.89378821849823,0.10523082315921783,0.000980969867669046
385414562_left_neural_foraminal_narrowing_l5_s1,0.9957184195518494,0.004057264421135187,0.0002243675698991865
385414562_left_subarticular_stenosis_l1_l2,0.9997721910476685,0.00014996947720646858,7.783592445775867e-05
385414562_left_subarticular_stenosis_l2_l3,0.9992591738700867,0.0006604351219721138,8.037552470341325e-05
385414562_left_subarticular_stenosis_l3_l4,0.9691800475120544,0.03016095981001854,0.0006591168930754066
385414562_left_subarticular_stenosis_l4_l5,0.6496888399124146,0.3390676975250244,0.011243490502238274
385414562_left_subarticular_stenosis_l5_s1,0.9944717884063721,0.00456275837495923,0.0009653873858042061
385414562_right_neural_foraminal_narrowing_l1_l2,0.9998953342437744,9.580126061337069e-05,8.895172868506052e-06
385414562_right_neural_foraminal_narrowing_l2_l3,0.9991470575332642,0.0008330682176165283,1.991219869523775e-05
385414562_right_neural_foraminal_narrowing_l3_l4,0.9875204563140869,0.012342028319835663,0.00013746660260949284
385414562_right_neural_foraminal_narrowing_l4_l5,0.939736545085907,0.05956129729747772,0.000702124962117523
385414562_right_neural_foraminal_narrowing_l5_s1,0.9630329608917236,0.033399298787117004,0.003567678853869438
385414562_right_subarticular_stenosis_l1_l2,0.9998868703842163,6.423199374694377e-05,4.8870639147935435e-05
385414562_right_subarticular_stenosis_l2_l3,0.9982209801673889,0.001700334483757615,7.857574382796884e-05
385414562_right_subarticular_stenosis_l3_l4,0.9212983250617981,0.07738915830850601,0.0013125708792358637
385414562_right_subarticular_stenosis_l4_l5,0.8361076712608337,0.1603909432888031,0.0035013449378311634
385414562_right_subarticular_stenosis_l5_s1,0.9850171804428101,0.01332121156156063,0.0016615168424323201
385414562_spinal_canal_stenosis_l1_l2,0.9999589323997498,2.8743854272761382e-05,1.2305213203944732e-05
385414562_spinal_canal_stenosis_l2_l3,0.999947190284729,4.122977043152787e-05,1.155827339971438e-05
385414562_spinal_canal_stenosis_l3_l4,0.9999356865882874,5.163561218068935e-05,1.259547752852086e-05
385414562_spinal_canal_stenosis_l4_l5,0.9998968839645386,7.653570355614647e-05,2.6523839551373385e-05
385414562_spinal_canal_stenosis_l5_s1,0.999679684638977,0.00024265021784231067,7.770380761940032e-05
455813081_left_neural_foraminal_narrowing_l1_l2,0.9998971819877625,9.456094267079607e-05,8.287356649816502e-06
455813081_left_neural_foraminal_narrowing_l2_l3,0.9998127818107605,0.00017920757818501443,7.981193448358681e-06
455813081_left_neural_foraminal_narrowing_l3_l4,0.9980574250221252,0.001920856535434723,2.1702182493754663e-05
455813081_left_neural_foraminal_narrowing_l4_l5,0.9673420190811157,0.03231623023748398,0.00034165900433436036
455813081_left_neural_foraminal_narrowing_l5_s1,0.9933534264564514,0.006357620004564524,0.0002889990573748946
455813081_left_subarticular_stenosis_l1_l2,0.9998267292976379,8.686194632900879e-05,8.64435569383204e-05
455813081_left_subarticular_stenosis_l2_l3,0.9997437000274658,0.0001696184917818755,8.674088167026639e-05
455813081_left_subarticular_stenosis_l3_l4,0.9874605536460876,0.011927319690585136,0.0006122105987742543
455813081_left_subarticular_stenosis_l4_l5,0.4276275634765625,0.5462185144424438,0.026153840124607086
455813081_left_subarticular_stenosis_l5_s1,0.9970257878303528,0.0025092826690524817,0.0004649201291613281
455813081_right_neural_foraminal_narrowing_l1_l2,0.9998832941055298,0.00010550319711910561,1.1201484085177071e-05
455813081_right_neural_foraminal_narrowing_l2_l3,0.999840259552002,0.00014991276839282364,9.861698345048353e-06
455813081_right_neural_foraminal_narrowing_l3_l4,0.9940401911735535,0.005884489044547081,7.536725752288476e-05
455813081_right_neural_foraminal_narrowing_l4_l5,0.9400113224983215,0.05946777015924454,0.0005208256188780069
455813081_right_neural_foraminal_narrowing_l5_s1,0.9921994805335999,0.007535765878856182,0.00026468216674402356
455813081_right_subarticular_stenosis_l1_l2,0.9998635053634644,6.384924927260727e-05,7.267417095135897e-05
455813081_right_subarticular_stenosis_l2_l3,0.9997382760047913,0.00016695911472197622,9.478858555667102e-05
455813081_right_subarticular_stenosis_l3_l4,0.9635286927223206,0.035230595618486404,0.001240731100551784
455813081_right_subarticular_stenosis_l4_l5,0.26176679134368896,0.685568630695343,0.05266460031270981
455813081_right_subarticular_stenosis_l5_s1,0.9972406625747681,0.0024098986759781837,0.00034945280640386045
455813081_spinal_canal_stenosis_l1_l2,0.9999502301216125,2.953144758066628e-05,2.023242268478498e-05
455813081_spinal_canal_stenosis_l2_l3,0.9999393820762634,4.079466452822089e-05,1.9812045138678513e-05
455813081_spinal_canal_stenosis_l3_l4,0.9998078942298889,0.0001589118764968589,3.3101732697105035e-05
455813081_spinal_canal_stenosis_l4_l5,0.9998626708984375,0.00010367081995354965,3.372583887539804e-05
455813081_spinal_canal_stenosis_l5_s1,0.9998464584350586,0.00010598215158097446,4.756548150908202e-05
458625588_left_neural_foraminal_narrowing_l1_l2,0.999717652797699,0.00026881968369707465,1.3466496056935284e-05
458625588_left_neural_foraminal_narrowing_l2_l3,0.9638421535491943,0.035792265087366104,0.0003655613400042057
458625588_left_neural_foraminal_narrowing_l3_l4,0.08774083852767944,0.8072930574417114,0.10496608912944794
458625588_left_neural_foraminal_narrowing_l4_l5,0.08938423544168472,0.6687223315238953,0.2418934553861618
458625588_left_neural_foraminal_narrowing_l5_s1,0.875409722328186,0.11904596537351608,0.00554430577903986
458625588_left_subarticular_stenosis_l1_l2,0.9990241527557373,0.0008658045553602278,0.00011014137271558866
458625588_left_subarticular_stenosis_l2_l3,0.4625266194343567,0.5159595012664795,0.021513814106583595
458625588_left_subarticular_stenosis_l3_l4,8.637880819151178e-05,0.022123759612441063,0.9777898788452148
458625588_left_subarticular_stenosis_l4_l5,1.5321878890972584e-05,0.002241560723632574,0.9977430701255798
458625588_left_subarticular_stenosis_l5_s1,0.3227710425853729,0.5900667905807495,0.08716216683387756
458625588_right_neural_foraminal_narrowing_l1_l2,0.999840259552002,0.0001517195487394929,8.025252100196667e-06
458625588_right_neural_foraminal_narrowing_l2_l3,0.9921346306800842,0.007811274845153093,5.4181462473934516e-05
458625588_right_neural_foraminal_narrowing_l3_l4,0.1219768226146698,0.8228243589401245,0.055198848247528076
458625588_right_neural_foraminal_narrowing_l4_l5,0.031193075701594353,0.5908963084220886,0.3779105842113495
458625588_right_neural_foraminal_narrowing_l5_s1,0.7749958634376526,0.2155948132276535,0.009409281425178051
458625588_right_subarticular_stenosis_l1_l2,0.9995203018188477,0.0003968303499277681,8.293745486298576e-05
458625588_right_subarticular_stenosis_l2_l3,0.9055202603340149,0.09253790974617004,0.0019417463336139917
458625588_right_subarticular_stenosis_l3_l4,5.278970638755709e-05,0.012905594892799854,0.9870415925979614
458625588_right_subarticular_stenosis_l4_l5,1.8493097741156816e-05,0.001919609378091991,0.9980618953704834
458625588_right_subarticular_stenosis_l5_s1,0.1403738111257553,0.5930972099304199,0.2665289640426636
458625588_spinal_canal_stenosis_l1_l2,0.9999070763587952,7.921271753730252e-05,1.3729522834182717e-05
458625588_spinal_canal_stenosis_l2_l3,0.9852349162101746,0.014232059940695763,0.0005330198328010738
458625588_spinal_canal_stenosis_l3_l4,0.0005407363642007113,0.02012614719569683,0.9793331027030945
458625588_spinal_canal_stenosis_l4_l5,0.0005435145576484501,0.008669661357998848,0.9907868504524231
458625588_spinal_canal_stenosis_l5_s1,0.9237520098686218,0.0683172270655632,0.007930714637041092
462494704_left_neural_foraminal_narrowing_l1_l2,0.8989530801773071,0.09566432982683182,0.0053825718350708485
462494704_left_neural_foraminal_narrowing_l2_l3,0.973131000995636,0.026521457359194756,0.00034754478838294744
462494704_left_neural_foraminal_narrowing_l3_l4,0.384369432926178,0.6079353094100952,0.007695259992033243
462494704_left_neural_foraminal_narrowing_l4_l5,0.01272500492632389,0.5901762843132019,0.39709872007369995
462494704_left_neural_foraminal_narrowing_l5_s1,0.0017281342297792435,0.07502085715532303,0.9232510328292847
462494704_left_subarticular_stenosis_l1_l2,0.8500493764877319,0.13612262904644012,0.013828047551214695
462494704_left_subarticular_stenosis_l2_l3,0.8806820511817932,0.1153043657541275,0.004013557452708483
462494704_left_subarticular_stenosis_l3_l4,0.2252315729856491,0.6594499349594116,0.11531848460435867
462494704_left_subarticular_stenosis_l4_l5,0.10246934741735458,0.5467026829719543,0.35082799196243286
462494704_left_subarticular_stenosis_l5_s1,0.31036651134490967,0.4054127335548401,0.28422075510025024
462494704_right_neural_foraminal_narrowing_l1_l2,0.2596913278102875,0.5427320599555969,0.1975765824317932
462494704_right_neural_foraminal_narrowing_l2_l3,0.024962034076452255,0.643756628036499,0.33128130435943604
462494704_right_neural_foraminal_narrowing_l3_l4,0.05134066939353943,0.7947909235954285,0.15386837720870972
462494704_right_neural_foraminal_narrowing_l4_l5,0.6864348649978638,0.297137051820755,0.016428159549832344
462494704_right_neural_foraminal_narrowing_l5_s1,0.004593519493937492,0.11703014373779297,0.8783763647079468
462494704_right_subarticular_stenosis_l1_l2,0.4481675624847412,0.3725385069847107,0.17929397523403168
462494704_right_subarticular_stenosis_l2_l3,0.00579618476331234,0.3285064399242401,0.6656973958015442
462494704_right_subarticular_stenosis_l3_l4,0.11788054555654526,0.6683586239814758,0.21376080811023712
462494704_right_subarticular_stenosis_l4_l5,0.518384575843811,0.44231531023979187,0.0393000952899456
462494704_right_subarticular_stenosis_l5_s1,0.5385034084320068,0.27987557649612427,0.18162095546722412
462494704_spinal_canal_stenosis_l1_l2,0.9994750618934631,0.0003546690568327904,0.0001702396257314831
462494704_spinal_canal_stenosis_l2_l3,0.9984347820281982,0.001435250393114984,0.00013003514322917908
462494704_spinal_canal_stenosis_l3_l4,0.9993798136711121,0.0005420550005510449,7.822536281310022e-05
462494704_spinal_canal_stenosis_l4_l5,0.999886155128479,6.808021134929731e-05,4.574924605549313e-05
462494704_spinal_canal_stenosis_l5_s1,0.9998332262039185,9.019091521622613e-05,7.663357246201485e-05
4646740_left_neural_foraminal_narrowing_l1_l2,0.9994105100631714,0.0005691498517990112,2.0403404050739482e-05
4646740_left_neural_foraminal_narrowing_l2_l3,0.9595603942871094,0.04017975181341171,0.0002598729042802006
4646740_left_neural_foraminal_narrowing_l3_l4,0.9353979229927063,0.06415984779596329,0.0004422359343152493
4646740_left_neural_foraminal_narrowing_l4_l5,0.03179393336176872,0.7346236109733582,0.23358246684074402
4646740_left_neural_foraminal_narrowing_l5_s1,0.00414673425257206,0.2425655871629715,0.753287672996521
4646740_left_subarticular_stenosis_l1_l2,0.9990637302398682,0.0008149700006470084,0.00012135269935242832
4646740_left_subarticular_stenosis_l2_l3,0.8823391199111938,0.11528439074754715,0.002376552438363433
4646740_left_subarticular_stenosis_l3_l4,0.5821308493614197,0.4019421339035034,0.0159270279109478
4646740_left_subarticular_stenosis_l4_l5,0.0006893358076922596,0.12672387063503265,0.8725868463516235
4646740_left_subarticular_stenosis_l5_s1,0.22713178396224976,0.48719820380210876,0.2856699526309967
4646740_right_neural_foraminal_narrowing_l1_l2,0.9983582496643066,0.0016137813217937946,2.801429400278721e-05
4646740_right_neural_foraminal_narrowing_l2_l3,0.7843643426895142,0.21466468274593353,0.0009709727601148188
4646740_right_neural_foraminal_narrowing_l3_l4,0.044918861240148544,0.8412483930587769,0.11383277177810669
4646740_right_neural_foraminal_narrowing_l4_l5,0.005796386860311031,0.4093766212463379,0.5848269462585449
4646740_right_neural_foraminal_narrowing_l5_s1,0.31279927492141724,0.59603351354599,0.09116721898317337
4646740_right_subarticular_stenosis_l1_l2,0.9942195415496826,0.005487136077135801,0.00029332772828638554
4646740_right_subarticular_stenosis_l2_l3,0.2352384477853775,0.7104116678237915,0.054349903017282486
4646740_right_subarticular_stenosis_l3_l4,0.027588751167058945,0.5447732210159302,0.42763805389404297
4646740_right_subarticular_stenosis_l4_l5,0.0015654665185138583,0.1777130514383316,0.8207215070724487
4646740_right_subarticular_stenosis_l5_s1,0.19506102800369263,0.5723303556442261,0.23260866105556488
4646740_spinal_canal_stenosis_l1_l2,0.9999638199806213,2.580175168986898e-05,1.035027344187256e-05
4646740_spinal_canal_stenosis_l2_l3,0.98453688621521,0.014720418490469456,0.0007426511729136109
4646740_spinal_canal_stenosis_l3_l4,0.05278753489255905,0.8363222479820251,0.11089025437831879
4646740_spinal_canal_stenosis_l4_l5,0.0008468624437227845,0.0699472725391388,0.9292058944702148
4646740_spinal_canal_stenosis_l5_s1,0.9978309273719788,0.001548092346638441,0.0006210143328644335
46494080_left_neural_foraminal_narrowing_l1_l2,0.9996349215507507,0.0003523139748722315,1.278988565900363e-05
46494080_left_neural_foraminal_narrowing_l2_l3,0.9996981024742126,0.0002921861596405506,9.832624527916778e-06
46494080_left_neural_foraminal_narrowing_l3_l4,0.9794884920120239,0.020349537953734398,0.00016193707415368408
46494080_left_neural_foraminal_narrowing_l4_l5,0.33966484665870667,0.6427697539329529,0.017565347254276276
46494080_left_neural_foraminal_narrowing_l5_s1,0.0028709203470498323,0.3161934018135071,0.6809356808662415
46494080_left_subarticular_stenosis_l1_l2,0.9992652535438538,0.0006827893666923046,5.193089964450337e-05
46494080_left_subarticular_stenosis_l2_l3,0.9941707849502563,0.005516474135220051,0.0003126777592115104
46494080_left_subarticular_stenosis_l3_l4,0.8225417137145996,0.17148564755916595,0.005972588434815407
46494080_left_subarticular_stenosis_l4_l5,0.16669398546218872,0.6507623791694641,0.18254363536834717
46494080_left_subarticular_stenosis_l5_s1,0.27201566100120544,0.4348360300064087,0.29314836859703064
46494080_right_neural_foraminal_narrowing_l1_l2,0.9997765421867371,0.00021553340775426477,7.830536560504697e-06
46494080_right_neural_foraminal_narrowing_l2_l3,0.9979677200317383,0.002013401361182332,1.8796104995999485e-05
46494080_right_neural_foraminal_narrowing_l3_l4,0.9485563635826111,0.051202330738306046,0.00024127292272169143
46494080_right_neural_foraminal_narrowing_l4_l5,0.7025627493858337,0.29505208134651184,0.0023851662408560514
46494080_right_neural_foraminal_narrowing_l5_s1,0.06142599135637283,0.7659738063812256,0.17260022461414337
46494080_right_subarticular_stenosis_l1_l2,0.999752402305603,0.0002236205618828535,2.3997659809538163e-05
46494080_right_subarticular_stenosis_l2_l3,0.9931097030639648,0.006618817802518606,0.00027147409855388105
46494080_right_subarticular_stenosis_l3_l4,0.4884883165359497,0.4930698573589325,0.018441906198859215
46494080_right_subarticular_stenosis_l4_l5,0.46687614917755127,0.5089746713638306,0.024149123579263687
46494080_right_subarticular_stenosis_l5_s1,0.3026062250137329,0.5481585264205933,0.14923526346683502
46494080_spinal_canal_stenosis_l1_l2,0.9999564290046692,2.6841866201721132e-05,1.6650124962325208e-05
46494080_spinal_canal_stenosis_l2_l3,0.9997182488441467,0.00025955220917239785,2.2193924451130442e-05
46494080_spinal_canal_stenosis_l3_l4,0.9668548703193665,0.03201597183942795,0.001129234442487359
46494080_spinal_canal_stenosis_l4_l5,0.9990866780281067,0.000828301243018359,8.499756222590804e-05
46494080_spinal_canal_stenosis_l5_s1,0.9999209642410278,5.124608287587762e-05,2.7767762730945833e-05
473465726_left_neural_foraminal_narrowing_l1_l2,0.9985231161117554,0.0014375436585396528,3.930291495635174e-05
473465726_left_neural_foraminal_narrowing_l2_l3,0.9306203722953796,0.06895679235458374,0.0004229008627589792
473465726_left_neural_foraminal_narrowing_l3_l4,0.5906758904457092,0.4055006206035614,0.0038235774263739586
473465726_left_neural_foraminal_narrowing_l4_l5,0.22524508833885193,0.6231988668441772,0.15155605971813202
473465726_left_neural_foraminal_narrowing_l5_s1,0.005735925864428282,0.15209797024726868,0.8421661257743835
473465726_left_subarticular_stenosis_l1_l2,0.998973548412323,0.0009650939609855413,6.133655551820993e-05
473465726_left_subarticular_stenosis_l2_l3,0.7871615886688232,0.20980297029018402,0.003035390516743064
473465726_left_subarticular_stenosis_l3_l4,0.35732048749923706,0.6014060974121094,0.04127341881394386
473465726_left_subarticular_stenosis_l4_l5,0.054929960519075394,0.5764099955558777,0.3686600625514984
473465726_left_subarticular_stenosis_l5_s1,0.2885422706604004,0.31220734119415283,0.3992503583431244
473465726_right_neural_foraminal_narrowing_l1_l2,0.9962711930274963,0.0036485702730715275,8.024967974051833e-05
473465726_right_neural_foraminal_narrowing_l2_l3,0.8458185195922852,0.15246327221393585,0.001718166284263134
473465726_right_neural_foraminal_narrowing_l3_l4,0.5397971868515015,0.4554636478424072,0.004739119205623865
473465726_right_neural_foraminal_narrowing_l4_l5,0.22011782228946686,0.7002834677696228,0.07959865033626556
473465726_right_neural_foraminal_narrowing_l5_s1,0.0046411845833063126,0.14747868478298187,0.8478801250457764
473465726_right_subarticular_stenosis_l1_l2,0.993478000164032,0.006244429387152195,0.00027751081506721675
473465726_right_subarticular_stenosis_l2_l3,0.39563828706741333,0.5732603669166565,0.031101422384381294
473465726_right_subarticular_stenosis_l3_l4,0.33828607201576233,0.6013676524162292,0.06034626066684723
473465726_right_subarticular_stenosis_l4_l5,0.2069554477930069,0.6477018594741821,0.14534272253513336
473465726_right_subarticular_stenosis_l5_s1,0.15445826947689056,0.24734190106391907,0.5981998443603516
473465726_spinal_canal_stenosis_l1_l2,0.9999699592590332,2.0533616407192312e-05,9.50908815866569e-06
473465726_spinal_canal_stenosis_l2_l3,0.9998812675476074,9.884387691272423e-05,1.9912236894015223e-05
473465726_spinal_canal_stenosis_l3_l4,0.9996960163116455,0.00024363520788028836,6.033538011251949e-05
473465726_spinal_canal_stenosis_l4_l5,0.9990301728248596,0.000816341838799417,0.00015353152411989868
473465726_spinal_canal_stenosis_l5_s1,0.9997003078460693,0.0002143910387530923,8.524631266482174e-05
476210376_left_neural_foraminal_narrowing_l1_l2,0.9986709356307983,0.0013012879062443972,2.7770009182859212e-05
476210376_left_neural_foraminal_narrowing_l2_l3,0.9306312799453735,0.06894896179437637,0.00041980668902397156
476210376_left_neural_foraminal_narrowing_l3_l4,0.014445963315665722,0.8286136984825134,0.15694037079811096
476210376_left_neural_foraminal_narrowing_l4_l5,0.0031634196639060974,0.5271781086921692,0.4696584641933441
476210376_left_neural_foraminal_narrowing_l5_s1,0.9120668172836304,0.08533018827438354,0.002602990483865142
476210376_left_subarticular_stenosis_l1_l2,0.9989029765129089,0.0009976079454645514,9.94108704617247e-05
476210376_left_subarticular_stenosis_l2_l3,0.6679447293281555,0.3243696689605713,0.007685644086450338
476210376_left_subarticular_stenosis_l3_l4,0.0004002586065325886,0.17111989855766296,0.8284798264503479
476210376_left_subarticular_stenosis_l4_l5,0.0014308332465589046,0.20683684945106506,0.7917323708534241
476210376_left_subarticular_stenosis_l5_s1,0.9505488276481628,0.04778924211859703,0.0016619316302239895
476210376_right_neural_foraminal_narrowing_l1_l2,0.9990350604057312,0.000944748055189848,2.023331580858212e-05
476210376_right_neural_foraminal_narrowing_l2_l3,0.7299442291259766,0.26910915970802307,0.0009465429466217756
476210376_right_neural_foraminal_narrowing_l3_l4,0.24977010488510132,0.7400429248809814,0.010186980478465557
476210376_right_neural_foraminal_narrowing_l4_l5,0.14621087908744812,0.8335084915161133,0.020280661061406136
476210376_right_neural_foraminal_narrowing_l5_s1,0.0056585087440907955,0.4190886318683624,0.5752528309822083
476210376_right_subarticular_stenosis_l1_l2,0.9997718334197998,0.00016931325080804527,5.8867415646091104e-05
476210376_right_subarticular_stenosis_l2_l3,0.898708164691925,0.09927070140838623,0.0020211865194141865
476210376_right_subarticular_stenosis_l3_l4,0.05875834822654724,0.6439152359962463,0.2973264753818512
476210376_right_subarticular_stenosis_l4_l5,0.08383429050445557,0.693294107913971,0.22287167608737946
476210376_right_subarticular_stenosis_l5_s1,0.36453819274902344,0.5238829851150513,0.11157890409231186
476210376_spinal_canal_stenosis_l1_l2,0.9999647736549377,2.4980668968055397e-05,1.0238843060506042e-05
476210376_spinal_canal_stenosis_l2_l3,0.9998619556427002,0.00012155299191363156,1.645284464757424e-05
476210376_spinal_canal_stenosis_l3_l4,0.8892619609832764,0.10663343220949173,0.004104608669877052
476210376_spinal_canal_stenosis_l4_l5,0.9867658615112305,0.011829249560832977,0.0014049335150048137
476210376_spinal_canal_stenosis_l5_s1,0.999954104423523,2.085847154376097e-05,2.4987273718579672e-05
476931212_left_neural_foraminal_narrowing_l1_l2,0.9999213814735413,7.008280954323709e-05,8.543836884200573e-06
476931212_left_neural_foraminal_narrowing_l2_l3,0.9997431635856628,0.000246029143454507,1.0739151548477821e-05
476931212_left_neural_foraminal_narrowing_l3_l4,0.999271035194397,0.0007103139068931341,1.8644746887730435e-05
476931212_left_neural_foraminal_narrowing_l4_l5,0.9917073845863342,0.008129352703690529,0.0001632358762435615
476931212_left_neural_foraminal_narrowing_l5_s1,0.9917508959770203,0.007982629351317883,0.00026655945111997426
476931212_left_subarticular_stenosis_l1_l2,0.9999207258224487,4.52243912150152e-05,3.40340229740832e-05
476931212_left_subarticular_stenosis_l2_l3,0.999400794506073,0.0005479289684444666,5.124794188304804e-05
476931212_left_subarticular_stenosis_l3_l4,0.9965227842330933,0.003289033193141222,0.00018825098231900483
476931212_left_subarticular_stenosis_l4_l5,0.43334031105041504,0.5122182965278625,0.05444147065281868
476931212_left_subarticular_stenosis_l5_s1,0.9265642762184143,0.06910988688468933,0.004325774498283863
476931212_right_neural_foraminal_narrowing_l1_l2,0.9998918771743774,9.814392251428217e-05,9.946234968083445e-06
476931212_right_neural_foraminal_narrowing_l2_l3,0.99969881772995,0.0002891631156671792,1.2012167644570582e-05
476931212_right_neural_foraminal_narrowing_l3_l4,0.9972512722015381,0.0027038578409701586,4.492877269512974e-05
476931212_right_neural_foraminal_narrowing_l4_l5,0.9879652857780457,0.011863947845995426,0.00017074754578061402
476931212_right_neural_foraminal_narrowing_l5_s1,0.985358476638794,0.014184233732521534,0.0004573561600409448
476931212_right_subarticular_stenosis_l1_l2,0.999904215335846,5.460482134367339e-05,4.118274955544621e-05
476931212_right_subarticular_stenosis_l2_l3,0.9991147518157959,0.0008162169833667576,6.90205124556087e-05
476931212_right_subarticular_stenosis_l3_l4,0.977191150188446,0.02213478460907936,0.0006741047836840153
476931212_right_subarticular_stenosis_l4_l5,0.6298710107803345,0.3511885702610016,0.018940381705760956
476931212_right_subarticular_stenosis_l5_s1,0.9355306625366211,0.05973765626549721,0.004731674678623676
476931212_spinal_canal_stenosis_l1_l2,0.9999814033508301,1.0819386261573527e-05,7.786130481690634e-06
476931212_spinal_canal_stenosis_l2_l3,0.999970555305481,1.992062243516557e-05,9.58291730057681e-06
476931212_spinal_canal_stenosis_l3_l4,0.9999461770057678,3.733706762432121e-05,1.6469277397845872e-05
476931212_spinal_canal_stenosis_l4_l5,0.9999058842658997,6.474296242231503e-05,2.9342285415623337e-05
476931212_spinal_canal_stenosis_l5_s1,0.995034396648407,0.0037991490680724382,0.001166435657069087
478913051_left_neural_foraminal_narrowing_l1_l2,0.7976447939872742,0.20077648758888245,0.001578706898726523
478913051_left_neural_foraminal_narrowing_l2_l3,0.7579548954963684,0.2402016669511795,0.0018435181118547916
478913051_left_neural_foraminal_narrowing_l3_l4,0.14465944468975067,0.8243200182914734,0.03102053888142109
478913051_left_neural_foraminal_narrowing_l4_l5,0.0006473530665971339,0.08873040974140167,0.910622239112854
478913051_left_neural_foraminal_narrowing_l5_s1,0.003722171997651458,0.3856896460056305,0.6105881929397583
478913051_left_subarticular_stenosis_l1_l2,0.9052937030792236,0.09050662815570831,0.004199780989438295
478913051_left_subarticular_stenosis_l2_l3,0.0013568851863965392,0.15348391234874725,0.8451591730117798
478913051_left_subarticular_stenosis_l3_l4,0.003907018806785345,0.29618674516677856,0.6999062299728394
478913051_left_subarticular_stenosis_l4_l5,5.145086834090762e-05,0.004413294605910778,0.9955352544784546
478913051_left_subarticular_stenosis_l5_s1,0.00577278109267354,0.2105233520269394,0.7837038636207581
478913051_right_neural_foraminal_narrowing_l1_l2,0.9901211261749268,0.009759538806974888,0.00011929136962862685
478913051_right_neural_foraminal_narrowing_l2_l3,0.27816179394721985,0.7141714096069336,0.007666763849556446
478913051_right_neural_foraminal_narrowing_l3_l4,0.19321328401565552,0.7896968126296997,0.01708993688225746
478913051_right_neural_foraminal_narrowing_l4_l5,0.019533531740307808,0.7005628943443298,0.2799035906791687
478913051_right_neural_foraminal_narrowing_l5_s1,0.0071946075186133385,0.4406464397907257,0.5521589517593384
478913051_right_subarticular_stenosis_l1_l2,0.9935691952705383,0.00597473094239831,0.00045606616185978055
478913051_right_subarticular_stenosis_l2_l3,0.002690163441002369,0.26060906052589417,0.7367007732391357
478913051_right_subarticular_stenosis_l3_l4,0.026902994140982628,0.5471457242965698,0.4259513318538666
478913051_right_subarticular_stenosis_l4_l5,3.502668550936505e-05,0.005529684480279684,0.9944352507591248
478913051_right_subarticular_stenosis_l5_s1,0.0101214200258255,0.27223923802375793,0.7176393270492554
478913051_spinal_canal_stenosis_l1_l2,0.9997159242630005,0.00025242334231734276,3.160113192279823e-05
478913051_spinal_canal_stenosis_l2_l3,0.0005692382692359388,0.042816419154405594,0.9566143751144409
478913051_spinal_canal_stenosis_l3_l4,0.03631012514233589,0.8344688415527344,0.12922099232673645
478913051_spinal_canal_stenosis_l4_l5,0.0005019719246774912,0.007299021817743778,0.9921990633010864
478913051_spinal_canal_stenosis_l5_s1,0.990296483039856,0.0072439126670360565,0.0024597144220024347
480042730_left_neural_foraminal_narrowing_l1_l2,0.9985585808753967,0.001403341069817543,3.798229226958938e-05
480042730_left_neural_foraminal_narrowing_l2_l3,0.5570307374000549,0.4395298361778259,0.003439351450651884
480042730_left_neural_foraminal_narrowing_l3_l4,0.4360874891281128,0.5550493001937866,0.008863227441906929
480042730_left_neural_foraminal_narrowing_l4_l5,0.003402286907657981,0.5068156719207764,0.48978206515312195
480042730_left_neural_foraminal_narrowing_l5_s1,0.0008615865372121334,0.17812536656856537,0.8210130929946899
480042730_left_subarticular_stenosis_l1_l2,0.9949482679367065,0.004525590222328901,0.0005261856131255627
480042730_left_subarticular_stenosis_l2_l3,0.0872669592499733,0.6397548913955688,0.27297818660736084
480042730_left_subarticular_stenosis_l3_l4,0.1024121418595314,0.7036011219024658,0.1939866989850998
480042730_left_subarticular_stenosis_l4_l5,0.04140932857990265,0.5937119126319885,0.36487874388694763
480042730_left_subarticular_stenosis_l5_s1,0.07914760708808899,0.5211313962936401,0.3997209668159485
480042730_right_neural_foraminal_narrowing_l1_l2,0.9101367592811584,0.08306589722633362,0.006797374691814184
480042730_right_neural_foraminal_narrowing_l2_l3,0.3652011454105377,0.5750249624252319,0.05977383255958557
480042730_right_neural_foraminal_narrowing_l3_l4,0.25333285331726074,0.711449921131134,0.03521723300218582
480042730_right_neural_foraminal_narrowing_l4_l5,0.757073700428009,0.2397676408290863,0.003158631967380643
480042730_right_neural_foraminal_narrowing_l5_s1,0.13508188724517822,0.7236297130584717,0.1412884145975113
480042730_right_subarticular_stenosis_l1_l2,0.4190930426120758,0.5203114748001099,0.060595497488975525
480042730_right_subarticular_stenosis_l2_l3,0.047303248196840286,0.5721932053565979,0.3805035650730133
480042730_right_subarticular_stenosis_l3_l4,0.13605636358261108,0.6722816824913025,0.19166195392608643
480042730_right_subarticular_stenosis_l4_l5,0.4245400130748749,0.5498619079589844,0.02559809572994709
480042730_right_subarticular_stenosis_l5_s1,0.41371428966522217,0.5321341156959534,0.05415157601237297
480042730_spinal_canal_stenosis_l1_l2,0.9990755915641785,0.0008000519010238349,0.0001244730083271861
480042730_spinal_canal_stenosis_l2_l3,0.8414464592933655,0.14941497147083282,0.009138551540672779
480042730_spinal_canal_stenosis_l3_l4,0.5003548264503479,0.4861055016517639,0.013539605773985386
480042730_spinal_canal_stenosis_l4_l5,0.9985200762748718,0.0013098182389512658,0.00017016867059282959
480042730_spinal_canal_stenosis_l5_s1,0.9996690154075623,0.00021930248476564884,0.00011163004819536582
480338765_left_neural_foraminal_narrowing_l1_l2,0.9998838901519775,0.00010346648195991293,1.2659552339755464e-05
480338765_left_neural_foraminal_narrowing_l2_l3,0.9997818470001221,0.00020695224520750344,1.120719844038831e-05
480338765_left_neural_foraminal_narrowing_l3_l4,0.9989110827445984,0.0010594576597213745,2.9470515073626302e-05
480338765_left_neural_foraminal_narrowing_l4_l5,0.929805338382721,0.06940668076276779,0.0007880484336055815
480338765_left_neural_foraminal_narrowing_l5_s1,0.609822690486908,0.36836281418800354,0.021814581006765366
480338765_left_subarticular_stenosis_l1_l2,0.9999254941940308,2.8039967219228856e-05,4.649964830605313e-05
480338765_left_subarticular_stenosis_l2_l3,0.9998651742935181,8.786696707829833e-05,4.696451287600212e-05
480338765_left_subarticular_stenosis_l3_l4,0.9996101260185242,0.00031626300187781453,7.359370647463948e-05
480338765_left_subarticular_stenosis_l4_l5,0.12451291084289551,0.6960578560829163,0.17942920327186584
480338765_left_subarticular_stenosis_l5_s1,0.05423340946435928,0.48349642753601074,0.4622701108455658
480338765_right_neural_foraminal_narrowing_l1_l2,0.999885618686676,9.871320071397349e-05,1.569177766214125e-05
480338765_right_neural_foraminal_narrowing_l2_l3,0.9998396635055542,0.0001498134370194748,1.0568687685008626e-05
480338765_right_neural_foraminal_narrowing_l3_l4,0.9992051720619202,0.0007669600890949368,2.784978823910933e-05
480338765_right_neural_foraminal_narrowing_l4_l5,0.9238210916519165,0.0752839520573616,0.0008949334151111543
480338765_right_neural_foraminal_narrowing_l5_s1,0.8188891410827637,0.17453794181346893,0.006572929676622152
480338765_right_subarticular_stenosis_l1_l2,0.9999316334724426,2.358415258640889e-05,4.477235779631883e-05
480338765_right_subarticular_stenosis_l2_l3,0.9999072551727295,4.986032945453189e-05,4.2876534280367196e-05
480338765_right_subarticular_stenosis_l3_l4,0.9998091459274292,0.00013377482537180185,5.7123368605971336e-05
480338765_right_subarticular_stenosis_l4_l5,0.5732646584510803,0.412601113319397,0.014134165830910206
480338765_right_subarticular_stenosis_l5_s1,0.7787096500396729,0.21148958802223206,0.009800749830901623
480338765_spinal_canal_stenosis_l1_l2,0.9999921917915344,2.77601020570728e-06,5.031776254327269e-06
480338765_spinal_canal_stenosis_l2_l3,0.9999919533729553,3.763631184483529e-06,4.333421202318277e-06
480338765_spinal_canal_stenosis_l3_l4,0.9999923706054688,3.7188401620369405e-06,3.9188257687783334e-06
480338765_spinal_canal_stenosis_l4_l5,0.9998517632484436,0.0001227537723025307,2.5500738047412597e-05
480338765_spinal_canal_stenosis_l5_s1,0.9998087882995605,0.0001451872958568856,4.595512291416526e-05
481259017_left_neural_foraminal_narrowing_l1_l2,0.9998680949211121,0.00012048388452967629,1.1473813174234238e-05
481259017_left_neural_foraminal_narrowing_l2_l3,0.9994299411773682,0.0005508140893653035,1.9193606931366958e-05
481259017_left_neural_foraminal_narrowing_l3_l4,0.8301498889923096,0.16797222197055817,0.0018778856610879302
481259017_left_neural_foraminal_narrowing_l4_l5,0.5413267016410828,0.4434436857700348,0.015229607000946999
481259017_left_neural_foraminal_narrowing_l5_s1,0.43911343812942505,0.4796198308467865,0.08126675337553024
481259017_left_subarticular_stenosis_l1_l2,0.9998969435691833,5.078758840681985e-05,5.228703957982361e-05
481259017_left_subarticular_stenosis_l2_l3,0.9997009038925171,0.0002444914716761559,5.4604632168775424e-05
481259017_left_subarticular_stenosis_l3_l4,0.9367136359214783,0.061531148850917816,0.0017551372293382883
481259017_left_subarticular_stenosis_l4_l5,0.8182912468910217,0.1751842200756073,0.0065245190635323524
481259017_left_subarticular_stenosis_l5_s1,0.7699629068374634,0.20884747803211212,0.021189581602811813
481259017_right_neural_foraminal_narrowing_l1_l2,0.999907910823822,8.074797369772568e-05,1.12997877295129e-05
481259017_right_neural_foraminal_narrowing_l2_l3,0.9997090101242065,0.00027874563238583505,1.2254803550604265e-05
481259017_right_neural_foraminal_narrowing_l3_l4,0.9791118502616882,0.02064296044409275,0.00024517340352758765
481259017_right_neural_foraminal_narrowing_l4_l5,0.7354212999343872,0.25474250316619873,0.009836183860898018
481259017_right_neural_foraminal_narrowing_l5_s1,0.0011929236352443695,0.06958836317062378,0.9292186498641968
481259017_right_subarticular_stenosis_l1_l2,0.9998499155044556,5.67558454349637e-05,9.332024637842551e-05
481259017_right_subarticular_stenosis_l2_l3,0.9997447729110718,0.0001993373007280752,5.594097819994204e-05
481259017_right_subarticular_stenosis_l3_l4,0.9852689504623413,0.014278160408139229,0.0004529017605818808
481259017_right_subarticular_stenosis_l4_l5,0.626606822013855,0.34670618176460266,0.02668696455657482
481259017_right_subarticular_stenosis_l5_s1,0.07971862703561783,0.24259288609027863,0.6776885390281677
481259017_spinal_canal_stenosis_l1_l2,0.9999786019325256,1.0234631190542132e-05,1.1090579391748179e-05
481259017_spinal_canal_stenosis_l2_l3,0.999978244304657,1.398685071762884e-05,7.70376300351927e-06
481259017_spinal_canal_stenosis_l3_l4,0.9999268054962158,6.0128058976260945e-05,1.3154101907275617e-05
481259017_spinal_canal_stenosis_l4_l5,0.9998786449432373,8.351445285370573e-05,3.7816764233866706e-05
481259017_spinal_canal_stenosis_l5_s1,0.9998232126235962,0.00011673079279717058,6.001863948768005e-05
481397395_left_neural_foraminal_narrowing_l1_l2,0.9999175071716309,7.374570850515738e-05,8.753770089242607e-06
481397395_left_neural_foraminal_narrowing_l2_l3,0.9998699426651001,0.0001225480664288625,7.487345556000946e-06
481397395_left_neural_foraminal_narrowing_l3_l4,0.9977458715438843,0.0022133816964924335,4.068641646881588e-05
481397395_left_neural_foraminal_narrowing_l4_l5,0.876986026763916,0.12168531119823456,0.001328613143414259
481397395_left_neural_foraminal_narrowing_l5_s1,0.9573310613632202,0.0413692444562912,0.0012996491277590394
481397395_left_subarticular_stenosis_l1_l2,0.9998442530632019,7.534513133578002e-05,8.03919683676213e-05
481397395_left_subarticular_stenosis_l2_l3,0.9994047284126282,0.0004713810922112316,0.0001238715194631368
481397395_left_subarticular_stenosis_l3_l4,0.9852625727653503,0.014062637463212013,0.0006748348823748529
481397395_left_subarticular_stenosis_l4_l5,0.5235698223114014,0.44632941484451294,0.03010084293782711
481397395_left_subarticular_stenosis_l5_s1,0.8116522431373596,0.17047518491744995,0.01787261664867401
481397395_right_neural_foraminal_narrowing_l1_l2,0.9998968243598938,9.423752635484561e-05,8.917771083361004e-06
481397395_right_neural_foraminal_narrowing_l2_l3,0.9997221827507019,0.0002685600775294006,9.233666787622496e-06
481397395_right_neural_foraminal_narrowing_l3_l4,0.9846949577331543,0.015106182545423508,0.00019883883942384273
481397395_right_neural_foraminal_narrowing_l4_l5,0.975005567073822,0.024789826944470406,0.0002044950524577871
481397395_right_neural_foraminal_narrowing_l5_s1,0.8969926238059998,0.10181359201669693,0.0011937671806663275
481397395_right_subarticular_stenosis_l1_l2,0.9998067617416382,0.00010973794996971264,8.352172881131992e-05
481397395_right_subarticular_stenosis_l2_l3,0.9989087581634521,0.0009246975532732904,0.00016657412925269455
481397395_right_subarticular_stenosis_l3_l4,0.8217651844024658,0.1678631603717804,0.010371617041528225
481397395_right_subarticular_stenosis_l4_l5,0.471365749835968,0.4997894763946533,0.028844822198152542
481397395_right_subarticular_stenosis_l5_s1,0.8322482705116272,0.15907947719097137,0.00867218803614378
481397395_spinal_canal_stenosis_l1_l2,0.9999668598175049,1.743880784488283e-05,1.5723682736279443e-05
481397395_spinal_canal_stenosis_l2_l3,0.9999302625656128,5.3045409003971145e-05,1.6720987332519144e-05
481397395_spinal_canal_stenosis_l3_l4,0.9998372197151184,0.0001274533715331927,3.5273958928883076e-05
481397395_spinal_canal_stenosis_l4_l5,0.9994959235191345,0.00040903378976508975,9.51058609643951e-05
481397395_spinal_canal_stenosis_l5_s1,0.9992254972457886,0.0005870486493222415,0.0001873939618235454
482624307_left_neural_foraminal_narrowing_l1_l2,0.9987633228302002,0.001214512623846531,2.215790664195083e-05
482624307_left_neural_foraminal_narrowing_l2_l3,0.8633608222007751,0.1359959989786148,0.0006431466899812222
482624307_left_neural_foraminal_narrowing_l3_l4,0.8140666484832764,0.18501144647598267,0.0009218542836606503
482624307_left_neural_foraminal_narrowing_l4_l5,0.6855753660202026,0.3119537830352783,0.0024707906413823366
482624307_left_neural_foraminal_narrowing_l5_s1,0.6337665915489197,0.34617581963539124,0.020057598128914833
482624307_left_subarticular_stenosis_l1_l2,0.994591474533081,0.005078657064586878,0.0003298477968201041
482624307_left_subarticular_stenosis_l2_l3,0.39712947607040405,0.5791729092597961,0.023697631433606148
482624307_left_subarticular_stenosis_l3_l4,0.8262224793434143,0.170326367020607,0.003451146651059389
482624307_left_subarticular_stenosis_l4_l5,0.5780060887336731,0.40322041511535645,0.0187735166400671
482624307_left_subarticular_stenosis_l5_s1,0.9498742818832397,0.04641825705766678,0.0037075041327625513
482624307_right_neural_foraminal_narrowing_l1_l2,0.9988105893135071,0.0011622235178947449,2.716247399803251e-05
482624307_right_neural_foraminal_narrowing_l2_l3,0.9599891304969788,0.03978145495057106,0.0002295076264999807
482624307_right_neural_foraminal_narrowing_l3_l4,0.8608433604240417,0.1384705752134323,0.0006860640132799745
482624307_right_neural_foraminal_narrowing_l4_l5,0.5413536429405212,0.45309266448020935,0.005553700961172581
482624307_right_neural_foraminal_narrowing_l5_s1,0.001885666511952877,0.21862339973449707,0.7794908881187439
482624307_right_subarticular_stenosis_l1_l2,0.9937598705291748,0.005890223663300276,0.00034992059227079153
482624307_right_subarticular_stenosis_l2_l3,0.7353342175483704,0.259042352437973,0.005623347125947475
482624307_right_subarticular_stenosis_l3_l4,0.40032312273979187,0.5784655809402466,0.021211300045251846
482624307_right_subarticular_stenosis_l4_l5,0.16675026714801788,0.6674478054046631,0.16580191254615784
482624307_right_subarticular_stenosis_l5_s1,0.551173746585846,0.37643104791641235,0.07239518314599991
482624307_spinal_canal_stenosis_l1_l2,0.999789834022522,0.00017504350398667157,3.5205310268793255e-05
482624307_spinal_canal_stenosis_l2_l3,0.9993783831596375,0.000568584306165576,5.304503793013282e-05
482624307_spinal_canal_stenosis_l3_l4,0.999846339225769,0.000133315465063788,2.0353456420707516e-05
482624307_spinal_canal_stenosis_l4_l5,0.9998352527618408,0.00011630192602751777,4.845147122978233e-05
482624307_spinal_canal_stenosis_l5_s1,0.9998994469642639,6.611131539102644e-05,3.448013012530282e-05
489097547_left_neural_foraminal_narrowing_l1_l2,0.9998493790626526,0.00014281652693171054,7.784708941471763e-06
489097547_left_neural_foraminal_narrowing_l2_l3,0.9994586706161499,0.0005287360982038081,1.2579753274621908e-05
489097547_left_neural_foraminal_narrowing_l3_l4,0.8005566596984863,0.19830262660980225,0.0011407716665416956
489097547_left_neural_foraminal_narrowing_l4_l5,0.6987379789352417,0.2960978150367737,0.005164151079952717
489097547_left_neural_foraminal_narrowing_l5_s1,0.9929985404014587,0.006499950774013996,0.0005014844355173409
489097547_left_subarticular_stenosis_l1_l2,0.999759316444397,0.0001721748849377036,6.856521213194355e-05
489097547_left_subarticular_stenosis_l2_l3,0.9996788501739502,0.0002523986913729459,6.881412991788238e-05
489097547_left_subarticular_stenosis_l3_l4,0.5461592674255371,0.4421437680721283,0.011696954257786274
489097547_left_subarticular_stenosis_l4_l5,0.003657966386526823,0.3149471580982208,0.6813948750495911
489097547_left_subarticular_stenosis_l5_s1,0.9979829788208008,0.0015601112972944975,0.0004569421289488673
489097547_right_neural_foraminal_narrowing_l1_l2,0.999847948551178,0.00014234916307032108,9.69986376730958e-06
489097547_right_neural_foraminal_narrowing_l2_l3,0.9996261596679688,0.00036178709706291556,1.2004990821878891e-05
489097547_right_neural_foraminal_narrowing_l3_l4,0.916290819644928,0.08316987007856369,0.0005393333849497139
489097547_right_neural_foraminal_narrowing_l4_l5,0.6739635467529297,0.31827664375305176,0.0077598607167601585
489097547_right_neural_foraminal_narrowing_l5_s1,0.9916173815727234,0.007933658547699451,0.00044900746433995664
489097547_right_subarticular_stenosis_l1_l2,0.9998308420181274,0.00011313163122395054,5.6043591030174866e-05
489097547_right_subarticular_stenosis_l2_l3,0.999809980392456,0.00014004635158926249,4.9921047320822254e-05
489097547_right_subarticular_stenosis_l3_l4,0.6255260109901428,0.36689963936805725,0.0075743417255580425
489097547_right_subarticular_stenosis_l4_l5,0.011185910552740097,0.4188366234302521,0.5699775218963623
489097547_right_subarticular_stenosis_l5_s1,0.9978224635124207,0.0018703802488744259,0.00030719771166332066
489097547_spinal_canal_stenosis_l1_l2,0.9999744296073914,1.615131986909546e-05,9.422234143130481e-06
489097547_spinal_canal_stenosis_l2_l3,0.9999720454216003,2.0564950318657793e-05,7.401577477139654e-06
489097547_spinal_canal_stenosis_l3_l4,0.9999107718467712,7.462389476131648e-05,1.4558751900040079e-05
489097547_spinal_canal_stenosis_l4_l5,0.9789186120033264,0.01980058290064335,0.0012807485181838274
489097547_spinal_canal_stenosis_l5_s1,0.9998604655265808,9.548920934321359e-05,4.4026124669471756e-05
490052995_left_neural_foraminal_narrowing_l1_l2,0.7481657266616821,0.250315397977829,0.0015188331017270684
490052995_left_neural_foraminal_narrowing_l2_l3,0.7694463133811951,0.22943159937858582,0.0011220588348805904
490052995_left_neural_foraminal_narrowing_l3_l4,0.32073482871055603,0.6748207211494446,0.004444417078047991
490052995_left_neural_foraminal_narrowing_l4_l5,0.017524970695376396,0.7311223149299622,0.25135278701782227
490052995_left_neural_foraminal_narrowing_l5_s1,0.8986061811447144,0.09780155122280121,0.0035923768300563097
490052995_left_subarticular_stenosis_l1_l2,0.23544441163539886,0.6854974627494812,0.07905814796686172
490052995_left_subarticular_stenosis_l2_l3,0.3564130365848541,0.6166647672653198,0.02692219614982605
490052995_left_subarticular_stenosis_l3_l4,0.012521300464868546,0.5214512944221497,0.4660274386405945
490052995_left_subarticular_stenosis_l4_l5,0.01467393059283495,0.3252038061618805,0.660122275352478
490052995_left_subarticular_stenosis_l5_s1,0.9701530337333679,0.028434814885258675,0.001412116689607501
490052995_right_neural_foraminal_narrowing_l1_l2,0.8207958340644836,0.1786016821861267,0.0006025157636031508
490052995_right_neural_foraminal_narrowing_l2_l3,0.22187912464141846,0.7698310017585754,0.008289891295135021
490052995_right_neural_foraminal_narrowing_l3_l4,0.048741668462753296,0.8744666576385498,0.0767916589975357
490052995_right_neural_foraminal_narrowing_l4_l5,0.009406345896422863,0.6569280028343201,0.3336656391620636
490052995_right_neural_foraminal_narrowing_l5_s1,0.8910905718803406,0.10685689002275467,0.002052576281130314
490052995_right_subarticular_stenosis_l1_l2,0.40475741028785706,0.5688518285751343,0.026390766724944115
490052995_right_subarticular_stenosis_l2_l3,0.011683794669806957,0.5127880573272705,0.47552815079689026
490052995_right_subarticular_stenosis_l3_l4,0.015069755725562572,0.4739314019680023,0.5109989047050476
490052995_right_subarticular_stenosis_l4_l5,0.00262638833373785,0.24406300485134125,0.7533106207847595
490052995_right_subarticular_stenosis_l5_s1,0.7918346524238586,0.19685368239879608,0.011311598122119904
490052995_spinal_canal_stenosis_l1_l2,0.9810511469841003,0.01797795481979847,0.0009709355072118342
490052995_spinal_canal_stenosis_l2_l3,0.9844957590103149,0.014449924230575562,0.0010542625095695257
490052995_spinal_canal_stenosis_l3_l4,0.9883831739425659,0.010454351082444191,0.0011624807957559824
490052995_spinal_canal_stenosis_l4_l5,0.9997906684875488,0.00015551621618214995,5.3768380894325674e-05
490052995_spinal_canal_stenosis_l5_s1,0.9999535083770752,2.8953361834282987e-05,1.7504897186881863e-05
491250714_left_neural_foraminal_narrowing_l1_l2,0.9999333024024963,6.0151240177219734e-05,6.578886313945986e-06
491250714_left_neural_foraminal_narrowing_l2_l3,0.9998791217803955,0.00011199920118087903,8.884546332410537e-06
491250714_left_neural_foraminal_narrowing_l3_l4,0.9996505379676819,0.00033495831303298473,1.453095319448039e-05
491250714_left_neural_foraminal_narrowing_l4_l5,0.9934320449829102,0.006417378317564726,0.00015059033466968685
491250714_left_neural_foraminal_narrowing_l5_s1,0.9358519911766052,0.0614931620657444,0.0026548118330538273
491250714_left_subarticular_stenosis_l1_l2,0.9999185800552368,4.138805888942443e-05,4.0033213736023754e-05
491250714_left_subarticular_stenosis_l2_l3,0.999923050403595,4.805151911568828e-05,2.892873453674838e-05
491250714_left_subarticular_stenosis_l3_l4,0.9998083114624023,0.00015250493015628308,3.916832429240458e-05
491250714_left_subarticular_stenosis_l4_l5,0.9953625798225403,0.004382032435387373,0.0002554186503402889
491250714_left_subarticular_stenosis_l5_s1,0.9841600060462952,0.014749116264283657,0.0010909393895417452
491250714_right_neural_foraminal_narrowing_l1_l2,0.9999304413795471,6.24801978119649e-05,7.100002676452277e-06
491250714_right_neural_foraminal_narrowing_l2_l3,0.999851405620575,0.0001390011893818155,9.621395292924717e-06
491250714_right_neural_foraminal_narrowing_l3_l4,0.9993827939033508,0.000598446000367403,1.886309291876387e-05
491250714_right_neural_foraminal_narrowing_l4_l5,0.9963150024414062,0.003591549815610051,9.337380470242351e-05
491250714_right_neural_foraminal_narrowing_l5_s1,0.8099877238273621,0.18271613121032715,0.00729611050337553
491250714_right_subarticular_stenosis_l1_l2,0.999923050403595,4.077526682522148e-05,3.617204129113816e-05
491250714_right_subarticular_stenosis_l2_l3,0.9999240636825562,5.1557050028350204e-05,2.439194759062957e-05
491250714_right_subarticular_stenosis_l3_l4,0.9996876120567322,0.0002771795552689582,3.5184006264898926e-05
491250714_right_subarticular_stenosis_l4_l5,0.9953274726867676,0.004398720804601908,0.000273845944320783
491250714_right_subarticular_stenosis_l5_s1,0.9843484163284302,0.014747311361134052,0.0009042486199177802
491250714_spinal_canal_stenosis_l1_l2,0.9999926090240479,3.489332812023349e-06,3.896361704391893e-06
491250714_spinal_canal_stenosis_l2_l3,0.9999932646751404,3.3519229418743635e-06,3.415539140405599e-06
491250714_spinal_canal_stenosis_l3_l4,0.9999939203262329,2.933402811322594e-06,3.1423146538145375e-06
491250714_spinal_canal_stenosis_l4_l5,0.9999897480010986,4.600397460308159e-06,5.714634880860103e-06
491250714_spinal_canal_stenosis_l5_s1,0.9997987747192383,0.00011083508434239775,9.031887748278677e-05
492697281_left_neural_foraminal_narrowing_l1_l2,0.9997366666793823,0.00025350801297463477,9.828786460275296e-06
492697281_left_neural_foraminal_narrowing_l2_l3,0.34965816140174866,0.6363541483879089,0.013987734913825989
492697281_left_neural_foraminal_narrowing_l3_l4,0.09804054349660873,0.8445706963539124,0.0573887936770916
492697281_left_neural_foraminal_narrowing_l4_l5,0.04993337020277977,0.5580228567123413,0.392043799161911
492697281_left_neural_foraminal_narrowing_l5_s1,0.005413137376308441,0.12268911302089691,0.8718976974487305
492697281_left_subarticular_stenosis_l1_l2,0.9997099041938782,0.00019459908071439713,9.549010428600013e-05
492697281_left_subarticular_stenosis_l2_l3,0.0022403839975595474,0.30778104066848755,0.6899785399436951
492697281_left_subarticular_stenosis_l3_l4,0.00013380497694015503,0.07391815632581711,0.9259480237960815
492697281_left_subarticular_stenosis_l4_l5,0.1471821814775467,0.40750083327293396,0.4453169107437134
492697281_left_subarticular_stenosis_l5_s1,0.12863220274448395,0.26941269636154175,0.6019551157951355
492697281_right_neural_foraminal_narrowing_l1_l2,0.9996921420097351,0.00029757304582744837,1.0287836630595848e-05
492697281_right_neural_foraminal_narrowing_l2_l3,0.9161834120750427,0.0833059549331665,0.000510662270244211
492697281_right_neural_foraminal_narrowing_l3_l4,0.029399406164884567,0.7596002817153931,0.2110002487897873
492697281_right_neural_foraminal_narrowing_l4_l5,0.002613997785374522,0.19448299705982208,0.8029030561447144
492697281_right_neural_foraminal_narrowing_l5_s1,0.004053540527820587,0.11571212112903595,0.8802343010902405
492697281_right_subarticular_stenosis_l1_l2,0.9997655749320984,0.00016891937411855906,6.550786201842129e-05
492697281_right_subarticular_stenosis_l2_l3,0.3051251173019409,0.6456907987594604,0.04918412119150162
492697281_right_subarticular_stenosis_l3_l4,8.374052413273603e-05,0.039269279688596725,0.9606469869613647
492697281_right_subarticular_stenosis_l4_l5,0.10018417984247208,0.34189385175704956,0.5579219460487366
492697281_right_subarticular_stenosis_l5_s1,0.1345621943473816,0.31033042073249817,0.5551074147224426
492697281_spinal_canal_stenosis_l1_l2,0.9999771118164062,1.3629545719595626e-05,9.266076631320175e-06
492697281_spinal_canal_stenosis_l2_l3,0.9877651929855347,0.011873839423060417,0.00036101380828768015
492697281_spinal_canal_stenosis_l3_l4,0.9877651929855347,0.011873839423060417,0.00036101380828768015
492697281_spinal_canal_stenosis_l4_l5,0.8977236151695251,0.08230680227279663,0.019969597458839417
492697281_spinal_canal_stenosis_l5_s1,0.9761713147163391,0.018984392285346985,0.00484434375539422
493511651_left_neural_foraminal_narrowing_l1_l2,0.9998785257339478,0.00011468767479527742,6.80486027704319e-06
493511651_left_neural_foraminal_narrowing_l2_l3,0.992713212966919,0.007233398966491222,5.338528353604488e-05
493511651_left_neural_foraminal_narrowing_l3_l4,0.8537151217460632,0.14577853679656982,0.000506298616528511
493511651_left_neural_foraminal_narrowing_l4_l5,0.9877651929855347,0.011873839423060417,0.00036101380828768015
493511651_left_neural_foraminal_narrowing_l5_s1,0.9877651929855347,0.011873839423060417,0.00036101380828768015
493511651_left_subarticular_stenosis_l1_l2,0.999851405620575,0.0001015987218124792,4.700022691395134e-05
493511651_left_subarticular_stenosis_l2_l3,0.936621904373169,0.062388163059949875,0.000990038039162755
493511651_left_subarticular_stenosis_l3_l4,0.8224142789840698,0.17461487650871277,0.0029709190130233765
493511651_left_subarticular_stenosis_l4_l5,0.9877651929855347,0.011873839423060417,0.00036101380828768015
493511651_left_subarticular_stenosis_l5_s1,0.9877651929855347,0.011873839423060417,0.00036101380828768015
493511651_right_neural_foraminal_narrowing_l1_l2,0.9998278617858887,0.00016618704830762,5.982510174362687e-06
493511651_right_neural_foraminal_narrowing_l2_l3,0.8195309638977051,0.18001887202262878,0.00045015665818937123
493511651_right_neural_foraminal_narrowing_l3_l4,0.825664222240448,0.17379151284694672,0.000544271431863308
493511651_right_neural_foraminal_narrowing_l4_l5,0.9877651929855347,0.011873839423060417,0.00036101380828768015
493511651_right_neural_foraminal_narrowing_l5_s1,0.8157477378845215,0.18104076385498047,0.0032115308567881584
493511651_right_subarticular_stenosis_l1_l2,0.9999092221260071,4.868242467637174e-05,4.210983024677262e-05
493511651_right_subarticular_stenosis_l2_l3,0.941413938999176,0.05737360939383507,0.001212532166391611
493511651_right_subarticular_stenosis_l3_l4,0.9440646767616272,0.054918620735406876,0.0010166901629418135
493511651_right_subarticular_stenosis_l4_l5,0.6584559082984924,0.32978835701942444,0.01175579521805048
493511651_right_subarticular_stenosis_l5_s1,0.6230703592300415,0.3596612513065338,0.0172683447599411
493511651_spinal_canal_stenosis_l1_l2,0.9999600648880005,2.5500414267298765e-05,1.4415014447877184e-05
493511651_spinal_canal_stenosis_l2_l3,0.9999204277992249,6.167553510749713e-05,1.790737223927863e-05
493511651_spinal_canal_stenosis_l3_l4,0.9999308586120605,5.3254370868671685e-05,1.5899013305897824e-05
493511651_spinal_canal_stenosis_l4_l5,0.9998500943183899,0.00012144046922912821,2.8501654014689848e-05
493511651_spinal_canal_stenosis_l5_s1,0.9997889995574951,0.00016057013999670744,5.043473356636241e-05
497870715_left_neural_foraminal_narrowing_l1_l2,0.9189637899398804,0.08053895831108093,0.0004973097238689661
497870715_left_neural_foraminal_narrowing_l2_l3,0.4808124005794525,0.5143343210220337,0.004853370599448681
497870715_left_neural_foraminal_narrowing_l3_l4,0.361795574426651,0.6313952207565308,0.006809171289205551
497870715_left_neural_foraminal_narrowing_l4_l5,0.0008338142069987953,0.3317967355251312,0.6673694849014282
497870715_left_neural_foraminal_narrowing_l5_s1,0.0010343985632061958,0.09057451784610748,0.9083911180496216
497870715_left_subarticular_stenosis_l1_l2,0.44318029284477234,0.5198941826820374,0.03692551329731941
497870715_left_subarticular_stenosis_l2_l3,0.04413485899567604,0.624795138835907,0.3310700058937073
497870715_left_subarticular_stenosis_l3_l4,0.06811089813709259,0.6358228325843811,0.2960662841796875
497870715_left_subarticular_stenosis_l4_l5,0.00015042531595099717,0.0636477842926979,0.936201810836792
497870715_left_subarticular_stenosis_l5_s1,0.045567456632852554,0.45133116841316223,0.5031014084815979
497870715_right_neural_foraminal_narrowing_l1_l2,0.6416534781455994,0.3558306097984314,0.002515861764550209
497870715_right_neural_foraminal_narrowing_l2_l3,0.8762218356132507,0.122813880443573,0.0009643471566960216
497870715_right_neural_foraminal_narrowing_l3_l4,0.060517873615026474,0.8623496890068054,0.0771324634552002
497870715_right_neural_foraminal_narrowing_l4_l5,0.0022679141256958246,0.41742199659347534,0.5803101062774658
497870715_right_neural_foraminal_narrowing_l5_s1,0.7861576080322266,0.20941774547100067,0.004424732644110918
497870715_right_subarticular_stenosis_l1_l2,0.3827570974826813,0.5755273699760437,0.04171555116772652
497870715_right_subarticular_stenosis_l2_l3,0.025280356407165527,0.5131092667579651,0.4616103768348694
497870715_right_subarticular_stenosis_l3_l4,0.016003932803869247,0.4694037437438965,0.5145922899246216
497870715_right_subarticular_stenosis_l4_l5,0.0002337363112019375,0.0917886346578598,0.9079776406288147
497870715_right_subarticular_stenosis_l5_s1,0.5443822145462036,0.42947283387184143,0.02614491432905197
497870715_spinal_canal_stenosis_l1_l2,0.1483902782201767,0.8245601654052734,0.02704957127571106
497870715_spinal_canal_stenosis_l2_l3,0.0007095136679708958,0.04808734729886055,0.9512031674385071
497870715_spinal_canal_stenosis_l3_l4,0.02491418831050396,0.7933738827705383,0.18171188235282898
497870715_spinal_canal_stenosis_l4_l5,0.01583084836602211,0.7909340858459473,0.19323503971099854
497870715_spinal_canal_stenosis_l5_s1,0.9998893737792969,7.120264490367845e-05,3.944476702599786e-05
498998339_left_neural_foraminal_narrowing_l1_l2,0.9998676776885986,0.0001197357996716164,1.2553865417430643e-05
498998339_left_neural_foraminal_narrowing_l2_l3,0.9997742176055908,0.00021199899492785335,1.3746859622187912e-05
498998339_left_neural_foraminal_narrowing_l3_l4,0.9844943881034851,0.015328661538660526,0.0001770035596564412
498998339_left_neural_foraminal_narrowing_l4_l5,0.0007095136679708958,0.04808734729886055,0.9512031674385071
498998339_left_neural_foraminal_narrowing_l5_s1,0.728635847568512,0.2600261867046356,0.011337905190885067
498998339_left_subarticular_stenosis_l1_l2,0.9999271035194397,2.9469612854882143e-05,4.344938861322589e-05
498998339_left_subarticular_stenosis_l2_l3,0.9999203085899353,4.3879255827050656e-05,3.5844193917000666e-05
498998339_left_subarticular_stenosis_l3_l4,0.9238778948783875,0.07447834312915802,0.001643836498260498
498998339_left_subarticular_stenosis_l4_l5,0.5025123953819275,0.4768575131893158,0.020630091428756714
498998339_left_subarticular_stenosis_l5_s1,0.8825539946556091,0.11309556663036346,0.004350385162979364
498998339_right_neural_foraminal_narrowing_l1_l2,0.999843180179596,0.00014398603525478393,1.2899703506263904e-05
498998339_right_neural_foraminal_narrowing_l2_l3,0.9993174076080322,0.0006538293673656881,2.8772732548532076e-05
498998339_right_neural_foraminal_narrowing_l3_l4,0.9766488671302795,0.023033663630485535,0.0003174784069415182
498998339_right_neural_foraminal_narrowing_l4_l5,0.854661762714386,0.1424112319946289,0.0029269682709127665
498998339_right_neural_foraminal_narrowing_l5_s1,0.6425606608390808,0.33321860432624817,0.0242207869887352
498998339_right_subarticular_stenosis_l1_l2,0.9999011158943176,4.6766472223680466e-05,5.210650124354288e-05
498998339_right_subarticular_stenosis_l2_l3,0.999876856803894,8.608925418229774e-05,3.707965151988901e-05
498998339_right_subarticular_stenosis_l3_l4,0.9907505512237549,0.009003284387290478,0.0002461725671309978
498998339_right_subarticular_stenosis_l4_l5,0.43781834840774536,0.538041889667511,0.02413973957300186
498998339_right_subarticular_stenosis_l5_s1,0.9118919372558594,0.08352874964475632,0.004579213447868824
498998339_spinal_canal_stenosis_l1_l2,0.9999909400939941,4.739875294035301e-06,4.3249765440123156e-06
498998339_spinal_canal_stenosis_l2_l3,0.9999876618385315,8.39494987303624e-06,3.974741048295982e-06
498998339_spinal_canal_stenosis_l3_l4,0.9999169111251831,6.979631871217862e-05,1.3223583664512262e-05
498998339_spinal_canal_stenosis_l4_l5,0.9998334646224976,0.00014008369180373847,2.6448969947523437e-05
498998339_spinal_canal_stenosis_l5_s1,0.9998107552528381,0.00013028073590248823,5.902620614506304e-05
504362668_left_neural_foraminal_narrowing_l1_l2,0.9785565733909607,0.020998820662498474,0.0004446141829248518
504362668_left_neural_foraminal_narrowing_l2_l3,0.008626008406281471,0.5047515034675598,0.4866224229335785
504362668_left_neural_foraminal_narrowing_l3_l4,0.01467699185013771,0.2765445411205292,0.708778440952301
504362668_left_neural_foraminal_narrowing_l4_l5,0.7304913401603699,0.25588810443878174,0.013620521873235703
504362668_left_neural_foraminal_narrowing_l5_s1,0.0049270931631326675,0.18454140424728394,0.810531497001648
504362668_left_subarticular_stenosis_l1_l2,0.7755688428878784,0.2167057991027832,0.007725320756435394
504362668_left_subarticular_stenosis_l2_l3,0.003319725627079606,0.30485275387763977,0.6918275356292725
504362668_left_subarticular_stenosis_l3_l4,0.050236258655786514,0.4637768268585205,0.4859869182109833
504362668_left_subarticular_stenosis_l4_l5,0.5957819223403931,0.3809789717197418,0.023239092901349068
504362668_left_subarticular_stenosis_l5_s1,0.6879943609237671,0.22559557855129242,0.08641000837087631
504362668_right_neural_foraminal_narrowing_l1_l2,0.9713498950004578,0.028450805693864822,0.00019928104302380234
504362668_right_neural_foraminal_narrowing_l2_l3,0.28181663155555725,0.7112439274787903,0.006939452141523361
504362668_right_neural_foraminal_narrowing_l3_l4,0.21854712069034576,0.7481840252876282,0.03326883912086487
504362668_right_neural_foraminal_narrowing_l4_l5,0.0006959776510484517,0.041512809693813324,0.9577912092208862
504362668_right_neural_foraminal_narrowing_l5_s1,0.0005131372017785907,0.023012906312942505,0.9764739871025085
504362668_right_subarticular_stenosis_l1_l2,0.9901853799819946,0.009444775991141796,0.0003698454238474369
504362668_right_subarticular_stenosis_l2_l3,0.011654779314994812,0.49821314215660095,0.49013206362724304
504362668_right_subarticular_stenosis_l3_l4,0.046276018023490906,0.572676420211792,0.3810476064682007
504362668_right_subarticular_stenosis_l4_l5,0.0023123736027628183,0.10008133947849274,0.8976063132286072
504362668_right_subarticular_stenosis_l5_s1,0.026756979525089264,0.08799216151237488,0.8852508664131165
504362668_spinal_canal_stenosis_l1_l2,0.9999681115150452,2.3191410946310498e-05,8.758467629377265e-06
504362668_spinal_canal_stenosis_l2_l3,0.006036119535565376,0.5538512468338013,0.4401126205921173
504362668_spinal_canal_stenosis_l3_l4,0.2938899099826813,0.5966414213180542,0.10946860909461975
504362668_spinal_canal_stenosis_l4_l5,0.971661388874054,0.016709696501493454,0.011628865264356136
504362668_spinal_canal_stenosis_l5_s1,0.9962301850318909,0.0012264382094144821,0.002543339040130377
508689205_left_neural_foraminal_narrowing_l1_l2,0.9988872408866882,0.0010933501180261374,1.9388418877497315e-05
508689205_left_neural_foraminal_narrowing_l2_l3,0.9993879795074463,0.000600205035880208,1.1750629710149951e-05
508689205_left_neural_foraminal_narrowing_l3_l4,0.9756302833557129,0.024244513362646103,0.00012530577077995986
508689205_left_neural_foraminal_narrowing_l4_l5,0.34188103675842285,0.6521161794662476,0.006002809852361679
508689205_left_neural_foraminal_narrowing_l5_s1,0.9777987599372864,0.02163088694214821,0.0005703947972506285
508689205_left_subarticular_stenosis_l1_l2,0.9493794441223145,0.047436997294425964,0.003183529479429126
508689205_left_subarticular_stenosis_l2_l3,0.9989081025123596,0.0009671060252003372,0.0001247616164619103
508689205_left_subarticular_stenosis_l3_l4,0.966071367263794,0.0333043672144413,0.0006243156967684627
508689205_left_subarticular_stenosis_l4_l5,0.4093692898750305,0.5574901103973389,0.03314061835408211
508689205_left_subarticular_stenosis_l5_s1,0.9875888228416443,0.011765222065150738,0.0006459626602008939
508689205_right_neural_foraminal_narrowing_l1_l2,0.9961450695991516,0.0037921874318271875,6.274199404288083e-05
508689205_right_neural_foraminal_narrowing_l2_l3,0.9993007183074951,0.0006847693002782762,1.4570723578799516e-05
508689205_right_neural_foraminal_narrowing_l3_l4,0.9788622260093689,0.02099463902413845,0.0001431480050086975
508689205_right_neural_foraminal_narrowing_l4_l5,0.7285182476043701,0.2700607478618622,0.0014210222288966179
508689205_right_neural_foraminal_narrowing_l5_s1,0.9736513495445251,0.02563054859638214,0.0007180996472015977
508689205_right_subarticular_stenosis_l1_l2,0.6297427415847778,0.35021957755088806,0.02003774791955948
508689205_right_subarticular_stenosis_l2_l3,0.9950018525123596,0.004699083045125008,0.00029900361550971866
508689205_right_subarticular_stenosis_l3_l4,0.9772197604179382,0.022250181064009666,0.0005301094497554004
508689205_right_subarticular_stenosis_l4_l5,0.6521438360214233,0.3393745422363281,0.008481522090733051
508689205_right_subarticular_stenosis_l5_s1,0.9936892986297607,0.005864048842340708,0.0004466518003027886
508689205_spinal_canal_stenosis_l1_l2,0.1725718230009079,0.7938805222511292,0.03354765474796295
508689205_spinal_canal_stenosis_l2_l3,0.9983425736427307,0.0015304869739338756,0.00012700806837528944
508689205_spinal_canal_stenosis_l3_l4,0.9998417496681213,0.00013757868146058172,2.0668519937316887e-05
508689205_spinal_canal_stenosis_l4_l5,0.9997342228889465,0.00023276502906810492,3.296571594546549e-05
508689205_spinal_canal_stenosis_l5_s1,0.9997659921646118,0.00016493260045535862,6.899861909914762e-05
511308298_left_neural_foraminal_narrowing_l1_l2,0.9994980692863464,0.00048690749099478126,1.5025221728137694e-05
511308298_left_neural_foraminal_narrowing_l2_l3,0.9364713430404663,0.06327512115240097,0.0002536653191782534
511308298_left_neural_foraminal_narrowing_l3_l4,0.7620224952697754,0.2366342395544052,0.0013431919505819678
511308298_left_neural_foraminal_narrowing_l4_l5,0.8937690258026123,0.10530415922403336,0.0009267210261896253
511308298_left_neural_foraminal_narrowing_l5_s1,0.9898442029953003,0.009787834249436855,0.0003680054796859622
511308298_left_subarticular_stenosis_l1_l2,0.9989217519760132,0.0009800955886021256,9.826627501752228e-05
511308298_left_subarticular_stenosis_l2_l3,0.8906424641609192,0.10778070986270905,0.001576822716742754
511308298_left_subarticular_stenosis_l3_l4,0.3645569384098053,0.6068865060806274,0.028556566685438156
511308298_left_subarticular_stenosis_l4_l5,0.910406231880188,0.08695099502801895,0.0026428247801959515
511308298_left_subarticular_stenosis_l5_s1,0.9948018789291382,0.004880433436483145,0.0003176725294906646
511308298_right_neural_foraminal_narrowing_l1_l2,0.999725878238678,0.0002647085057105869,9.456617590331007e-06
511308298_right_neural_foraminal_narrowing_l2_l3,0.6679700016975403,0.3310902714729309,0.0009397657704539597
511308298_right_neural_foraminal_narrowing_l3_l4,0.35188350081443787,0.6422140598297119,0.005902400705963373
511308298_right_neural_foraminal_narrowing_l4_l5,0.983199417591095,0.0165194533765316,0.0002810555452015251
511308298_right_neural_foraminal_narrowing_l5_s1,0.9818552732467651,0.017612313851714134,0.0005323158111423254
511308298_right_subarticular_stenosis_l1_l2,0.9997521638870239,0.00019523658556863666,5.2633662562584504e-05
511308298_right_subarticular_stenosis_l2_l3,0.8251875042915344,0.17209388315677643,0.0027185946237295866
511308298_right_subarticular_stenosis_l3_l4,0.6055747866630554,0.3826562762260437,0.011768896132707596
511308298_right_subarticular_stenosis_l4_l5,0.8840160965919495,0.11292322725057602,0.003060683375224471
511308298_right_subarticular_stenosis_l5_s1,0.9887648224830627,0.010711186565458775,0.0005239822785370052
511308298_spinal_canal_stenosis_l1_l2,0.9999692440032959,2.1872061552130617e-05,8.863604307407513e-06
511308298_spinal_canal_stenosis_l2_l3,0.9999114871025085,7.622149132657796e-05,1.2271622836124152e-05
511308298_spinal_canal_stenosis_l3_l4,0.9944525957107544,0.0051590800285339355,0.0003884327597916126
511308298_spinal_canal_stenosis_l4_l5,0.9999310970306396,5.435488492366858e-05,1.4559366718458477e-05
511308298_spinal_canal_stenosis_l5_s1,0.9999597668647766,2.4192837372538634e-05,1.5979743693605997e-05
511857239_left_neural_foraminal_narrowing_l1_l2,0.8197769522666931,0.1782073825597763,0.0020156444516032934
511857239_left_neural_foraminal_narrowing_l2_l3,0.5180056095123291,0.47705820202827454,0.004936239682137966
511857239_left_neural_foraminal_narrowing_l3_l4,0.5383253693580627,0.4553019404411316,0.006372710689902306
511857239_left_neural_foraminal_narrowing_l4_l5,0.6876516938209534,0.30320504307746887,0.009143242612481117
511857239_left_neural_foraminal_narrowing_l5_s1,0.8635572791099548,0.1294087916612625,0.007033898029476404
511857239_left_subarticular_stenosis_l1_l2,0.5462197661399841,0.4295462369918823,0.024233996868133545
511857239_left_subarticular_stenosis_l2_l3,0.218033567070961,0.6861937046051025,0.09577275812625885
511857239_left_subarticular_stenosis_l3_l4,0.09477483481168747,0.6931717991828918,0.2120533287525177
511857239_left_subarticular_stenosis_l4_l5,0.00013157330977264792,0.041608043015003204,0.9582604169845581
511857239_left_subarticular_stenosis_l5_s1,0.2801927626132965,0.6014710664749146,0.11833618581295013
511857239_right_neural_foraminal_narrowing_l1_l2,0.00577430659905076,0.3704424202442169,0.6237832903862
511857239_right_neural_foraminal_narrowing_l2_l3,0.5732888579368591,0.4168643355369568,0.009846831671893597
511857239_right_neural_foraminal_narrowing_l3_l4,0.8041396141052246,0.19389672577381134,0.001963724847882986
511857239_right_neural_foraminal_narrowing_l4_l5,0.895229160785675,0.10298177599906921,0.001789152272976935
511857239_right_neural_foraminal_narrowing_l5_s1,0.9126882553100586,0.08427994698286057,0.003031768836081028
511857239_right_subarticular_stenosis_l1_l2,0.08885879069566727,0.5580503344535828,0.35309097170829773
511857239_right_subarticular_stenosis_l2_l3,0.2941491901874542,0.6412796378135681,0.06457122415304184
511857239_right_subarticular_stenosis_l3_l4,0.4895615577697754,0.4909747540950775,0.019463667646050453
511857239_right_subarticular_stenosis_l4_l5,0.0010529902065172791,0.165474072098732,0.8334729671478271
511857239_right_subarticular_stenosis_l5_s1,0.4841012954711914,0.47106775641441345,0.04483095556497574
511857239_spinal_canal_stenosis_l1_l2,0.9953560829162598,0.004257760010659695,0.00038613821379840374
511857239_spinal_canal_stenosis_l2_l3,0.9987267255783081,0.0012037064880132675,6.958311860216781e-05
511857239_spinal_canal_stenosis_l3_l4,0.9988999962806702,0.0009775259532034397,0.00012252823216840625
511857239_spinal_canal_stenosis_l4_l5,0.0005893717752769589,0.07868186384439468,0.9207287430763245
511857239_spinal_canal_stenosis_l5_s1,0.9987425804138184,0.0010830004466697574,0.0001744004403008148
512574384_left_neural_foraminal_narrowing_l1_l2,0.9985823631286621,0.0012852520449087024,0.00013237330131232738
512574384_left_neural_foraminal_narrowing_l2_l3,0.9714082479476929,0.028075825423002243,0.0005159694119356573
512574384_left_neural_foraminal_narrowing_l3_l4,0.5457630157470703,0.43955886363983154,0.014678162522614002
512574384_left_neural_foraminal_narrowing_l4_l5,0.5841594338417053,0.40076184272766113,0.015078768134117126
512574384_left_neural_foraminal_narrowing_l5_s1,0.879280149936676,0.1148175597190857,0.005902256350964308
512574384_left_subarticular_stenosis_l1_l2,0.9997631311416626,0.00015417340910062194,8.273247658507898e-05
512574384_left_subarticular_stenosis_l2_l3,0.9612983465194702,0.03769736737012863,0.0010043041547760367
512574384_left_subarticular_stenosis_l3_l4,0.25985899567604065,0.6570711135864258,0.08306979387998581
512574384_left_subarticular_stenosis_l4_l5,0.09266343712806702,0.6539086103439331,0.25342798233032227
512574384_left_subarticular_stenosis_l5_s1,0.9742732644081116,0.024201642721891403,0.0015250626020133495
512574384_right_neural_foraminal_narrowing_l1_l2,0.9993941187858582,0.0005554510862566531,5.0420894694980234e-05
512574384_right_neural_foraminal_narrowing_l2_l3,0.9951664209365845,0.004749468993395567,8.415291813435033e-05
512574384_right_neural_foraminal_narrowing_l3_l4,0.3355954885482788,0.6416704058647156,0.022734129801392555
512574384_right_neural_foraminal_narrowing_l4_l5,0.5799581408500671,0.40668797492980957,0.013353909365832806
512574384_right_neural_foraminal_narrowing_l5_s1,0.88210129737854,0.1118965893983841,0.006002065725624561
512574384_right_subarticular_stenosis_l1_l2,0.9998714327812195,6.246987322811037e-05,6.611128628719598e-05
512574384_right_subarticular_stenosis_l2_l3,0.999786913394928,0.00016716381651349366,4.5914697693660855e-05
512574384_right_subarticular_stenosis_l3_l4,0.02087298594415188,0.525654137134552,0.45347288250923157
512574384_right_subarticular_stenosis_l4_l5,0.002782574389129877,0.2630382180213928,0.7341791987419128
512574384_right_subarticular_stenosis_l5_s1,0.9597411155700684,0.03790202736854553,0.0023568461183458567
512574384_spinal_canal_stenosis_l1_l2,0.9999880194664001,5.963619969406864e-06,6.020435193931917e-06
512574384_spinal_canal_stenosis_l2_l3,0.9999775290489197,1.5620757039869204e-05,6.9062361944816075e-06
512574384_spinal_canal_stenosis_l3_l4,0.9370875954627991,0.0602148100733757,0.002697542542591691
512574384_spinal_canal_stenosis_l4_l5,0.9927061200141907,0.006747914012521505,0.0005459680105559528
512574384_spinal_canal_stenosis_l5_s1,0.9997403621673584,0.0001909607817651704,6.866868352517486e-05
513538670_left_neural_foraminal_narrowing_l1_l2,0.9999048709869385,8.800011710263789e-05,7.151496447477257e-06
513538670_left_neural_foraminal_narrowing_l2_l3,0.9997286200523376,0.0002641713072080165,7.191790245997254e-06
513538670_left_neural_foraminal_narrowing_l3_l4,0.9622762799263,0.03752858191728592,0.00019519412308000028
513538670_left_neural_foraminal_narrowing_l4_l5,0.9013280272483826,0.09814603626728058,0.0005259714089334011
513538670_left_neural_foraminal_narrowing_l5_s1,0.8211870789527893,0.1756192296743393,0.0031937125604599714
513538670_left_subarticular_stenosis_l1_l2,0.9998588562011719,8.487240847898647e-05,5.624180630547926e-05
513538670_left_subarticular_stenosis_l2_l3,0.9996790289878845,0.00026930071180686355,5.1670194807229564e-05
513538670_left_subarticular_stenosis_l3_l4,0.9807233810424805,0.018865158781409264,0.00041146721923723817
513538670_left_subarticular_stenosis_l4_l5,0.9039084315299988,0.09427043795585632,0.001821159035898745
513538670_left_subarticular_stenosis_l5_s1,0.0764538124203682,0.6125303506851196,0.31101587414741516
513538670_right_neural_foraminal_narrowing_l1_l2,0.9998238682746887,0.0001654390071053058,1.0749317880254239e-05
513538670_right_neural_foraminal_narrowing_l2_l3,0.9986786246299744,0.0012997998856008053,2.1505184122361243e-05
513538670_right_neural_foraminal_narrowing_l3_l4,0.9896954298019409,0.010229598730802536,7.50448161852546e-05
513538670_right_neural_foraminal_narrowing_l4_l5,0.8300938606262207,0.16918525099754333,0.0007208569440990686
513538670_right_neural_foraminal_narrowing_l5_s1,0.8624789118766785,0.13611802458763123,0.0014030648162588477
513538670_right_subarticular_stenosis_l1_l2,0.9997954368591309,0.0001343083567917347,7.029356493148953e-05
513538670_right_subarticular_stenosis_l2_l3,0.9968652129173279,0.002991284476593137,0.00014351461140904576
513538670_right_subarticular_stenosis_l3_l4,0.9700950384140015,0.02926339954137802,0.0006414965027943254
513538670_right_subarticular_stenosis_l4_l5,0.6366360783576965,0.35447418689727783,0.008889817632734776
513538670_right_subarticular_stenosis_l5_s1,0.5769346952438354,0.40265601873397827,0.020409226417541504
513538670_spinal_canal_stenosis_l1_l2,0.9999799132347107,1.260751741938293e-05,7.411500064335996e-06
513538670_spinal_canal_stenosis_l2_l3,0.9999734163284302,1.920267277455423e-05,7.411295428028097e-06
513538670_spinal_canal_stenosis_l3_l4,0.9999722242355347,1.911973231472075e-05,8.700812941242475e-06
513538670_spinal_canal_stenosis_l4_l5,0.9999518394470215,3.211072544218041e-05,1.6063053408288397e-05
513538670_spinal_canal_stenosis_l5_s1,0.999907374382019,6.864850001875311e-05,2.401023084530607e-05
520900899_left_neural_foraminal_narrowing_l1_l2,0.9981390237808228,0.0018158494494855404,4.521251321421005e-05
520900899_left_neural_foraminal_narrowing_l2_l3,0.6377415657043457,0.35969021916389465,0.0025682367850095034
520900899_left_neural_foraminal_narrowing_l3_l4,0.41114234924316406,0.5800375938415527,0.008820042945444584
520900899_left_neural_foraminal_narrowing_l4_l5,0.456529438495636,0.5326830744743347,0.010787471197545528
520900899_left_neural_foraminal_narrowing_l5_s1,0.019633593037724495,0.49755677580833435,0.4828096330165863
520900899_left_subarticular_stenosis_l1_l2,0.995818018913269,0.003641383023932576,0.0005406520795077085
520900899_left_subarticular_stenosis_l2_l3,0.22969424724578857,0.7018541097640991,0.0684516429901123
520900899_left_subarticular_stenosis_l3_l4,0.028309723362326622,0.5768722295761108,0.3948180079460144
520900899_left_subarticular_stenosis_l4_l5,0.06095527485013008,0.6652644276618958,0.2737802565097809
520900899_left_subarticular_stenosis_l5_s1,0.5565398931503296,0.37846753001213074,0.06499258428812027
520900899_right_neural_foraminal_narrowing_l1_l2,0.9984611868858337,0.0014961773995310068,4.2708175897132605e-05
520900899_right_neural_foraminal_narrowing_l2_l3,0.7369639873504639,0.2606804668903351,0.0023555259685963392
520900899_right_neural_foraminal_narrowing_l3_l4,0.8763641715049744,0.12288130819797516,0.0007545427652075887
520900899_right_neural_foraminal_narrowing_l4_l5,0.4219855070114136,0.5724477171897888,0.0055667944252491
520900899_right_neural_foraminal_narrowing_l5_s1,0.8247552514076233,0.16690568625926971,0.008338999934494495
520900899_right_subarticular_stenosis_l1_l2,0.9967446327209473,0.002828349359333515,0.00042700953781604767
520900899_right_subarticular_stenosis_l2_l3,0.4520282745361328,0.5135541558265686,0.03441751003265381
520900899_right_subarticular_stenosis_l3_l4,0.32466378808021545,0.6313688158988953,0.04396743327379227
520900899_right_subarticular_stenosis_l4_l5,0.03847413510084152,0.6040323376655579,0.35749351978302
520900899_right_subarticular_stenosis_l5_s1,0.2718955874443054,0.5553007125854492,0.17280371487140656
520900899_spinal_canal_stenosis_l1_l2,0.9997327923774719,0.0002341252111364156,3.298879164503887e-05
520900899_spinal_canal_stenosis_l2_l3,0.4874766170978546,0.5028839707374573,0.00963941216468811
520900899_spinal_canal_stenosis_l3_l4,0.16830255091190338,0.789092481136322,0.04260497912764549
520900899_spinal_canal_stenosis_l4_l5,0.09194938093423843,0.8508954644203186,0.057155169546604156
520900899_spinal_canal_stenosis_l5_s1,0.9996598362922668,0.0002327480324311182,0.00010733790986705571
523411282_left_neural_foraminal_narrowing_l1_l2,0.9983890652656555,0.0015928411157801747,1.812130540201906e-05
523411282_left_neural_foraminal_narrowing_l2_l3,0.9667238593101501,0.03311735391616821,0.00015877206169534475
523411282_left_neural_foraminal_narrowing_l3_l4,0.3082617223262787,0.6872954368591309,0.004442880861461163
523411282_left_neural_foraminal_narrowing_l4_l5,0.10858850181102753,0.8398985862731934,0.05151289328932762
523411282_left_neural_foraminal_narrowing_l5_s1,0.0030881816055625677,0.37758877873420715,0.6193230152130127
523411282_left_subarticular_stenosis_l1_l2,0.9986945986747742,0.001211080001667142,9.429350029677153e-05
523411282_left_subarticular_stenosis_l2_l3,0.8791661858558655,0.11914470791816711,0.0016891226405277848
523411282_left_subarticular_stenosis_l3_l4,0.020641552284359932,0.616122841835022,0.36323559284210205
523411282_left_subarticular_stenosis_l4_l5,3.720859604072757e-05,0.00690585607662797,0.9930568933486938
523411282_left_subarticular_stenosis_l5_s1,0.0004578219086397439,0.08888208121061325,0.9106600880622864
523411282_right_neural_foraminal_narrowing_l1_l2,0.9993208050727844,0.0006679811049252748,1.1234774319746066e-05
523411282_right_neural_foraminal_narrowing_l2_l3,0.9208143353462219,0.07891243696212769,0.000273264100542292
523411282_right_neural_foraminal_narrowing_l3_l4,0.4546751081943512,0.5423755645751953,0.002949333982542157
523411282_right_neural_foraminal_narrowing_l4_l5,0.1277679204940796,0.826339066028595,0.045893002301454544
523411282_right_neural_foraminal_narrowing_l5_s1,0.056897372007369995,0.8155616521835327,0.1275409460067749
523411282_right_subarticular_stenosis_l1_l2,0.9993622303009033,0.0005610837833955884,7.663224096177146e-05
523411282_right_subarticular_stenosis_l2_l3,0.7659665942192078,0.22990402579307556,0.004129400011152029
523411282_right_subarticular_stenosis_l3_l4,0.005870830733329058,0.4277041554450989,0.5664249658584595
523411282_right_subarticular_stenosis_l4_l5,3.237427517888136e-05,0.005547546315938234,0.9944201111793518
523411282_right_subarticular_stenosis_l5_s1,0.0002187039062846452,0.04145225137472153,0.9583290219306946
523411282_spinal_canal_stenosis_l1_l2,0.9999486804008484,3.862180165015161e-05,1.272558256459888e-05
523411282_spinal_canal_stenosis_l2_l3,0.9998407363891602,0.0001389431708958,2.0209132344461977e-05
523411282_spinal_canal_stenosis_l3_l4,0.19806036353111267,0.763205349445343,0.03873428702354431
523411282_spinal_canal_stenosis_l4_l5,0.0007021859637461603,0.00884336419403553,0.9904544353485107
523411282_spinal_canal_stenosis_l5_s1,0.2671661078929901,0.6682111620903015,0.06462278962135315
52397721_left_neural_foraminal_narrowing_l1_l2,0.9995490908622742,0.00043244182597845793,1.8479793652659282e-05
52397721_left_neural_foraminal_narrowing_l2_l3,0.9709243178367615,0.028720390051603317,0.00035528058651834726
52397721_left_neural_foraminal_narrowing_l3_l4,0.7632797360420227,0.23364117741584778,0.003079187124967575
52397721_left_neural_foraminal_narrowing_l4_l5,0.21774518489837646,0.6962916851043701,0.08596310764551163
52397721_left_neural_foraminal_narrowing_l5_s1,0.6386582255363464,0.31255248188972473,0.04878925159573555
52397721_left_subarticular_stenosis_l1_l2,0.9996511936187744,0.0002614909899421036,8.729983528610319e-05
52397721_left_subarticular_stenosis_l2_l3,0.08477271348237991,0.6870530247688293,0.22817420959472656
52397721_left_subarticular_stenosis_l3_l4,0.24644063413143158,0.6732327938079834,0.0803266391158104
52397721_left_subarticular_stenosis_l4_l5,0.014976450242102146,0.350358784198761,0.6346647143363953
52397721_left_subarticular_stenosis_l5_s1,0.882523775100708,0.10974209755659103,0.0077341352589428425
52397721_right_neural_foraminal_narrowing_l1_l2,0.9996072053909302,0.00036349857691675425,2.9275784982019104e-05
52397721_right_neural_foraminal_narrowing_l2_l3,0.9901256561279297,0.009637581184506416,0.00023669075744692236
52397721_right_neural_foraminal_narrowing_l3_l4,0.7664104104042053,0.23066659271717072,0.00292297569103539
52397721_right_neural_foraminal_narrowing_l4_l5,0.3871908187866211,0.5925388932228088,0.02027023211121559
52397721_right_neural_foraminal_narrowing_l5_s1,0.8915565609931946,0.10191243886947632,0.006530954036861658
52397721_right_subarticular_stenosis_l1_l2,0.9994210004806519,0.00044842128409072757,0.00013053456495981663
52397721_right_subarticular_stenosis_l2_l3,0.20296233892440796,0.6689198613166809,0.12811776995658875
52397721_right_subarticular_stenosis_l3_l4,0.030733685940504074,0.5180574655532837,0.45120877027511597
52397721_right_subarticular_stenosis_l4_l5,0.0702049508690834,0.5064700841903687,0.4233250021934509
52397721_right_subarticular_stenosis_l5_s1,0.9535589218139648,0.043350618332624435,0.003090477315708995
52397721_spinal_canal_stenosis_l1_l2,0.9991848468780518,0.0007298943237401545,8.528790931450203e-05
52397721_spinal_canal_stenosis_l2_l3,0.00400640768930316,0.4223715364933014,0.5736220479011536
52397721_spinal_canal_stenosis_l3_l4,0.03506217524409294,0.8442029356956482,0.12073489278554916
52397721_spinal_canal_stenosis_l4_l5,0.0479782409965992,0.8629716634750366,0.0890500396490097
52397721_spinal_canal_stenosis_l5_s1,0.9998043179512024,0.0001379738241666928,5.77096980123315e-05
524715563_left_neural_foraminal_narrowing_l1_l2,0.9998098015785217,0.00017336464952677488,1.6860296454979107e-05
524715563_left_neural_foraminal_narrowing_l2_l3,0.9983270168304443,0.001643303781747818,2.9707702196901664e-05
524715563_left_neural_foraminal_narrowing_l3_l4,0.4043883681297302,0.5860487818717957,0.009562790393829346
524715563_left_neural_foraminal_narrowing_l4_l5,0.22947177290916443,0.7349173426628113,0.03561094030737877
524715563_left_neural_foraminal_narrowing_l5_s1,0.04414365440607071,0.6480005383491516,0.3078558146953583
524715563_left_subarticular_stenosis_l1_l2,0.9998732209205627,7.20088355592452e-05,5.477348167914897e-05
524715563_left_subarticular_stenosis_l2_l3,0.9988031983375549,0.0010788701474666595,0.00011805552639998496
524715563_left_subarticular_stenosis_l3_l4,0.18889263272285461,0.6685793399810791,0.14252802729606628
524715563_left_subarticular_stenosis_l4_l5,0.002591530093923211,0.2744862735271454,0.722922146320343
524715563_left_subarticular_stenosis_l5_s1,0.051531776785850525,0.538230836391449,0.4102373719215393
524715563_right_neural_foraminal_narrowing_l1_l2,0.9995148777961731,0.00045547698391601443,2.965333806059789e-05
524715563_right_neural_foraminal_narrowing_l2_l3,0.9968480467796326,0.003109844634309411,4.215829540044069e-05
524715563_right_neural_foraminal_narrowing_l3_l4,0.5168027877807617,0.4768174886703491,0.006379743106663227
524715563_right_neural_foraminal_narrowing_l4_l5,0.178034707903862,0.7766777276992798,0.045287542045116425
524715563_right_neural_foraminal_narrowing_l5_s1,0.14707481861114502,0.7420225739479065,0.11090260744094849
524715563_right_subarticular_stenosis_l1_l2,0.9998425841331482,0.00010192655463470146,5.5482600146206096e-05
524715563_right_subarticular_stenosis_l2_l3,0.9984796643257141,0.0013953845482319593,0.00012490338122006506
524715563_right_subarticular_stenosis_l3_l4,0.4853270649909973,0.48540744185447693,0.029265493154525757
524715563_right_subarticular_stenosis_l4_l5,0.003135078586637974,0.2915610373020172,0.7053038477897644
524715563_right_subarticular_stenosis_l5_s1,0.3319094777107239,0.5641230940818787,0.10396745055913925
524715563_spinal_canal_stenosis_l1_l2,0.999984860420227,8.384770808333997e-06,6.755234608135652e-06
524715563_spinal_canal_stenosis_l2_l3,0.9999752044677734,1.7700593161862344e-05,7.043981440801872e-06
524715563_spinal_canal_stenosis_l3_l4,0.9997884631156921,0.0001870250271167606,2.460968062223401e-05
524715563_spinal_canal_stenosis_l4_l5,0.999649167060852,0.0003061821043957025,4.466117388801649e-05
524715563_spinal_canal_stenosis_l5_s1,0.999473512172699,0.00043930590618401766,8.719273319002241e-05
525034566_left_neural_foraminal_narrowing_l1_l2,0.97702556848526,0.022645611315965652,0.00032877796911634505
525034566_left_neural_foraminal_narrowing_l2_l3,0.9916027188301086,0.008309264667332172,8.804945537121966e-05
525034566_left_neural_foraminal_narrowing_l3_l4,0.19218382239341736,0.7962841391563416,0.011532063595950603
525034566_left_neural_foraminal_narrowing_l4_l5,0.1421975940465927,0.8214924931526184,0.03630989044904709
525034566_left_neural_foraminal_narrowing_l5_s1,0.14923715591430664,0.6977848410606384,0.1529780775308609
525034566_left_subarticular_stenosis_l1_l2,0.2624407112598419,0.5710523724555969,0.16650693118572235
525034566_left_subarticular_stenosis_l2_l3,0.9113144874572754,0.0871531069278717,0.0015324760461226106
525034566_left_subarticular_stenosis_l3_l4,0.32413917779922485,0.6318175196647644,0.04404328390955925
525034566_left_subarticular_stenosis_l4_l5,0.26702481508255005,0.6530535817146301,0.07992157340049744
525034566_left_subarticular_stenosis_l5_s1,0.11597931385040283,0.5233626961708069,0.36065801978111267
525034566_right_neural_foraminal_narrowing_l1_l2,0.9341127276420593,0.0649643987417221,0.0009229082497768104
525034566_right_neural_foraminal_narrowing_l2_l3,0.9973651766777039,0.0025856895372271538,4.920261199004017e-05
525034566_right_neural_foraminal_narrowing_l3_l4,0.7898325324058533,0.20902931690216064,0.0011381329968571663
525034566_right_neural_foraminal_narrowing_l4_l5,0.589348554611206,0.404468297958374,0.0061831544153392315
525034566_right_neural_foraminal_narrowing_l5_s1,0.06500225514173508,0.716286838054657,0.21871091425418854
525034566_right_subarticular_stenosis_l1_l2,0.07127630710601807,0.49143320322036743,0.4372904896736145
525034566_right_subarticular_stenosis_l2_l3,0.9813303351402283,0.01825517974793911,0.00041456293547526
525034566_right_subarticular_stenosis_l3_l4,0.7179691791534424,0.27755820751190186,0.004472639877349138
525034566_right_subarticular_stenosis_l4_l5,0.14040426909923553,0.702591598033905,0.15700411796569824
525034566_right_subarticular_stenosis_l5_s1,0.04060972109436989,0.4413265883922577,0.5180636644363403
525034566_spinal_canal_stenosis_l1_l2,0.999649167060852,0.0003061821043957025,4.466117388801649e-05
525034566_spinal_canal_stenosis_l2_l3,0.999649167060852,0.0003061821043957025,4.466117388801649e-05
525034566_spinal_canal_stenosis_l3_l4,0.9998481869697571,0.00013219132961239666,1.9635735952761024e-05
525034566_spinal_canal_stenosis_l4_l5,0.9997765421867371,0.0001879707124317065,3.546289372025058e-05
525034566_spinal_canal_stenosis_l5_s1,0.999876856803894,8.323135261889547e-05,3.990204641013406e-05
526295265_left_neural_foraminal_narrowing_l1_l2,0.9998857378959656,0.00010600591485854238,8.293533937830944e-06
526295265_left_neural_foraminal_narrowing_l2_l3,0.9996908903121948,0.0002999705611728132,9.127345037995838e-06
526295265_left_neural_foraminal_narrowing_l3_l4,0.7002881169319153,0.29883310198783875,0.0008787581464275718
526295265_left_neural_foraminal_narrowing_l4_l5,0.6067031025886536,0.3901931345462799,0.0031037740409374237
526295265_left_neural_foraminal_narrowing_l5_s1,0.8430247902870178,0.15443019568920135,0.0025450242683291435
526295265_left_subarticular_stenosis_l1_l2,0.9998733401298523,8.353269367944449e-05,4.3144889787072316e-05
526295265_left_subarticular_stenosis_l2_l3,0.9997991323471069,0.00016002371557988226,4.0778573747957125e-05
526295265_left_subarticular_stenosis_l3_l4,0.8850815892219543,0.11330608278512955,0.0016122676897794008
526295265_left_subarticular_stenosis_l4_l5,0.9470481276512146,0.051798123866319656,0.0011537314858287573
526295265_left_subarticular_stenosis_l5_s1,0.9003407955169678,0.09645054489374161,0.0032086591236293316
526295265_right_neural_foraminal_narrowing_l1_l2,0.999893307685852,9.941775351762772e-05,7.294553597603226e-06
526295265_right_neural_foraminal_narrowing_l2_l3,0.9997878670692444,0.0002053277421509847,6.808452326367842e-06
526295265_right_neural_foraminal_narrowing_l3_l4,0.997088611125946,0.0028855320997536182,2.5804622055147775e-05
526295265_right_neural_foraminal_narrowing_l4_l5,0.8755242228507996,0.12364108115434647,0.0008346181130036712
526295265_right_neural_foraminal_narrowing_l5_s1,0.6094589233398438,0.38462692499160767,0.005914117209613323
526295265_right_subarticular_stenosis_l1_l2,0.999903678894043,6.221746298251674e-05,3.408420889172703e-05
526295265_right_subarticular_stenosis_l2_l3,0.9998456835746765,0.00012412284559104592,3.0231487471610308e-05
526295265_right_subarticular_stenosis_l3_l4,0.9974380135536194,0.0024656003806740046,9.636059985496104e-05
526295265_right_subarticular_stenosis_l4_l5,0.9410459399223328,0.05769159272313118,0.0012624141527339816
526295265_right_subarticular_stenosis_l5_s1,0.7152595520019531,0.2727380394935608,0.012002460658550262
526295265_spinal_canal_stenosis_l1_l2,0.999971866607666,1.6958389096544124e-05,1.1123055628559086e-05
526295265_spinal_canal_stenosis_l2_l3,0.9999752044677734,1.5786916264914908e-05,9.016169315145817e-06
526295265_spinal_canal_stenosis_l3_l4,0.999964714050293,2.8278138415771537e-05,7.078996532072779e-06
526295265_spinal_canal_stenosis_l4_l5,0.024972541257739067,0.7295508980751038,0.2454765886068344
526295265_spinal_canal_stenosis_l5_s1,0.9999720454216003,1.8477789126336575e-05,9.366695849166717e-06
52695609_left_neural_foraminal_narrowing_l1_l2,0.9384585618972778,0.06094103679060936,0.0006004458991810679
52695609_left_neural_foraminal_narrowing_l2_l3,0.024972541257739067,0.7295508980751038,0.2454765886068344
52695609_left_neural_foraminal_narrowing_l3_l4,0.08343201130628586,0.8702157139778137,0.04635220766067505
52695609_left_neural_foraminal_narrowing_l4_l5,0.3110865652561188,0.674186646938324,0.014726782217621803
52695609_left_neural_foraminal_narrowing_l5_s1,0.16812820732593536,0.643460750579834,0.18841102719306946
52695609_left_subarticular_stenosis_l1_l2,0.8869560956954956,0.10930030047893524,0.0037435677368193865
52695609_left_subarticular_stenosis_l2_l3,0.006228943355381489,0.32712265849113464,0.6666483879089355
52695609_left_subarticular_stenosis_l3_l4,0.0018129663076251745,0.24789226055145264,0.7502948045730591
52695609_left_subarticular_stenosis_l4_l5,0.14772717654705048,0.6993186473846436,0.15295416116714478
52695609_left_subarticular_stenosis_l5_s1,0.7862277626991272,0.1893049031496048,0.02446739561855793
52695609_right_neural_foraminal_narrowing_l1_l2,0.2783062756061554,0.6379808187484741,0.08371289819478989
52695609_right_neural_foraminal_narrowing_l2_l3,0.10067912936210632,0.8069688677787781,0.09235204756259918
52695609_right_neural_foraminal_narrowing_l3_l4,0.5422351360321045,0.45335251092910767,0.00441233953461051
52695609_right_neural_foraminal_narrowing_l4_l5,0.5769854187965393,0.4165136516094208,0.006500902120023966
52695609_right_neural_foraminal_narrowing_l5_s1,0.7603437304496765,0.22261102497577667,0.017045263200998306
52695609_right_subarticular_stenosis_l1_l2,0.28512659668922424,0.5918701887130737,0.1230032667517662
52695609_right_subarticular_stenosis_l2_l3,0.0639469251036644,0.5966541171073914,0.33939895033836365
52695609_right_subarticular_stenosis_l3_l4,0.1814117431640625,0.7198323607444763,0.098755843937397
52695609_right_subarticular_stenosis_l4_l5,0.33743858337402344,0.6107967495918274,0.051764726638793945
52695609_right_subarticular_stenosis_l5_s1,0.8813461065292358,0.10654809325933456,0.012105812318623066
52695609_spinal_canal_stenosis_l1_l2,0.8698053956031799,0.12374705076217651,0.0064475880935788155
52695609_spinal_canal_stenosis_l2_l3,0.9352162480354309,0.06378524750471115,0.0009985637152567506
52695609_spinal_canal_stenosis_l3_l4,0.9352162480354309,0.06378524750471115,0.0009985637152567506
52695609_spinal_canal_stenosis_l4_l5,0.9994577169418335,0.0004403555067256093,0.00010187870066147298
52695609_spinal_canal_stenosis_l5_s1,0.999904453754425,4.773271575686522e-05,4.7795463615329936e-05
527598501_left_neural_foraminal_narrowing_l1_l2,0.9998946189880371,9.609600238036364e-05,9.312124348070938e-06
527598501_left_neural_foraminal_narrowing_l2_l3,0.9997856020927429,0.00020550037152133882,8.954490112955682e-06
527598501_left_neural_foraminal_narrowing_l3_l4,0.9979076385498047,0.0020562580320984125,3.610059502534568e-05
527598501_left_neural_foraminal_narrowing_l4_l5,0.9911274313926697,0.008655955083668232,0.00021663185907527804
527598501_left_neural_foraminal_narrowing_l5_s1,0.9799352884292603,0.018201056867837906,0.0018636500462889671
527598501_left_subarticular_stenosis_l1_l2,0.9998935461044312,6.43320381641388e-05,4.215568696963601e-05
527598501_left_subarticular_stenosis_l2_l3,0.9996528029441833,0.00029298773733899,5.4181251471163705e-05
527598501_left_subarticular_stenosis_l3_l4,0.9982970952987671,0.0015756490174680948,0.00012718921061605215
527598501_left_subarticular_stenosis_l4_l5,0.9609532356262207,0.03749731183052063,0.0015493944520130754
527598501_left_subarticular_stenosis_l5_s1,0.9686911702156067,0.027257246896624565,0.004051665775477886
527598501_right_neural_foraminal_narrowing_l1_l2,0.9998799562454224,0.00010968330025207251,1.0376996215200052e-05
527598501_right_neural_foraminal_narrowing_l2_l3,0.9997838139533997,0.00020437415514606982,1.1759260814869776e-05
527598501_right_neural_foraminal_narrowing_l3_l4,0.9987223148345947,0.00124022935051471,3.7418441934278235e-05
527598501_right_neural_foraminal_narrowing_l4_l5,0.9925968050956726,0.00720180943608284,0.00020140287233516574
527598501_right_neural_foraminal_narrowing_l5_s1,0.9885517358779907,0.010333294980227947,0.0011150462087243795
527598501_right_subarticular_stenosis_l1_l2,0.9998655915260315,8.218239963753149e-05,5.222774052526802e-05
527598501_right_subarticular_stenosis_l2_l3,0.9996452331542969,0.00029372324934229255,6.107881927164271e-05
527598501_right_subarticular_stenosis_l3_l4,0.9991596341133118,0.000745828147046268,9.451465302845463e-05
527598501_right_subarticular_stenosis_l4_l5,0.987247109413147,0.012081235647201538,0.0006716364878229797
527598501_right_subarticular_stenosis_l5_s1,0.9643459916114807,0.029699260368943214,0.005954704713076353
527598501_spinal_canal_stenosis_l1_l2,0.9999837875366211,9.753500307851937e-06,6.44109923086944e-06
527598501_spinal_canal_stenosis_l2_l3,0.9999837279319763,1.0323800779588055e-05,5.960823727946263e-06
527598501_spinal_canal_stenosis_l3_l4,0.9999842047691345,1.0459907571203075e-05,5.4189972615859006e-06
527598501_spinal_canal_stenosis_l4_l5,0.9999721050262451,1.7738822862156667e-05,1.0085063877340872e-05
527598501_spinal_canal_stenosis_l5_s1,0.9998772740364075,5.987130862195045e-05,6.276000931393355e-05
527878108_left_neural_foraminal_narrowing_l1_l2,0.9999399185180664,5.184332258068025e-05,8.221254574891645e-06
527878108_left_neural_foraminal_narrowing_l2_l3,0.9999088644981384,8.427113789366558e-05,6.8639442361018155e-06
527878108_left_neural_foraminal_narrowing_l3_l4,0.99944669008255,0.000540287175681442,1.2984017303097062e-05
527878108_left_neural_foraminal_narrowing_l4_l5,0.5454462170600891,0.4515096843242645,0.0030440890695899725
527878108_left_neural_foraminal_narrowing_l5_s1,0.9721663594245911,0.02743171714246273,0.0004018117906525731
527878108_left_subarticular_stenosis_l1_l2,0.9998683333396912,4.770125087816268e-05,8.400299702771008e-05
527878108_left_subarticular_stenosis_l2_l3,0.9998131990432739,0.00011625441402429715,7.058319170027971e-05
527878108_left_subarticular_stenosis_l3_l4,0.9986162185668945,0.0012070487719029188,0.00017674703849479556
527878108_left_subarticular_stenosis_l4_l5,0.16765235364437103,0.7224003076553345,0.10994736105203629
527878108_left_subarticular_stenosis_l5_s1,0.8689523339271545,0.125382199883461,0.005665461998432875
527878108_right_neural_foraminal_narrowing_l1_l2,0.9999058246612549,8.508554310537875e-05,9.120412869378924e-06
527878108_right_neural_foraminal_narrowing_l2_l3,0.9998535513877869,0.00013920714263804257,7.222487511171494e-06
527878108_right_neural_foraminal_narrowing_l3_l4,0.999633252620697,0.00035720900632441044,9.554981261317153e-06
527878108_right_neural_foraminal_narrowing_l4_l5,0.8848937749862671,0.11446216702461243,0.000644035404548049
527878108_right_neural_foraminal_narrowing_l5_s1,0.25451934337615967,0.7247937917709351,0.020686842501163483
527878108_right_subarticular_stenosis_l1_l2,0.9998946189880371,4.697607801062986e-05,5.8441382861929014e-05
527878108_right_subarticular_stenosis_l2_l3,0.9998597502708435,9.936040441971272e-05,4.089956564712338e-05
527878108_right_subarticular_stenosis_l3_l4,0.9991599917411804,0.000725813617464155,0.0001141844259109348
527878108_right_subarticular_stenosis_l4_l5,0.23107129335403442,0.693379819393158,0.07554884254932404
527878108_right_subarticular_stenosis_l5_s1,0.529962956905365,0.4381909966468811,0.031846076250076294
527878108_spinal_canal_stenosis_l1_l2,0.9999673366546631,1.8669725250219926e-05,1.3968573512102012e-05
527878108_spinal_canal_stenosis_l2_l3,0.999956488609314,2.880120518966578e-05,1.4749150068382733e-05
527878108_spinal_canal_stenosis_l3_l4,0.999940812587738,3.958938759751618e-05,1.9511315258569084e-05
527878108_spinal_canal_stenosis_l4_l5,0.9857820868492126,0.013280510902404785,0.0009373645298182964
527878108_spinal_canal_stenosis_l5_s1,0.9997138381004333,0.0001781342289177701,0.00010803571785800159
532070032_left_neural_foraminal_narrowing_l1_l2,0.9945300221443176,0.005278169643133879,0.00019184719712939113
532070032_left_neural_foraminal_narrowing_l2_l3,0.9743613004684448,0.02526669390499592,0.0003719522210303694
532070032_left_neural_foraminal_narrowing_l3_l4,0.95103919506073,0.04850071668624878,0.0004600879328791052
532070032_left_neural_foraminal_narrowing_l4_l5,0.42952683568000793,0.5540740489959717,0.016399120911955833
532070032_left_neural_foraminal_narrowing_l5_s1,0.8349535465240479,0.13554099202156067,0.02950545959174633
532070032_left_subarticular_stenosis_l1_l2,0.5865558981895447,0.39248186349868774,0.02096232771873474
532070032_left_subarticular_stenosis_l2_l3,0.49111562967300415,0.48025643825531006,0.028627905994653702
532070032_left_subarticular_stenosis_l3_l4,0.7777725458145142,0.21588003635406494,0.006347409915179014
532070032_left_subarticular_stenosis_l4_l5,0.19862626492977142,0.6386116147041321,0.16276215016841888
532070032_left_subarticular_stenosis_l5_s1,0.8137662410736084,0.15465207397937775,0.03158169984817505
532070032_right_neural_foraminal_narrowing_l1_l2,0.9180110692977905,0.08092142641544342,0.001067490316927433
532070032_right_neural_foraminal_narrowing_l2_l3,0.970573902130127,0.028951453045010567,0.0004747264028992504
532070032_right_neural_foraminal_narrowing_l3_l4,0.9825915694236755,0.017153114080429077,0.00025531757273711264
532070032_right_neural_foraminal_narrowing_l4_l5,0.6414170861244202,0.347328245639801,0.011254667304456234
532070032_right_neural_foraminal_narrowing_l5_s1,0.7996415495872498,0.17298270761966705,0.02737569622695446
532070032_right_subarticular_stenosis_l1_l2,0.15987640619277954,0.6434162855148315,0.19670730829238892
532070032_right_subarticular_stenosis_l2_l3,0.14239415526390076,0.6778417825698853,0.179764062166214
532070032_right_subarticular_stenosis_l3_l4,0.8308379054069519,0.16448065638542175,0.0046814908273518085
532070032_right_subarticular_stenosis_l4_l5,0.3657722473144531,0.5692386031150818,0.06498917937278748
532070032_right_subarticular_stenosis_l5_s1,0.6794738173484802,0.2586616575717926,0.06186453998088837
532070032_spinal_canal_stenosis_l1_l2,0.41854584217071533,0.5526321530342102,0.02882191725075245
532070032_spinal_canal_stenosis_l2_l3,0.010471301153302193,0.5794600248336792,0.41006866097450256
532070032_spinal_canal_stenosis_l3_l4,0.7611299753189087,0.22976785898208618,0.009102238342165947
532070032_spinal_canal_stenosis_l4_l5,0.699084460735321,0.2631276845932007,0.03778783977031708
532070032_spinal_canal_stenosis_l5_s1,0.9987620711326599,0.0006945690256543458,0.0005433174083009362
532925408_left_neural_foraminal_narrowing_l1_l2,0.9997296929359436,0.00026049837470054626,9.742150723468512e-06
532925408_left_neural_foraminal_narrowing_l2_l3,0.9113135933876038,0.08814961463212967,0.0005368538550101221
532925408_left_neural_foraminal_narrowing_l3_l4,0.03540258854627609,0.8492396473884583,0.11535773426294327
532925408_left_neural_foraminal_narrowing_l4_l5,0.7852688431739807,0.21250802278518677,0.0022231077309697866
532925408_left_neural_foraminal_narrowing_l5_s1,0.7579576969146729,0.23655585944652557,0.0054865325801074505
532925408_left_subarticular_stenosis_l1_l2,0.9997847080230713,0.00017685367492958903,3.8396490708692e-05
532925408_left_subarticular_stenosis_l2_l3,0.7482605576515198,0.24559588730335236,0.006143555510789156
532925408_left_subarticular_stenosis_l3_l4,0.0014454859774559736,0.22030046582221985,0.7782540321350098
532925408_left_subarticular_stenosis_l4_l5,0.14628836512565613,0.6849080920219421,0.16880354285240173
532925408_left_subarticular_stenosis_l5_s1,0.7632204294204712,0.22349005937576294,0.01328950747847557
532925408_right_neural_foraminal_narrowing_l1_l2,0.9987003803253174,0.0012810402549803257,1.863063152995892e-05
532925408_right_neural_foraminal_narrowing_l2_l3,0.9047583937644958,0.09488138556480408,0.00036015742807649076
532925408_right_neural_foraminal_narrowing_l3_l4,0.6633912920951843,0.33444952964782715,0.0021591931581497192
532925408_right_neural_foraminal_narrowing_l4_l5,0.03147212788462639,0.8230122327804565,0.14551568031311035
532925408_right_neural_foraminal_narrowing_l5_s1,0.7060460448265076,0.2836659252643585,0.0102879973128438
532925408_right_subarticular_stenosis_l1_l2,0.999845564365387,0.00013004618813283741,2.446536745992489e-05
532925408_right_subarticular_stenosis_l2_l3,0.799675464630127,0.1966060847043991,0.00371844251640141
532925408_right_subarticular_stenosis_l3_l4,0.9352162480354309,0.06378524750471115,0.0009985637152567506
532925408_right_subarticular_stenosis_l4_l5,0.9352162480354309,0.06378524750471115,0.0009985637152567506
532925408_right_subarticular_stenosis_l5_s1,0.881317675113678,0.11307694762945175,0.0056054433807730675
532925408_spinal_canal_stenosis_l1_l2,0.9998188614845276,0.00010320719593437389,7.791148527758196e-05
532925408_spinal_canal_stenosis_l2_l3,0.9995368719100952,0.00041348289232701063,4.95959902764298e-05
532925408_spinal_canal_stenosis_l3_l4,0.9352162480354309,0.06378524750471115,0.0009985637152567506
532925408_spinal_canal_stenosis_l4_l5,0.9932270050048828,0.006132056936621666,0.0006410354399122298
532925408_spinal_canal_stenosis_l5_s1,0.9998531937599182,0.0001036959292832762,4.315740443416871e-05
53418228_left_neural_foraminal_narrowing_l1_l2,0.9997358918190002,0.0002508161123842001,1.3312164810486138e-05
53418228_left_neural_foraminal_narrowing_l2_l3,0.9996362924575806,0.00035208967165090144,1.1589735549932811e-05
53418228_left_neural_foraminal_narrowing_l3_l4,0.9529517889022827,0.046772025525569916,0.00027616473380476236
53418228_left_neural_foraminal_narrowing_l4_l5,0.9352162480354309,0.06378524750471115,0.0009985637152567506
53418228_left_neural_foraminal_narrowing_l5_s1,0.9352162480354309,0.06378524750471115,0.0009985637152567506
53418228_left_subarticular_stenosis_l1_l2,0.9997365474700928,0.00017722332268022,8.624210022389889e-05
53418228_left_subarticular_stenosis_l2_l3,0.99970543384552,0.0002253500570077449,6.925283378222957e-05
53418228_left_subarticular_stenosis_l3_l4,0.8905009031295776,0.10661277920007706,0.002886309288442135
53418228_left_subarticular_stenosis_l4_l5,0.9352162480354309,0.06378524750471115,0.0009985637152567506
53418228_left_subarticular_stenosis_l5_s1,0.7617825865745544,0.218912735581398,0.019304761663079262
53418228_right_neural_foraminal_narrowing_l1_l2,0.9997096061706543,0.0002713420835789293,1.9066266759182326e-05
53418228_right_neural_foraminal_narrowing_l2_l3,0.9972137212753296,0.0027255306486040354,6.078468868508935e-05
53418228_right_neural_foraminal_narrowing_l3_l4,0.9915176033973694,0.008351164869964123,0.00013121329538989812
53418228_right_neural_foraminal_narrowing_l4_l5,0.5035706162452698,0.4902283251285553,0.006201113108545542
53418228_right_neural_foraminal_narrowing_l5_s1,0.01621638797223568,0.5147099494934082,0.469073623418808
53418228_right_subarticular_stenosis_l1_l2,0.9998283982276917,9.741139365360141e-05,7.418458699248731e-05
53418228_right_subarticular_stenosis_l2_l3,0.9948287606239319,0.0048903608694672585,0.0002807950659189373
53418228_right_subarticular_stenosis_l3_l4,0.9890342950820923,0.010465354658663273,0.0005003866972401738
53418228_right_subarticular_stenosis_l4_l5,0.6177268028259277,0.3693207800388336,0.012952456250786781
53418228_right_subarticular_stenosis_l5_s1,0.6480557322502136,0.3176199793815613,0.03432433679699898
53418228_spinal_canal_stenosis_l1_l2,0.9998981952667236,7.207741873571649e-05,2.9730341339018196e-05
53418228_spinal_canal_stenosis_l2_l3,0.9998695850372314,0.00010519865463720635,2.5149345674435608e-05
53418228_spinal_canal_stenosis_l3_l4,0.9997857809066772,0.0001713965175440535,4.279815766494721e-05
53418228_spinal_canal_stenosis_l4_l5,0.9996406435966492,0.00030331272864714265,5.603336830972694e-05
53418228_spinal_canal_stenosis_l5_s1,0.9997755885124207,0.00016125438560266048,6.316896178759634e-05
536769497_left_neural_foraminal_narrowing_l1_l2,0.9998140931129456,0.00017503666458651423,1.0855244909180328e-05
536769497_left_neural_foraminal_narrowing_l2_l3,0.9990354180335999,0.0009466911433264613,1.7911059330799617e-05
536769497_left_neural_foraminal_narrowing_l3_l4,0.7475292086601257,0.25153571367263794,0.0009351234184578061
536769497_left_neural_foraminal_narrowing_l4_l5,0.6153856515884399,0.38116517663002014,0.003449168521910906
536769497_left_neural_foraminal_narrowing_l5_s1,0.04101692885160446,0.7565715909004211,0.20241153240203857
536769497_left_subarticular_stenosis_l1_l2,0.9997042417526245,0.0002214558480773121,7.431228732457384e-05
536769497_left_subarticular_stenosis_l2_l3,0.9983737468719482,0.0015248737763613462,0.00010137554636457935
536769497_left_subarticular_stenosis_l3_l4,0.6111777424812317,0.3791789412498474,0.009643377736210823
536769497_left_subarticular_stenosis_l4_l5,0.1564657986164093,0.7252456545829773,0.1182885617017746
536769497_left_subarticular_stenosis_l5_s1,0.15542688965797424,0.6703259944915771,0.174247145652771
536769497_right_neural_foraminal_narrowing_l1_l2,0.9998329877853394,0.00015613954747095704,1.0900174856942613e-05
536769497_right_neural_foraminal_narrowing_l2_l3,0.999398410320282,0.0005879675154574215,1.3628399756271392e-05
536769497_right_neural_foraminal_narrowing_l3_l4,0.9641085863113403,0.03563975170254707,0.00025174510665237904
536769497_right_neural_foraminal_narrowing_l4_l5,0.8444322347640991,0.15397310256958008,0.001594660570845008
536769497_right_neural_foraminal_narrowing_l5_s1,0.0017933323979377747,0.22982454299926758,0.7683821320533752
536769497_right_subarticular_stenosis_l1_l2,0.9996922612190247,0.00022627436555922031,8.146312029566616e-05
536769497_right_subarticular_stenosis_l2_l3,0.9992387890815735,0.000695104303304106,6.610869604628533e-05
536769497_right_subarticular_stenosis_l3_l4,0.7622057199478149,0.2332853525876999,0.004508917219936848
536769497_right_subarticular_stenosis_l4_l5,0.3823412358760834,0.5888912677764893,0.02876756340265274
536769497_right_subarticular_stenosis_l5_s1,0.06103185936808586,0.5132468342781067,0.42572131752967834
536769497_spinal_canal_stenosis_l1_l2,0.9998623132705688,0.00010193974594585598,3.5705033951671794e-05
536769497_spinal_canal_stenosis_l2_l3,0.99993497133255,4.6990833652671427e-05,1.7980921256821603e-05
536769497_spinal_canal_stenosis_l3_l4,0.9997262954711914,0.00023786863312125206,3.573246067389846e-05
536769497_spinal_canal_stenosis_l4_l5,0.9963484406471252,0.0032593526411801577,0.0003922081377822906
536769497_spinal_canal_stenosis_l5_s1,0.9982077479362488,0.0015400545671582222,0.000252227095188573